_id,duration,number,time,type,uid,timestamp
5fa93e857ce95e580bef5f82,341,55c42c7bcaea31d851ba4568e6e9d187e426bb2a,2017-06-23 15:33:19,1,user1,1498246399
5fa93e857ce95e580bef5f83,37,55c42c7bcaea31d851ba4568e6e9d187e426bb2a,2017-06-24 09:57:29,1,user1,1498312649
5fa93e857ce95e580bef5f84,0,55c42c7bcaea31d851ba4568e6e9d187e426bb2a,2017-06-24 15:29:09,2,user1,1498332549
5fa93e857ce95e580bef5f85,70,55c42c7bcaea31d851ba4568e6e9d187e426bb2a,2017-06-24 15:29:55,1,user1,1498332595
5fa93e857ce95e580bef5f86,322,4671ffbdd7a25b627a96191ca649b99e917dc35,2017-06-25 21:17:36,2,user1,1498439856
5fa93e857ce95e580bef5f87,969,1ea1a7062ba95dd2adb6bfeae40e4e69b761d8a,2017-06-25 22:39:44,2,user1,1498444784
5fa93e857ce95e580bef5f88,78,55c42c7bcaea31d851ba4568e6e9d187e426bb2a,2017-06-26 10:34:40,1,user1,1498487680
5fa93e857ce95e580bef5f89,89,55c42c7bcaea31d851ba4568e6e9d187e426bb2a,2017-06-26 12:12:24,2,user1,1498493544
5fa93e857ce95e580bef5f8a,93,10002a31320e099689975a3d80b1522bd9fc2150,2017-06-26 15:00:09,1,user1,1498503609
5fa93e857ce95e580bef5f8b,60,55c42c7bcaea31d851ba4568e6e9d187e426bb2a,2017-06-27 11:48:43,1,user1,1498578523
5fa93e857ce95e580bef5f8c,53,10002a31320e099689975a3d80b1522bd9fc2150,2017-06-27 12:03:56,1,user1,1498579436
5fa93e857ce95e580bef5f8d,23,55c42c7bcaea31d851ba4568e6e9d187e426bb2a,2017-06-27 13:41:49,1,user1,1498585309
5fa93e857ce95e580bef5f8e,82,55c42c7bcaea31d851ba4568e6e9d187e426bb2a,2017-06-27 14:43:41,2,user1,1498589021
5fa93e857ce95e580bef5f8f,135,55c42c7bcaea31d851ba4568e6e9d187e426bb2a,2017-06-27 16:13:32,1,user1,1498594412
5fa93e857ce95e580bef5f90,58,55c42c7bcaea31d851ba4568e6e9d187e426bb2a,2017-06-27 16:16:31,1,user1,1498594591
5fa93e857ce95e580bef5f91,129,10002a31320e099689975a3d80b1522bd9fc2150,2017-06-27 18:29:08,2,user1,1498602548
5fa93e857ce95e580bef5f92,576,4671ffbdd7a25b627a96191ca649b99e917dc35,2017-06-27 19:14:02,2,user1,1498605242
5fa93e857ce95e580bef5f93,220,f22f197fe2fcfb242af05d29696e1722368239c3,2017-06-27 19:24:19,2,user1,1498605859
5fa93e857ce95e580bef5f94,35,4671ffbdd7a25b627a96191ca649b99e917dc35,2017-06-28 08:35:12,2,user1,1498653312
5fa93e857ce95e580bef5f95,197,55c42c7bcaea31d851ba4568e6e9d187e426bb2a,2017-06-28 09:59:38,1,user1,1498658378
5fa93e857ce95e580bef5f96,30,4671ffbdd7a25b627a96191ca649b99e917dc35,2017-06-28 12:28:26,2,user1,1498667306
5fa93e857ce95e580bef5f97,28,f22f197fe2fcfb242af05d29696e1722368239c3,2017-06-28 12:37:04,1,user1,1498667824
5fa93e857ce95e580bef5f98,18,4671ffbdd7a25b627a96191ca649b99e917dc35,2017-06-28 14:41:15,2,user1,1498675275
5fa93e857ce95e580bef5f99,3101,4671ffbdd7a25b627a96191ca649b99e917dc35,2017-06-28 17:17:01,1,user1,1498684621
5fa93e857ce95e580bef5f9a,966,1ea1a7062ba95dd2adb6bfeae40e4e69b761d8a,2017-06-28 22:05:29,1,user1,1498701929
5fa93e857ce95e580bef5f9b,183,55c42c7bcaea31d851ba4568e6e9d187e426bb2a,2017-06-29 10:36:04,1,user1,1498746964
5fa93e857ce95e580bef5f9c,63,55c42c7bcaea31d851ba4568e6e9d187e426bb2a,2017-06-29 12:22:35,1,user1,1498753355
5fa93e857ce95e580bef5f9d,0,10002a31320e099689975a3d80b1522bd9fc2150,2017-06-29 13:14:02,6503,user1,1498756442
5fa93e857ce95e580bef5f9e,3,10002a31320e099689975a3d80b1522bd9fc2150,2017-06-29 13:14:21,2,user1,1498756461
5fa93e857ce95e580bef5f9f,5,10002a31320e099689975a3d80b1522bd9fc2150,2017-06-29 13:14:49,2,user1,1498756489
5fa93e857ce95e580bef5fa0,104,10002a31320e099689975a3d80b1522bd9fc2150,2017-06-29 13:18:57,1,user1,1498756737
5fa93e857ce95e580bef5fa1,51,55c42c7bcaea31d851ba4568e6e9d187e426bb2a,2017-06-29 13:23:16,1,user1,1498756996
5fa93e857ce95e580bef5fa2,49,55c42c7bcaea31d851ba4568e6e9d187e426bb2a,2017-06-29 19:09:24,1,user1,1498777764
5fa93e857ce95e580bef5fa3,0,55c42c7bcaea31d851ba4568e6e9d187e426bb2a,2017-06-29 19:11:12,3,user1,1498777872
5fa93e857ce95e580bef5fa4,67,55c42c7bcaea31d851ba4568e6e9d187e426bb2a,2017-06-29 19:37:35,1,user1,1498779455
5fa93e857ce95e580bef5fa5,102,10002a31320e099689975a3d80b1522bd9fc2150,2017-06-30 12:24:17,1,user1,1498839857
5fa93e857ce95e580bef5fa6,83,55c42c7bcaea31d851ba4568e6e9d187e426bb2a,2017-06-30 13:16:22,1,user1,1498842982
5fa93e857ce95e580bef5fa7,25,55c42c7bcaea31d851ba4568e6e9d187e426bb2a,2017-06-30 13:18:02,1,user1,1498843082
5fa93e857ce95e580bef5fa8,87,4671ffbdd7a25b627a96191ca649b99e917dc35,2017-06-30 21:49:22,2,user1,1498873762
5fa93e857ce95e580bef5fa9,0,10002a31320e099689975a3d80b1522bd9fc2150,2017-07-01 14:36:44,6503,user1,1498934204
5fa93e857ce95e580bef5faa,23,10002a31320e099689975a3d80b1522bd9fc2150,2017-07-01 15:17:40,2,user1,1498936660
5fa93e857ce95e580bef5fab,131,10002a31320e099689975a3d80b1522bd9fc2150,2017-07-03 11:29:35,1,user1,1499095775
5fa93e857ce95e580bef5fac,845,55c42c7bcaea31d851ba4568e6e9d187e426bb2a,2017-07-03 12:52:34,1,user1,1499100754
5fa93e857ce95e580bef5fad,0,55c42c7bcaea31d851ba4568e6e9d187e426bb2a,2017-07-03 17:40:45,2,user1,1499118045
5fa93e857ce95e580bef5fae,95,55c42c7bcaea31d851ba4568e6e9d187e426bb2a,2017-07-03 17:57:01,1,user1,1499119021
5fa93e857ce95e580bef5faf,38,55c42c7bcaea31d851ba4568e6e9d187e426bb2a,2017-07-03 19:02:28,1,user1,1499122948
5fa93e857ce95e580bef5fb0,25,55c42c7bcaea31d851ba4568e6e9d187e426bb2a,2017-07-03 19:52:47,1,user1,1499125967
5fa93e857ce95e580bef5fb1,0,10002a31320e099689975a3d80b1522bd9fc2150,2017-07-04 15:08:42,6503,user1,1499195322
5fa93e857ce95e580bef5fb2,0,10002a31320e099689975a3d80b1522bd9fc2150,2017-07-04 15:09:31,6503,user1,1499195371
5fa93e857ce95e580bef5fb3,0,10002a31320e099689975a3d80b1522bd9fc2150,2017-07-04 15:13:30,6503,user1,1499195610
5fa93e857ce95e580bef5fb4,5,10002a31320e099689975a3d80b1522bd9fc2150,2017-07-04 15:54:49,2,user1,1499198089
5fa93e857ce95e580bef5fb5,24,55c42c7bcaea31d851ba4568e6e9d187e426bb2a,2017-07-05 17:36:34,2,user1,1499290594
5fa93e857ce95e580bef5fb6,222,55c42c7bcaea31d851ba4568e6e9d187e426bb2a,2017-07-05 17:48:23,1,user1,1499291303
5fa93e857ce95e580bef5fb7,12,55c42c7bcaea31d851ba4568e6e9d187e426bb2a,2017-07-05 17:53:44,2,user1,1499291624
5fa93e857ce95e580bef5fb8,0,4671ffbdd7a25b627a96191ca649b99e917dc35,2017-07-05 18:22:16,6503,user1,1499293336
5fa93e857ce95e580bef5fb9,261,4671ffbdd7a25b627a96191ca649b99e917dc35,2017-07-05 19:12:39,2,user1,1499296359
5fa93e857ce95e580bef5fba,1330,4671ffbdd7a25b627a96191ca649b99e917dc35,2017-07-05 21:21:09,2,user1,1499304069
5fa93e857ce95e580bef5fbb,35,4dab086b9537f03c9fd3d1113d1080ade898613d,2017-07-06 16:39:23,2,user1,1499373563
5fa93e857ce95e580bef5fbc,0,55c42c7bcaea31d851ba4568e6e9d187e426bb2a,2017-07-06 16:51:50,2,user1,1499374310
5fa93e857ce95e580bef5fbd,163,55c42c7bcaea31d851ba4568e6e9d187e426bb2a,2017-07-06 17:39:46,2,user1,1499377186
5fa93e857ce95e580bef5fbe,0,cb3ea3d1f32c66d2a9c03397febf59e1df150946,2017-07-06 20:44:41,6503,user1,1499388281
5fa93e857ce95e580bef5fbf,63,10002a31320e099689975a3d80b1522bd9fc2150,2017-07-07 14:21:05,2,user1,1499451665
5fa93e857ce95e580bef5fc0,0,da4b9237bacccdf19c0760cab7aec4a8359010b0,2017-07-07 16:17:32,10,user1,1499458652
5fa93e857ce95e580bef5fc1,54,10002a31320e099689975a3d80b1522bd9fc2150,2017-07-07 16:21:41,2,user1,1499458901
5fa93e857ce95e580bef5fc2,0,10002a31320e099689975a3d80b1522bd9fc2150,2017-07-07 17:13:58,6503,user1,1499462038
5fa93e857ce95e580bef5fc3,38,10002a31320e099689975a3d80b1522bd9fc2150,2017-07-07 17:14:49,2,user1,1499462089
5fa93e857ce95e580bef5fc4,0,d143d92b30005b990cebd1631329fda31a85b69a,2017-07-07 17:57:32,6503,user1,1499464652
5fa93e857ce95e580bef5fc5,311,55c42c7bcaea31d851ba4568e6e9d187e426bb2a,2017-07-07 21:19:52,2,user1,1499476792
5fa93e857ce95e580bef5fc6,1201,1ea1a7062ba95dd2adb6bfeae40e4e69b761d8a,2017-07-07 23:11:58,2,user1,1499483518
5fa93e857ce95e580bef5fc7,0,10002a31320e099689975a3d80b1522bd9fc2150,2017-07-08 14:57:23,6503,user1,1499540243
5fa93e857ce95e580bef5fc8,110,10002a31320e099689975a3d80b1522bd9fc2150,2017-07-08 15:07:20,2,user1,1499540840
5fa93e857ce95e580bef5fc9,15,55c42c7bcaea31d851ba4568e6e9d187e426bb2a,2017-07-09 13:15:54,1,user1,1499620554
5fa93e857ce95e580bef5fca,0,55c42c7bcaea31d851ba4568e6e9d187e426bb2a,2017-07-10 07:42:30,6503,user1,1499686950
5fa93e857ce95e580bef5fcb,0,21715736d543ab22324360917325923a0653ee57,2017-07-10 14:24:17,6503,user1,1499711057
5fa93e857ce95e580bef5fcc,86,55c42c7bcaea31d851ba4568e6e9d187e426bb2a,2017-07-10 16:15:54,2,user1,1499717754
5fa93e857ce95e580bef5fcd,39,55c42c7bcaea31d851ba4568e6e9d187e426bb2a,2017-07-10 17:11:43,1,user1,1499721103
5fa93e857ce95e580bef5fce,6,55c42c7bcaea31d851ba4568e6e9d187e426bb2a,2017-07-10 22:18:12,2,user1,1499739492
5fa93e857ce95e580bef5fcf,125,55c42c7bcaea31d851ba4568e6e9d187e426bb2a,2017-07-10 22:24:25,2,user1,1499739865
5fa93e857ce95e580bef5fd0,3,55c42c7bcaea31d851ba4568e6e9d187e426bb2a,2017-07-10 22:30:26,2,user1,1499740226
5fa93e857ce95e580bef5fd1,64,55c42c7bcaea31d851ba4568e6e9d187e426bb2a,2017-07-11 16:59:10,2,user1,1499806750
5fa93e857ce95e580bef5fd2,79,4671ffbdd7a25b627a96191ca649b99e917dc35,2017-07-11 21:19:33,2,user1,1499822373
5fa93e857ce95e580bef5fd3,27,55c42c7bcaea31d851ba4568e6e9d187e426bb2a,2017-07-12 08:07:40,1,user1,1499861260
5fa93e857ce95e580bef5fd4,0,55c42c7bcaea31d851ba4568e6e9d187e426bb2a,2017-07-12 16:02:44,6503,user1,1499889764
5fa93e857ce95e580bef5fd5,0,55c42c7bcaea31d851ba4568e6e9d187e426bb2a,2017-07-12 16:03:47,6503,user1,1499889827
5fa93e857ce95e580bef5fd6,0,55c42c7bcaea31d851ba4568e6e9d187e426bb2a,2017-07-12 16:05:47,6503,user1,1499889947
5fa93e857ce95e580bef5fd7,2,55c42c7bcaea31d851ba4568e6e9d187e426bb2a,2017-07-12 16:12:07,2,user1,1499890327
5fa93e857ce95e580bef5fd8,0,55c42c7bcaea31d851ba4568e6e9d187e426bb2a,2017-07-12 16:13:47,2,user1,1499890427
5fa93e857ce95e580bef5fd9,506,55c42c7bcaea31d851ba4568e6e9d187e426bb2a,2017-07-12 20:56:25,1,user1,1499907385
5fa93e857ce95e580bef5fda,78,55c42c7bcaea31d851ba4568e6e9d187e426bb2a,2017-07-13 16:05:12,2,user1,1499976312
5fa93e857ce95e580bef5fdb,289,55c42c7bcaea31d851ba4568e6e9d187e426bb2a,2017-07-13 16:34:45,2,user1,1499978085
5fa93e857ce95e580bef5fdc,15,55c42c7bcaea31d851ba4568e6e9d187e426bb2a,2017-07-13 16:42:31,1,user1,1499978551
5fa93e857ce95e580bef5fdd,0,55c42c7bcaea31d851ba4568e6e9d187e426bb2a,2017-07-14 07:48:52,6503,user1,1500032932
5fa93e857ce95e580bef5fde,0,55c42c7bcaea31d851ba4568e6e9d187e426bb2a,2017-07-14 07:54:17,6503,user1,1500033257
5fa93e857ce95e580bef5fdf,0,47ada5b214f6eb9ef87f2ac78280fa309993ed97,2017-07-14 12:40:12,6503,user1,1500050412
5fa93e857ce95e580bef5fe0,5,4671ffbdd7a25b627a96191ca649b99e917dc35,2017-07-17 17:35:22,2,user1,1500327322
5fa93e857ce95e580bef5fe1,517,4671ffbdd7a25b627a96191ca649b99e917dc35,2017-07-17 17:36:42,1,user1,1500327402
5fa93e857ce95e580bef5fe2,14,55c42c7bcaea31d851ba4568e6e9d187e426bb2a,2017-07-17 21:25:10,1,user1,1500341110
5fa93e857ce95e580bef5fe3,3,55c42c7bcaea31d851ba4568e6e9d187e426bb2a,2017-07-18 16:12:50,2,user1,1500408770
5fa93e857ce95e580bef5fe4,160,55c42c7bcaea31d851ba4568e6e9d187e426bb2a,2017-07-18 16:18:03,1,user1,1500409083
5fa93e857ce95e580bef5fe5,0,33605bfac90966c5068643c5917fc39709dc09ac,2017-07-20 09:34:27,6503,user1,1500557667
5fa93e857ce95e580bef5fe6,0,33605bfac90966c5068643c5917fc39709dc09ac,2017-07-20 09:34:34,6503,user1,1500557674
5fa93e857ce95e580bef5fe7,171,55c42c7bcaea31d851ba4568e6e9d187e426bb2a,2017-07-20 17:07:07,1,user1,1500584827
5fa93e857ce95e580bef5fe8,4,55c42c7bcaea31d851ba4568e6e9d187e426bb2a,2017-07-21 16:45:06,2,user1,1500669906
5fa93e857ce95e580bef5fe9,0,55c42c7bcaea31d851ba4568e6e9d187e426bb2a,2017-07-21 16:47:42,2,user1,1500670062
5fa93e857ce95e580bef5fea,4,55c42c7bcaea31d851ba4568e6e9d187e426bb2a,2017-07-21 16:49:05,2,user1,1500670145
5fa93e857ce95e580bef5feb,0,55c42c7bcaea31d851ba4568e6e9d187e426bb2a,2017-07-21 16:53:14,1,user1,1500670394
5fa93e857ce95e580bef5fec,191,ea9c4cff1891aa099c9ca000d7f2ec22d90bbbc1,2017-07-21 16:57:37,2,user1,1500670657
5fa93e857ce95e580bef5fed,1,eaa49de6d5fcb44b60d71cddd259192985201513,2017-07-21 17:38:00,2,user1,1500673080
5fa93e857ce95e580bef5fee,34,55c42c7bcaea31d851ba4568e6e9d187e426bb2a,2017-07-21 17:38:36,2,user1,1500673116
5fa93e857ce95e580bef5fef,0,eaa49de6d5fcb44b60d71cddd259192985201513,2017-07-21 17:39:50,2,user1,1500673190
5fa93e857ce95e580bef5ff0,21,55c42c7bcaea31d851ba4568e6e9d187e426bb2a,2017-07-21 20:24:10,1,user1,1500683050
5fa93e857ce95e580bef5ff1,162,4671ffbdd7a25b627a96191ca649b99e917dc35,2017-07-21 20:28:27,2,user1,1500683307
5fa93e857ce95e580bef5ff2,0,cb3ea3d1f32c66d2a9c03397febf59e1df150946,2017-07-21 22:55:59,6503,user1,1500692159
5fa93e857ce95e580bef5ff3,0,4671ffbdd7a25b627a96191ca649b99e917dc35,2017-07-21 23:39:11,6503,user1,1500694751
5fa93e857ce95e580bef5ff4,3,55c42c7bcaea31d851ba4568e6e9d187e426bb2a,2017-07-22 13:29:30,2,user1,1500744570
5fa93e857ce95e580bef5ff5,100,55c42c7bcaea31d851ba4568e6e9d187e426bb2a,2017-07-22 13:31:10,1,user1,1500744670
5fa93e857ce95e580bef5ff6,0,55c42c7bcaea31d851ba4568e6e9d187e426bb2a,2017-07-22 13:54:48,6503,user1,1500746088
5fa93e857ce95e580bef5ff7,3,55c42c7bcaea31d851ba4568e6e9d187e426bb2a,2017-07-22 14:27:59,2,user1,1500748079
5fa93e857ce95e580bef5ff8,0,cb3ea3d1f32c66d2a9c03397febf59e1df150946,2017-07-22 19:25:54,6503,user1,1500765954
5fa93e857ce95e580bef5ff9,0,4671ffbdd7a25b627a96191ca649b99e917dc35,2017-07-22 19:46:17,6503,user1,1500767177
5fa93e857ce95e580bef5ffa,450,4671ffbdd7a25b627a96191ca649b99e917dc35,2017-07-22 19:47:53,2,user1,1500767273
5fa93e857ce95e580bef5ffb,385,4671ffbdd7a25b627a96191ca649b99e917dc35,2017-07-22 21:06:25,2,user1,1500771985
5fa93e857ce95e580bef5ffc,0,cb3ea3d1f32c66d2a9c03397febf59e1df150946,2017-07-23 10:25:54,6503,user1,1500819954
5fa93e857ce95e580bef5ffd,3,cb3ea3d1f32c66d2a9c03397febf59e1df150946,2017-07-23 10:26:30,2,user1,1500819990
5fa93e857ce95e580bef5ffe,12,cb3ea3d1f32c66d2a9c03397febf59e1df150946,2017-07-23 10:29:40,1,user1,1500820180
5fa93e857ce95e580bef5fff,0,28cf3cb51bb0c7c5a8f715abebbe06b4ac9749df,2017-07-24 11:58:22,6503,user1,1500911902
5fa93e857ce95e580bef6000,38,55c42c7bcaea31d851ba4568e6e9d187e426bb2a,2017-07-24 15:19:31,2,user1,1500923971
5fa93e857ce95e580bef6001,65,55c42c7bcaea31d851ba4568e6e9d187e426bb2a,2017-07-24 16:06:57,2,user1,1500926817
5fa93e857ce95e580bef6002,0,55c42c7bcaea31d851ba4568e6e9d187e426bb2a,2017-07-24 17:07:44,6503,user1,1500930464
5fa93e857ce95e580bef6003,0,55c42c7bcaea31d851ba4568e6e9d187e426bb2a,2017-07-24 17:09:20,6503,user1,1500930560
5fa93e857ce95e580bef6004,0,55c42c7bcaea31d851ba4568e6e9d187e426bb2a,2017-07-24 17:16:05,6503,user1,1500930965
5fa93e857ce95e580bef6005,0,55c42c7bcaea31d851ba4568e6e9d187e426bb2a,2017-07-24 17:16:46,6503,user1,1500931006
5fa93e857ce95e580bef6006,103,55c42c7bcaea31d851ba4568e6e9d187e426bb2a,2017-07-24 17:21:48,2,user1,1500931308
5fa93e857ce95e580bef6007,50,55c42c7bcaea31d851ba4568e6e9d187e426bb2a,2017-07-24 18:00:04,1,user1,1500933604
5fa93e857ce95e580bef6008,32,55c42c7bcaea31d851ba4568e6e9d187e426bb2a,2017-07-24 18:08:28,1,user1,1500934108
5fa93e857ce95e580bef6009,72,55c42c7bcaea31d851ba4568e6e9d187e426bb2a,2017-07-24 18:24:31,1,user1,1500935071
5fa93e857ce95e580bef600a,386,55c42c7bcaea31d851ba4568e6e9d187e426bb2a,2017-07-25 16:59:19,2,user1,1501016359
5fa93e857ce95e580bef600b,14,cb3ea3d1f32c66d2a9c03397febf59e1df150946,2017-07-25 19:42:19,1,user1,1501026139
5fa93e857ce95e580bef600c,5,55c42c7bcaea31d851ba4568e6e9d187e426bb2a,2017-07-26 17:12:09,2,user1,1501103529
5fa93e857ce95e580bef600d,137,55c42c7bcaea31d851ba4568e6e9d187e426bb2a,2017-07-26 19:10:29,1,user1,1501110629
5fa93e857ce95e580bef600e,0,55c42c7bcaea31d851ba4568e6e9d187e426bb2a,2017-07-27 16:13:26,6503,user1,1501186406
5fa93e857ce95e580bef600f,0,55c42c7bcaea31d851ba4568e6e9d187e426bb2a,2017-07-27 16:21:06,6503,user1,1501186866
5fa93e857ce95e580bef6010,0,55c42c7bcaea31d851ba4568e6e9d187e426bb2a,2017-07-27 16:22:45,6503,user1,1501186965
5fa93e857ce95e580bef6011,27,55c42c7bcaea31d851ba4568e6e9d187e426bb2a,2017-07-27 16:25:48,2,user1,1501187148
5fa93e857ce95e580bef6012,225,55c42c7bcaea31d851ba4568e6e9d187e426bb2a,2017-07-27 17:08:31,2,user1,1501189711
5fa93e857ce95e580bef6013,94,55c42c7bcaea31d851ba4568e6e9d187e426bb2a,2017-07-28 16:26:29,2,user1,1501273589
5fa93e857ce95e580bef6014,4,55c42c7bcaea31d851ba4568e6e9d187e426bb2a,2017-07-28 16:33:33,2,user1,1501274013
5fa93e857ce95e580bef6015,1810,4671ffbdd7a25b627a96191ca649b99e917dc35,2017-07-28 20:26:42,1,user1,1501288002
5fa93e857ce95e580bef6016,0,d46ddfb80ae6c8e1ca96460c512c912ee2e6d092,2017-07-31 08:42:57,6503,user1,1501504977
5fa93e857ce95e580bef6017,0,89cf472288daff6f70857db9f10f4310d69cbaae,2017-07-31 14:30:45,6503,user1,1501525845
5fa93e857ce95e580bef6018,23,55c42c7bcaea31d851ba4568e6e9d187e426bb2a,2017-07-31 17:58:10,1,user1,1501538290
5fa93e857ce95e580bef6019,51,55c42c7bcaea31d851ba4568e6e9d187e426bb2a,2017-07-31 18:25:30,1,user1,1501539930
5fa93e857ce95e580bef601a,2737,4671ffbdd7a25b627a96191ca649b99e917dc35,2017-08-01 18:30:04,1,user1,1501626604
5fa93e857ce95e580bef601b,0,55c42c7bcaea31d851ba4568e6e9d187e426bb2a,2017-08-02 09:17:20,6503,user1,1501679840
5fa93e857ce95e580bef601c,0,55c42c7bcaea31d851ba4568e6e9d187e426bb2a,2017-08-02 09:17:52,6503,user1,1501679872
5fa93e857ce95e580bef601d,0,55c42c7bcaea31d851ba4568e6e9d187e426bb2a,2017-08-02 09:18:16,6503,user1,1501679896
5fa93e857ce95e580bef601e,0,55c42c7bcaea31d851ba4568e6e9d187e426bb2a,2017-08-02 09:35:54,6503,user1,1501680954
5fa93e857ce95e580bef601f,0,10002a31320e099689975a3d80b1522bd9fc2150,2017-08-02 09:39:35,6503,user1,1501681175
5fa93e857ce95e580bef6020,0,55c42c7bcaea31d851ba4568e6e9d187e426bb2a,2017-08-02 09:41:54,6503,user1,1501681314
5fa93e857ce95e580bef6021,42,55c42c7bcaea31d851ba4568e6e9d187e426bb2a,2017-08-02 09:43:30,2,user1,1501681410
5fa93e857ce95e580bef6022,0,55c42c7bcaea31d851ba4568e6e9d187e426bb2a,2017-08-02 17:02:19,2,user1,1501707739
5fa93e857ce95e580bef6023,0,55c42c7bcaea31d851ba4568e6e9d187e426bb2a,2017-08-02 17:12:56,3,user1,1501708376
5fa93e857ce95e580bef6024,63,55c42c7bcaea31d851ba4568e6e9d187e426bb2a,2017-08-02 17:13:32,2,user1,1501708412
5fa93e857ce95e580bef6025,41,10002a31320e099689975a3d80b1522bd9fc2150,2017-08-04 18:45:44,1,user1,1501886744
5fa93e857ce95e580bef6026,59,4671ffbdd7a25b627a96191ca649b99e917dc35,2017-08-05 10:45:18,1,user1,1501944318
5fa93e857ce95e580bef6027,3,4671ffbdd7a25b627a96191ca649b99e917dc35,2017-08-05 11:33:19,2,user1,1501947199
5fa93e857ce95e580bef6028,13,4671ffbdd7a25b627a96191ca649b99e917dc35,2017-08-05 11:34:04,1,user1,1501947244
5fa93e857ce95e580bef6029,5,55c42c7bcaea31d851ba4568e6e9d187e426bb2a,2017-08-05 18:16:49,2,user1,1501971409
5fa93e857ce95e580bef602a,4,55c42c7bcaea31d851ba4568e6e9d187e426bb2a,2017-08-05 19:16:20,2,user1,1501974980
5fa93e857ce95e580bef602b,3,55c42c7bcaea31d851ba4568e6e9d187e426bb2a,2017-08-05 19:29:17,2,user1,1501975757
5fa93e857ce95e580bef602c,21,10002a31320e099689975a3d80b1522bd9fc2150,2017-08-05 19:30:07,2,user1,1501975807
5fa93e857ce95e580bef602d,41,10002a31320e099689975a3d80b1522bd9fc2150,2017-08-05 19:32:43,1,user1,1501975963
5fa93e857ce95e580bef602e,111,10002a31320e099689975a3d80b1522bd9fc2150,2017-08-05 19:36:08,1,user1,1501976168
5fa93e857ce95e580bef602f,27,10002a31320e099689975a3d80b1522bd9fc2150,2017-08-05 19:38:11,1,user1,1501976291
5fa93e857ce95e580bef6030,59,94965cbea8607857740301db841fefefb2f1d2a1,2017-08-05 19:39:03,2,user1,1501976343
5fa93e857ce95e580bef6031,3,10002a31320e099689975a3d80b1522bd9fc2150,2017-08-05 19:40:16,2,user1,1501976416
5fa93e857ce95e580bef6032,3,10002a31320e099689975a3d80b1522bd9fc2150,2017-08-05 19:40:29,2,user1,1501976429
5fa93e857ce95e580bef6033,276,10002a31320e099689975a3d80b1522bd9fc2150,2017-08-05 19:41:13,1,user1,1501976473
5fa93e857ce95e580bef6034,114,94965cbea8607857740301db841fefefb2f1d2a1,2017-08-05 20:31:09,1,user1,1501979469
5fa93e857ce95e580bef6035,3,55c42c7bcaea31d851ba4568e6e9d187e426bb2a,2017-08-05 20:45:09,2,user1,1501980309
5fa93e857ce95e580bef6036,64,94965cbea8607857740301db841fefefb2f1d2a1,2017-08-05 20:48:58,2,user1,1501980538
5fa93e857ce95e580bef6037,55,10002a31320e099689975a3d80b1522bd9fc2150,2017-08-06 15:57:47,1,user1,1502049467
5fa93e857ce95e580bef6038,56,55c42c7bcaea31d851ba4568e6e9d187e426bb2a,2017-08-06 18:18:48,1,user1,1502057928
5fa93e857ce95e580bef6039,19,8e19dd0e86ebfa151a467b12a5af36bdac81cee4,2017-08-08 16:51:14,2,user1,1502225474
5fa93e857ce95e580bef603a,70,55c42c7bcaea31d851ba4568e6e9d187e426bb2a,2017-08-08 16:52:58,2,user1,1502225578
5fa93e857ce95e580bef603b,96,55c42c7bcaea31d851ba4568e6e9d187e426bb2a,2017-08-08 17:26:46,2,user1,1502227606
5fa93e857ce95e580bef603c,0,c146f1ae24b22b1d7a6985ce9965743d6fc486d6,2017-08-09 14:34:09,6503,user1,1502303649
5fa93e857ce95e580bef603d,41,55c42c7bcaea31d851ba4568e6e9d187e426bb2a,2017-08-09 18:25:32,1,user1,1502317532
5fa93e857ce95e580bef603e,127,55c42c7bcaea31d851ba4568e6e9d187e426bb2a,2017-08-10 12:56:27,2,user1,1502384187
5fa93e857ce95e580bef603f,3,55c42c7bcaea31d851ba4568e6e9d187e426bb2a,2017-08-11 12:47:16,2,user1,1502470036
5fa93e857ce95e580bef6040,0,55c42c7bcaea31d851ba4568e6e9d187e426bb2a,2017-08-11 12:55:15,6503,user1,1502470515
5fa93e857ce95e580bef6041,289,55c42c7bcaea31d851ba4568e6e9d187e426bb2a,2017-08-11 12:58:44,2,user1,1502470724
5fa93e857ce95e580bef6042,0,55c42c7bcaea31d851ba4568e6e9d187e426bb2a,2017-08-11 16:07:57,6503,user1,1502482077
5fa93e857ce95e580bef6043,61,55c42c7bcaea31d851ba4568e6e9d187e426bb2a,2017-08-11 17:08:53,2,user1,1502485733
5fa93e857ce95e580bef6044,42,55c42c7bcaea31d851ba4568e6e9d187e426bb2a,2017-08-11 21:04:25,1,user1,1502499865
5fa93e857ce95e580bef6045,46,55c42c7bcaea31d851ba4568e6e9d187e426bb2a,2017-08-12 17:11:44,1,user1,1502572304
5fa93e857ce95e580bef6046,15,1ea1a7062ba95dd2adb6bfeae40e4e69b761d8a,2017-08-12 21:32:58,1,user1,1502587978
5fa93e857ce95e580bef6047,983,1ea1a7062ba95dd2adb6bfeae40e4e69b761d8a,2017-08-12 21:54:30,2,user1,1502589270
5fa93e857ce95e580bef6048,42,55c42c7bcaea31d851ba4568e6e9d187e426bb2a,2017-08-13 14:15:29,1,user1,1502648129
5fa93e857ce95e580bef6049,13,55c42c7bcaea31d851ba4568e6e9d187e426bb2a,2017-08-13 14:16:28,1,user1,1502648188
5fa93e857ce95e580bef604a,0,d3fc03a8a38e4754a7ec4b2e4ac5a50a1574b4f2,2017-08-15 12:25:58,6503,user1,1502814358
5fa93e857ce95e580bef604b,16,8e19dd0e86ebfa151a467b12a5af36bdac81cee4,2017-08-15 16:42:21,2,user1,1502829741
5fa93e857ce95e580bef604c,304,55c42c7bcaea31d851ba4568e6e9d187e426bb2a,2017-08-15 17:16:45,1,user1,1502831805
5fa93e857ce95e580bef604d,45,10002a31320e099689975a3d80b1522bd9fc2150,2017-08-15 18:44:01,1,user1,1502837041
5fa93e857ce95e580bef604e,0,1ea1a7062ba95dd2adb6bfeae40e4e69b761d8a,2017-08-15 21:32:54,6503,user1,1502847174
5fa93e857ce95e580bef604f,34,1ea1a7062ba95dd2adb6bfeae40e4e69b761d8a,2017-08-15 21:47:42,2,user1,1502848062
5fa93e857ce95e580bef6050,0,39a3306fc8e1712d09c4d2d7c5158fda1ed5edf6,2017-08-16 12:37:10,3,user1,1502901430
5fa93e857ce95e580bef6051,0,55c42c7bcaea31d851ba4568e6e9d187e426bb2a,2017-08-16 19:38:36,2,user1,1502926716
5fa93e857ce95e580bef6052,0,55c42c7bcaea31d851ba4568e6e9d187e426bb2a,2017-08-16 19:39:14,2,user1,1502926754
5fa93e857ce95e580bef6053,0,55c42c7bcaea31d851ba4568e6e9d187e426bb2a,2017-08-17 07:18:39,6503,user1,1502968719
5fa93e857ce95e580bef6054,35,55c42c7bcaea31d851ba4568e6e9d187e426bb2a,2017-08-18 16:35:35,2,user1,1503088535
5fa93e857ce95e580bef6055,36,55c42c7bcaea31d851ba4568e6e9d187e426bb2a,2017-08-18 17:47:21,2,user1,1503092841
5fa93e857ce95e580bef6056,134,1ea1a7062ba95dd2adb6bfeae40e4e69b761d8a,2017-08-18 17:50:45,1,user1,1503093045
5fa93e857ce95e580bef6057,0,1ea1a7062ba95dd2adb6bfeae40e4e69b761d8a,2017-08-18 20:15:04,10,user1,1503101704
5fa93e857ce95e580bef6058,2694,1ea1a7062ba95dd2adb6bfeae40e4e69b761d8a,2017-08-18 21:08:38,2,user1,1503104918
5fa93e857ce95e580bef6059,0,4671ffbdd7a25b627a96191ca649b99e917dc35,2017-08-18 23:49:57,6503,user1,1503114597
5fa93e857ce95e580bef605a,222,55c42c7bcaea31d851ba4568e6e9d187e426bb2a,2017-08-19 11:12:26,1,user1,1503155546
5fa93e857ce95e580bef605b,46,4671ffbdd7a25b627a96191ca649b99e917dc35,2017-08-19 13:51:39,2,user1,1503165099
5fa93e857ce95e580bef605c,124,4671ffbdd7a25b627a96191ca649b99e917dc35,2017-08-19 14:11:29,2,user1,1503166289
5fa93e857ce95e580bef605d,4,55c42c7bcaea31d851ba4568e6e9d187e426bb2a,2017-08-19 15:39:50,2,user1,1503171590
5fa93e857ce95e580bef605e,172,55c42c7bcaea31d851ba4568e6e9d187e426bb2a,2017-08-19 16:05:49,2,user1,1503173149
5fa93e857ce95e580bef605f,886,4671ffbdd7a25b627a96191ca649b99e917dc35,2017-08-19 19:34:51,1,user1,1503185691
5fa93e857ce95e580bef6060,111,55c42c7bcaea31d851ba4568e6e9d187e426bb2a,2017-08-21 10:12:15,1,user1,1503324735
5fa93e857ce95e580bef6061,62,c8f24c09806f0397148c624b82a6758fcf11dba2,2017-08-21 10:14:41,2,user1,1503324881
5fa93e857ce95e580bef6062,35,c8f24c09806f0397148c624b82a6758fcf11dba2,2017-08-21 10:16:08,2,user1,1503324968
5fa93e857ce95e580bef6063,41,55c42c7bcaea31d851ba4568e6e9d187e426bb2a,2017-08-21 11:35:49,1,user1,1503329749
5fa93e857ce95e580bef6064,128,c8f24c09806f0397148c624b82a6758fcf11dba2,2017-08-21 12:46:42,2,user1,1503334002
5fa93e857ce95e580bef6065,0,55c42c7bcaea31d851ba4568e6e9d187e426bb2a,2017-08-21 12:49:06,2,user1,1503334146
5fa93e857ce95e580bef6066,3,55c42c7bcaea31d851ba4568e6e9d187e426bb2a,2017-08-21 12:49:47,2,user1,1503334187
5fa93e857ce95e580bef6067,2,55c42c7bcaea31d851ba4568e6e9d187e426bb2a,2017-08-21 12:50:39,2,user1,1503334239
5fa93e857ce95e580bef6068,120,55c42c7bcaea31d851ba4568e6e9d187e426bb2a,2017-08-21 13:05:43,1,user1,1503335143
5fa93e857ce95e580bef6069,89,c8f24c09806f0397148c624b82a6758fcf11dba2,2017-08-21 13:24:27,2,user1,1503336267
5fa93e857ce95e580bef606a,0,f7459d9f748d7081925aac0dfffbabc59dbfa680,2017-08-21 16:25:08,10,user1,1503347108
5fa93e857ce95e580bef606b,10,10ecd221f54ddb7d1cbcb4ed4cf61d57c7714828,2017-08-21 19:43:46,2,user1,1503359026
5fa93e857ce95e580bef606c,178,55c42c7bcaea31d851ba4568e6e9d187e426bb2a,2017-08-21 19:56:03,1,user1,1503359763
5fa93e857ce95e580bef606d,1,8b2e49aeaf3ab958ecccb86e55ae483bed052512,2017-08-22 09:42:32,1,user1,1503409352
5fa93e857ce95e580bef606e,356,10ecd221f54ddb7d1cbcb4ed4cf61d57c7714828,2017-08-22 10:36:20,1,user1,1503412580
5fa93e857ce95e580bef606f,0,10ecd221f54ddb7d1cbcb4ed4cf61d57c7714828,2017-08-22 10:48:34,6503,user1,1503413314
5fa93e857ce95e580bef6070,193,10ecd221f54ddb7d1cbcb4ed4cf61d57c7714828,2017-08-22 10:49:58,2,user1,1503413398
5fa93e857ce95e580bef6071,0,55c42c7bcaea31d851ba4568e6e9d187e426bb2a,2017-08-22 11:20:00,10,user1,1503415200
5fa93e857ce95e580bef6072,49,8e19dd0e86ebfa151a467b12a5af36bdac81cee4,2017-08-22 15:12:01,2,user1,1503429121
5fa93e857ce95e580bef6073,6,8e19dd0e86ebfa151a467b12a5af36bdac81cee4,2017-08-22 15:27:07,2,user1,1503430027
5fa93e857ce95e580bef6074,22,8e19dd0e86ebfa151a467b12a5af36bdac81cee4,2017-08-22 15:28:35,1,user1,1503430115
5fa93e857ce95e580bef6075,155,55c42c7bcaea31d851ba4568e6e9d187e426bb2a,2017-08-22 16:25:55,2,user1,1503433555
5fa93e857ce95e580bef6076,24,55c42c7bcaea31d851ba4568e6e9d187e426bb2a,2017-08-23 13:48:29,1,user1,1503510509
5fa93e857ce95e580bef6077,0,10ecd221f54ddb7d1cbcb4ed4cf61d57c7714828,2017-08-23 15:04:02,6503,user1,1503515042
5fa93e857ce95e580bef6078,465,10ecd221f54ddb7d1cbcb4ed4cf61d57c7714828,2017-08-23 15:12:29,2,user1,1503515549
5fa93e857ce95e580bef6079,27,55c42c7bcaea31d851ba4568e6e9d187e426bb2a,2017-08-23 20:27:50,1,user1,1503534470
5fa93e857ce95e580bef607a,41,55c42c7bcaea31d851ba4568e6e9d187e426bb2a,2017-08-24 14:38:44,2,user1,1503599924
5fa93e857ce95e580bef607b,0,f7459d9f748d7081925aac0dfffbabc59dbfa680,2017-08-24 14:54:50,6503,user1,1503600890
5fa93e857ce95e580bef607c,8,55c42c7bcaea31d851ba4568e6e9d187e426bb2a,2017-08-24 15:04:13,2,user1,1503601453
5fa93e857ce95e580bef607d,13,8e19dd0e86ebfa151a467b12a5af36bdac81cee4,2017-08-24 17:46:31,2,user1,1503611191
5fa93e857ce95e580bef607e,65,55c42c7bcaea31d851ba4568e6e9d187e426bb2a,2017-08-24 18:01:52,1,user1,1503612112
5fa93e857ce95e580bef607f,18,10002a31320e099689975a3d80b1522bd9fc2150,2017-08-24 18:13:54,1,user1,1503612834
5fa93e857ce95e580bef6080,2,55c42c7bcaea31d851ba4568e6e9d187e426bb2a,2017-08-25 16:12:27,2,user1,1503691947
5fa93e857ce95e580bef6081,42,55c42c7bcaea31d851ba4568e6e9d187e426bb2a,2017-08-25 17:15:22,1,user1,1503695722
5fa93e857ce95e580bef6082,77,4671ffbdd7a25b627a96191ca649b99e917dc35,2017-08-26 19:36:51,2,user1,1503790611
5fa93e857ce95e580bef6083,0,a73e041bc1bf89b1db4443d4f78671f46f1de285,2017-08-28 10:26:33,6503,user1,1503930393
5fa93e857ce95e580bef6084,52,4671ffbdd7a25b627a96191ca649b99e917dc35,2017-08-28 13:56:35,1,user1,1503942995
5fa93e857ce95e580bef6085,0,4671ffbdd7a25b627a96191ca649b99e917dc35,2017-08-28 14:02:08,6503,user1,1503943328
5fa93e857ce95e580bef6086,26,4ccc14d874d3c638682dded3994d5a6e0cb1a4d1,2017-08-28 19:02:15,2,user1,1503961335
5fa93e857ce95e580bef6087,1,1ea1a7062ba95dd2adb6bfeae40e4e69b761d8a,2017-08-28 20:42:44,1,user1,1503967364
5fa93e857ce95e580bef6088,0,1ea1a7062ba95dd2adb6bfeae40e4e69b761d8a,2017-08-28 20:43:07,2,user1,1503967387
5fa93e857ce95e580bef6089,0,1ea1a7062ba95dd2adb6bfeae40e4e69b761d8a,2017-08-28 21:00:32,1,user1,1503968432
5fa93e857ce95e580bef608a,3,1ea1a7062ba95dd2adb6bfeae40e4e69b761d8a,2017-08-28 21:01:11,2,user1,1503968471
5fa93e857ce95e580bef608b,139,55c42c7bcaea31d851ba4568e6e9d187e426bb2a,2017-08-29 10:45:05,2,user1,1504017905
5fa93e857ce95e580bef608c,60,55c42c7bcaea31d851ba4568e6e9d187e426bb2a,2017-08-29 14:37:48,1,user1,1504031868
5fa93e857ce95e580bef608d,152,10002a31320e099689975a3d80b1522bd9fc2150,2017-08-29 16:06:11,1,user1,1504037171
5fa93e857ce95e580bef608e,116,4671ffbdd7a25b627a96191ca649b99e917dc35,2017-08-29 21:47:52,1,user1,1504057672
5fa93e857ce95e580bef608f,41,4671ffbdd7a25b627a96191ca649b99e917dc35,2017-08-30 10:43:23,2,user1,1504104203
5fa93e857ce95e580bef6090,50,55c42c7bcaea31d851ba4568e6e9d187e426bb2a,2017-08-30 13:12:27,2,user1,1504113147
5fa93e857ce95e580bef6091,83,55c42c7bcaea31d851ba4568e6e9d187e426bb2a,2017-08-30 13:41:13,2,user1,1504114873
5fa93e857ce95e580bef6092,0,55c42c7bcaea31d851ba4568e6e9d187e426bb2a,2017-08-30 13:59:45,6503,user1,1504115985
5fa93e857ce95e580bef6093,132,55c42c7bcaea31d851ba4568e6e9d187e426bb2a,2017-08-30 14:19:46,2,user1,1504117186
5fa93e857ce95e580bef6094,55,55c42c7bcaea31d851ba4568e6e9d187e426bb2a,2017-08-30 14:29:12,2,user1,1504117752
5fa93e857ce95e580bef6095,154,55c42c7bcaea31d851ba4568e6e9d187e426bb2a,2017-08-31 14:05:22,1,user1,1504202722
5fa93e857ce95e580bef6096,15,f4749d9c13e63d543c11895826a055f1735c6420,2017-08-31 16:07:21,2,user1,1504210041
5fa93e857ce95e580bef6097,208,55c42c7bcaea31d851ba4568e6e9d187e426bb2a,2017-09-01 09:59:30,1,user1,1504274370
5fa93e857ce95e580bef6098,226,55c42c7bcaea31d851ba4568e6e9d187e426bb2a,2017-09-01 16:17:33,1,user1,1504297053
5fa93e857ce95e580bef6099,13,8e19dd0e86ebfa151a467b12a5af36bdac81cee4,2017-09-01 17:31:36,2,user1,1504301496
5fa93e857ce95e580bef609a,99,55c42c7bcaea31d851ba4568e6e9d187e426bb2a,2017-09-01 19:03:55,1,user1,1504307035
5fa93e857ce95e580bef609b,0,4671ffbdd7a25b627a96191ca649b99e917dc35,2017-09-01 21:20:53,2,user1,1504315253
5fa93e857ce95e580bef609c,908,4671ffbdd7a25b627a96191ca649b99e917dc35,2017-09-01 21:29:40,1,user1,1504315780
5fa93e857ce95e580bef609d,127,4671ffbdd7a25b627a96191ca649b99e917dc35,2017-09-01 22:10:10,2,user1,1504318210
5fa93e857ce95e580bef609e,0,5b2d984ce36ee7180ecf2a950c75c7b1345dab02,2017-09-02 17:01:35,6503,user1,1504386095
5fa93e857ce95e580bef609f,0,55c42c7bcaea31d851ba4568e6e9d187e426bb2a,2017-09-02 20:16:13,6503,user1,1504397773
5fa93e857ce95e580bef60a0,0,5b2d984ce36ee7180ecf2a950c75c7b1345dab02,2017-09-02 20:24:10,2,user1,1504398250
5fa93e857ce95e580bef60a1,11,55c42c7bcaea31d851ba4568e6e9d187e426bb2a,2017-09-02 20:25:06,2,user1,1504398306
5fa93e857ce95e580bef60a2,20,55c42c7bcaea31d851ba4568e6e9d187e426bb2a,2017-09-02 20:33:05,1,user1,1504398785
5fa93e857ce95e580bef60a3,15,55c42c7bcaea31d851ba4568e6e9d187e426bb2a,2017-09-04 12:19:43,2,user1,1504541983
5fa93e857ce95e580bef60a4,49,55c42c7bcaea31d851ba4568e6e9d187e426bb2a,2017-09-04 15:31:30,1,user1,1504553490
5fa93e857ce95e580bef60a5,65,55c42c7bcaea31d851ba4568e6e9d187e426bb2a,2017-09-04 17:27:51,1,user1,1504560471
5fa93e857ce95e580bef60a6,2224,1ea1a7062ba95dd2adb6bfeae40e4e69b761d8a,2017-09-04 22:58:00,1,user1,1504580280
5fa93e857ce95e580bef60a7,51,c8f24c09806f0397148c624b82a6758fcf11dba2,2017-09-05 11:42:14,2,user1,1504626134
5fa93e857ce95e580bef60a8,196,c8f24c09806f0397148c624b82a6758fcf11dba2,2017-09-05 12:08:30,2,user1,1504627710
5fa93e857ce95e580bef60a9,124,55c42c7bcaea31d851ba4568e6e9d187e426bb2a,2017-09-05 12:13:06,1,user1,1504627986
5fa93e857ce95e580bef60aa,72,dea0b8cb50342b10d69f6637a664fe1d39dba9db,2017-09-05 14:45:36,1,user1,1504637136
5fa93e857ce95e580bef60ab,75,55c42c7bcaea31d851ba4568e6e9d187e426bb2a,2017-09-05 14:56:40,2,user1,1504637800
5fa93e857ce95e580bef60ac,67,4671ffbdd7a25b627a96191ca649b99e917dc35,2017-09-05 15:09:52,2,user1,1504638592
5fa93e857ce95e580bef60ad,43,55c42c7bcaea31d851ba4568e6e9d187e426bb2a,2017-09-05 17:21:34,2,user1,1504646494
5fa93e857ce95e580bef60ae,0,4671ffbdd7a25b627a96191ca649b99e917dc35,2017-09-05 21:03:01,6503,user1,1504659781
5fa93e857ce95e580bef60af,0,4671ffbdd7a25b627a96191ca649b99e917dc35,2017-09-05 23:23:30,6503,user1,1504668210
5fa93e857ce95e580bef60b0,138,4671ffbdd7a25b627a96191ca649b99e917dc35,2017-09-05 23:24:57,2,user1,1504668297
5fa93e857ce95e580bef60b1,182,4671ffbdd7a25b627a96191ca649b99e917dc35,2017-09-06 10:20:00,1,user1,1504707600
5fa93e857ce95e580bef60b2,18,4671ffbdd7a25b627a96191ca649b99e917dc35,2017-09-06 10:31:12,2,user1,1504708272
5fa93e857ce95e580bef60b3,47,f22f197fe2fcfb242af05d29696e1722368239c3,2017-09-06 10:40:25,2,user1,1504708825
5fa93e857ce95e580bef60b4,47,55c42c7bcaea31d851ba4568e6e9d187e426bb2a,2017-09-06 11:19:50,2,user1,1504711190
5fa93e857ce95e580bef60b5,0,93ce6d815e60bff0a40fe07609816ad950a150a9,2017-09-06 11:48:36,6503,user1,1504712916
5fa93e857ce95e580bef60b6,302,55c42c7bcaea31d851ba4568e6e9d187e426bb2a,2017-09-06 12:39:09,2,user1,1504715949
5fa93e857ce95e580bef60b7,0,964aa7a6bc4f42cf2fb67c4dcd37bfe2bd206317,2017-09-06 22:20:29,6503,user1,1504750829
5fa93e857ce95e580bef60b8,21,55c42c7bcaea31d851ba4568e6e9d187e426bb2a,2017-09-07 15:31:43,2,user1,1504812703
5fa93e857ce95e580bef60b9,45,55c42c7bcaea31d851ba4568e6e9d187e426bb2a,2017-09-07 18:12:24,1,user1,1504822344
5fa93e857ce95e580bef60bb,2139,4671ffbdd7a25b627a96191ca649b99e917dc35,2017-09-07 19:38:15,1,user1,1504827495
5fa93e857ce95e580bef60ba,60,55c42c7bcaea31d851ba4568e6e9d187e426bb2a,2017-09-07 20:00:23,1,user1,1504828823
5fa93e857ce95e580bef60bc,90,55c42c7bcaea31d851ba4568e6e9d187e426bb2a,2017-09-08 14:47:09,2,user1,1504896429
5fa93e857ce95e580bef60bd,39,1ea1a7062ba95dd2adb6bfeae40e4e69b761d8a,2017-09-08 20:26:39,1,user1,1504916799
5fa93e857ce95e580bef60be,0,1ea1a7062ba95dd2adb6bfeae40e4e69b761d8a,2017-09-08 20:29:01,2,user1,1504916941
5fa93e857ce95e580bef60bf,2100,1ea1a7062ba95dd2adb6bfeae40e4e69b761d8a,2017-09-08 20:46:11,2,user1,1504917971
5fa93e857ce95e580bef60c0,0,1ea1a7062ba95dd2adb6bfeae40e4e69b761d8a,2017-09-09 13:19:32,6503,user1,1504977572
5fa93e857ce95e580bef60c1,31,55c42c7bcaea31d851ba4568e6e9d187e426bb2a,2017-09-09 14:33:56,2,user1,1504982036
5fa93e857ce95e580bef60c2,26,4671ffbdd7a25b627a96191ca649b99e917dc35,2017-09-11 15:22:25,2,user1,1505157745
5fa93e857ce95e580bef60c3,51,4671ffbdd7a25b627a96191ca649b99e917dc35,2017-09-11 15:26:04,1,user1,1505157964
5fa93e857ce95e580bef60c4,12,4671ffbdd7a25b627a96191ca649b99e917dc35,2017-09-12 15:24:46,1,user1,1505244286
5fa93e857ce95e580bef60c5,349,55c42c7bcaea31d851ba4568e6e9d187e426bb2a,2017-09-12 15:29:22,2,user1,1505244562
5fa93e857ce95e580bef60c6,28,c8f24c09806f0397148c624b82a6758fcf11dba2,2017-09-12 16:41:36,2,user1,1505248896
5fa93e857ce95e580bef60c7,69,55c42c7bcaea31d851ba4568e6e9d187e426bb2a,2017-09-12 17:54:18,1,user1,1505253258
5fa93e857ce95e580bef60c8,1684,4671ffbdd7a25b627a96191ca649b99e917dc35,2017-09-12 18:08:08,1,user1,1505254088
5fa93e857ce95e580bef60c9,21,c8f24c09806f0397148c624b82a6758fcf11dba2,2017-09-12 18:44:29,2,user1,1505256269
5fa93e857ce95e580bef60ca,97,c8f24c09806f0397148c624b82a6758fcf11dba2,2017-09-12 18:45:00,2,user1,1505256300
5fa93e857ce95e580bef60cb,0,4671ffbdd7a25b627a96191ca649b99e917dc35,2017-09-13 12:52:01,2,user1,1505321521
5fa93e857ce95e580bef60cc,0,4671ffbdd7a25b627a96191ca649b99e917dc35,2017-09-13 12:54:03,6503,user1,1505321643
5fa93e857ce95e580bef60cd,3,f22f197fe2fcfb242af05d29696e1722368239c3,2017-09-13 12:59:47,2,user1,1505321987
5fa93e857ce95e580bef60ce,96,c8f24c09806f0397148c624b82a6758fcf11dba2,2017-09-14 14:30:13,2,user1,1505413813
5fa93e857ce95e580bef60cf,124,55c42c7bcaea31d851ba4568e6e9d187e426bb2a,2017-09-14 14:45:29,2,user1,1505414729
5fa93e857ce95e580bef60d0,0,9cd8a2738bd5f490c1ca7a70e281074a3d839e3b,2017-09-14 15:00:23,6503,user1,1505415623
5fa93e857ce95e580bef60d1,0,9cd8a2738bd5f490c1ca7a70e281074a3d839e3b,2017-09-14 15:07:19,2,user1,1505416039
5fa93e857ce95e580bef60d2,117,c8f24c09806f0397148c624b82a6758fcf11dba2,2017-09-14 15:08:18,2,user1,1505416098
5fa93e857ce95e580bef60d3,32,4671ffbdd7a25b627a96191ca649b99e917dc35,2017-09-14 15:25:58,1,user1,1505417158
5fa93e857ce95e580bef60d4,431,1ea1a7062ba95dd2adb6bfeae40e4e69b761d8a,2017-09-14 19:44:58,2,user1,1505432698
5fa93e857ce95e580bef60d5,263,f22f197fe2fcfb242af05d29696e1722368239c3,2017-09-14 21:40:39,2,user1,1505439639
5fa93e857ce95e580bef60d6,134,1ea1a7062ba95dd2adb6bfeae40e4e69b761d8a,2017-09-14 22:14:09,1,user1,1505441649
5fa93e857ce95e580bef60d7,224,1ea1a7062ba95dd2adb6bfeae40e4e69b761d8a,2017-09-14 22:36:01,1,user1,1505442961
5fa93e857ce95e580bef60d8,57,1ea1a7062ba95dd2adb6bfeae40e4e69b761d8a,2017-09-14 23:13:04,1,user1,1505445184
5fa93e857ce95e580bef60d9,0,1ea1a7062ba95dd2adb6bfeae40e4e69b761d8a,2017-09-14 23:23:03,10,user1,1505445783
5fa93e857ce95e580bef60da,3,55c42c7bcaea31d851ba4568e6e9d187e426bb2a,2017-09-15 15:01:09,2,user1,1505502069
5fa93e857ce95e580bef60db,18,10002a31320e099689975a3d80b1522bd9fc2150,2017-09-15 20:26:44,1,user1,1505521604
5fa93e857ce95e580bef60dc,1527,4671ffbdd7a25b627a96191ca649b99e917dc35,2017-09-15 22:51:07,1,user1,1505530267
5fa93e857ce95e580bef60dd,77,1ea1a7062ba95dd2adb6bfeae40e4e69b761d8a,2017-09-16 11:24:03,1,user1,1505575443
5fa93e857ce95e580bef60de,4,1ea1a7062ba95dd2adb6bfeae40e4e69b761d8a,2017-09-16 12:22:15,2,user1,1505578935
5fa93e857ce95e580bef60df,63,1ea1a7062ba95dd2adb6bfeae40e4e69b761d8a,2017-09-16 12:25:29,1,user1,1505579129
5fa93e857ce95e580bef60e0,9,1ea1a7062ba95dd2adb6bfeae40e4e69b761d8a,2017-09-16 12:41:17,2,user1,1505580077
5fa93e857ce95e580bef60e1,119,55c42c7bcaea31d851ba4568e6e9d187e426bb2a,2017-09-16 17:31:37,2,user1,1505597497
5fa93e857ce95e580bef60e2,52,1ea1a7062ba95dd2adb6bfeae40e4e69b761d8a,2017-09-16 18:16:13,1,user1,1505600173
5fa93e857ce95e580bef60e3,78,1ea1a7062ba95dd2adb6bfeae40e4e69b761d8a,2017-09-16 18:55:32,1,user1,1505602532
5fa93e857ce95e580bef60e4,62,55c42c7bcaea31d851ba4568e6e9d187e426bb2a,2017-09-16 19:04:28,1,user1,1505603068
5fa93e857ce95e580bef60e5,40,55c42c7bcaea31d851ba4568e6e9d187e426bb2a,2017-09-16 19:27:43,1,user1,1505604463
5fa93e857ce95e580bef60e6,12,55c42c7bcaea31d851ba4568e6e9d187e426bb2a,2017-09-16 19:35:56,2,user1,1505604956
5fa93e857ce95e580bef60e7,51,55c42c7bcaea31d851ba4568e6e9d187e426bb2a,2017-09-17 14:56:24,1,user1,1505674584
5fa93e857ce95e580bef60e8,23,55c42c7bcaea31d851ba4568e6e9d187e426bb2a,2017-09-17 15:21:25,1,user1,1505676085
5fa93e857ce95e580bef60e9,43,55c42c7bcaea31d851ba4568e6e9d187e426bb2a,2017-09-17 15:29:54,1,user1,1505676594
5fa93e857ce95e580bef60ea,23,55c42c7bcaea31d851ba4568e6e9d187e426bb2a,2017-09-17 15:47:53,2,user1,1505677673
5fa93e857ce95e580bef60eb,0,19b28bdb56994d00736373a8ced3827787de2848,2017-09-18 10:14:44,3,user1,1505744084
5fa93e857ce95e580bef60ec,16,4671ffbdd7a25b627a96191ca649b99e917dc35,2017-09-18 15:10:59,2,user1,1505761859
5fa93e857ce95e580bef60ed,38,55c42c7bcaea31d851ba4568e6e9d187e426bb2a,2017-09-18 15:21:05,2,user1,1505762465
5fa93e857ce95e580bef60ee,33,55c42c7bcaea31d851ba4568e6e9d187e426bb2a,2017-09-18 15:22:17,1,user1,1505762537
5fa93e857ce95e580bef60ef,62,4671ffbdd7a25b627a96191ca649b99e917dc35,2017-09-18 17:58:15,1,user1,1505771895
5fa93e857ce95e580bef60f0,26,4ccc14d874d3c638682dded3994d5a6e0cb1a4d1,2017-09-18 18:03:21,2,user1,1505772201
5fa93e857ce95e580bef60f1,758,1ea1a7062ba95dd2adb6bfeae40e4e69b761d8a,2017-09-18 19:03:29,1,user1,1505775809
5fa93e857ce95e580bef60f2,268,1ea1a7062ba95dd2adb6bfeae40e4e69b761d8a,2017-09-18 20:24:49,1,user1,1505780689
5fa93e857ce95e580bef60f3,46,4671ffbdd7a25b627a96191ca649b99e917dc35,2017-09-18 21:27:39,1,user1,1505784459
5fa93e857ce95e580bef60f4,0,4671ffbdd7a25b627a96191ca649b99e917dc35,2017-09-19 15:00:59,6503,user1,1505847659
5fa93e857ce95e580bef60f5,3,55c42c7bcaea31d851ba4568e6e9d187e426bb2a,2017-09-19 15:01:06,2,user1,1505847666
5fa93e857ce95e580bef60f6,79,55c42c7bcaea31d851ba4568e6e9d187e426bb2a,2017-09-19 15:28:32,2,user1,1505849312
5fa93e857ce95e580bef60f7,48,55c42c7bcaea31d851ba4568e6e9d187e426bb2a,2017-09-19 15:45:06,2,user1,1505850306
5fa93e857ce95e580bef60f8,18,55c42c7bcaea31d851ba4568e6e9d187e426bb2a,2017-09-19 15:46:06,2,user1,1505850366
5fa93e857ce95e580bef60f9,950,f22f197fe2fcfb242af05d29696e1722368239c3,2017-09-19 16:33:03,1,user1,1505853183
5fa93e857ce95e580bef60fa,10,55c42c7bcaea31d851ba4568e6e9d187e426bb2a,2017-09-19 18:32:59,1,user1,1505860379
5fa93e857ce95e580bef60fb,21,55c42c7bcaea31d851ba4568e6e9d187e426bb2a,2017-09-19 18:33:29,2,user1,1505860409
5fa93e857ce95e580bef60fc,341,1ea1a7062ba95dd2adb6bfeae40e4e69b761d8a,2017-09-19 19:51:05,1,user1,1505865065
5fa93e857ce95e580bef60fd,261,1ea1a7062ba95dd2adb6bfeae40e4e69b761d8a,2017-09-19 20:29:12,1,user1,1505867352
5fa93e857ce95e580bef60fe,2,55c42c7bcaea31d851ba4568e6e9d187e426bb2a,2017-09-20 13:24:06,2,user1,1505928246
5fa93e857ce95e580bef60ff,89,55c42c7bcaea31d851ba4568e6e9d187e426bb2a,2017-09-20 13:33:53,1,user1,1505928833
5fa93e857ce95e580bef6100,704,4671ffbdd7a25b627a96191ca649b99e917dc35,2017-09-20 18:17:12,2,user1,1505945832
5fa93e857ce95e580bef6101,89,4671ffbdd7a25b627a96191ca649b99e917dc35,2017-09-20 18:29:16,1,user1,1505946556
5fa93e857ce95e580bef6102,82,55c42c7bcaea31d851ba4568e6e9d187e426bb2a,2017-09-21 10:29:08,1,user1,1506004148
5fa93e857ce95e580bef6103,83,10002a31320e099689975a3d80b1522bd9fc2150,2017-09-21 12:01:32,1,user1,1506009692
5fa93e857ce95e580bef6104,96,4671ffbdd7a25b627a96191ca649b99e917dc35,2017-09-21 16:02:56,1,user1,1506024176
5fa93e857ce95e580bef6105,7,6357b20efb95e7e215418beb8ea89a85bb688009,2017-09-21 16:51:50,2,user1,1506027110
5fa93e857ce95e580bef6106,46,55c42c7bcaea31d851ba4568e6e9d187e426bb2a,2017-09-21 16:57:34,1,user1,1506027454
5fa93e857ce95e580bef6107,0,4671ffbdd7a25b627a96191ca649b99e917dc35,2017-09-22 15:23:13,6503,user1,1506108193
5fa93e857ce95e580bef6108,0,55c42c7bcaea31d851ba4568e6e9d187e426bb2a,2017-09-22 15:35:53,6503,user1,1506108953
5fa93e857ce95e580bef6109,0,55c42c7bcaea31d851ba4568e6e9d187e426bb2a,2017-09-22 16:38:59,6503,user1,1506112739
5fa93e857ce95e580bef610a,0,55c42c7bcaea31d851ba4568e6e9d187e426bb2a,2017-09-22 16:56:10,2,user1,1506113770
5fa93e857ce95e580bef610b,4,55c42c7bcaea31d851ba4568e6e9d187e426bb2a,2017-09-22 16:57:27,2,user1,1506113847
5fa93e857ce95e580bef610c,0,1ea1a7062ba95dd2adb6bfeae40e4e69b761d8a,2017-09-22 22:53:20,6503,user1,1506135200
5fa93e857ce95e580bef610d,0,1ea1a7062ba95dd2adb6bfeae40e4e69b761d8a,2017-09-23 13:03:37,2,user1,1506186217
5fa93e857ce95e580bef610e,0,55c42c7bcaea31d851ba4568e6e9d187e426bb2a,2017-09-23 18:07:43,2,user1,1506204463
5fa93e857ce95e580bef610f,176,55c42c7bcaea31d851ba4568e6e9d187e426bb2a,2017-09-23 18:10:35,1,user1,1506204635
5fa93e857ce95e580bef6110,418,1ea1a7062ba95dd2adb6bfeae40e4e69b761d8a,2017-09-23 22:31:29,1,user1,1506220289
5fa93e857ce95e580bef6111,237,f22f197fe2fcfb242af05d29696e1722368239c3,2017-09-25 22:04:45,2,user1,1506391485
5fa93e857ce95e580bef6112,125,55c42c7bcaea31d851ba4568e6e9d187e426bb2a,2017-09-26 15:01:57,2,user1,1506452517
5fa93e857ce95e580bef6113,1060,f22f197fe2fcfb242af05d29696e1722368239c3,2017-09-26 17:17:14,2,user1,1506460634
5fa93e857ce95e580bef6114,57,4671ffbdd7a25b627a96191ca649b99e917dc35,2017-09-26 18:50:53,1,user1,1506466253
5fa93e857ce95e580bef6115,0,4671ffbdd7a25b627a96191ca649b99e917dc35,2017-09-26 19:32:07,6503,user1,1506468727
5fa93e857ce95e580bef6116,1103,4671ffbdd7a25b627a96191ca649b99e917dc35,2017-09-26 20:20:04,2,user1,1506471604
5fa93e857ce95e580bef6117,1085,1ea1a7062ba95dd2adb6bfeae40e4e69b761d8a,2017-09-26 22:01:55,1,user1,1506477715
5fa93e857ce95e580bef6118,0,4671ffbdd7a25b627a96191ca649b99e917dc35,2017-09-27 15:26:50,6503,user1,1506540410
5fa93e857ce95e580bef6119,140,4671ffbdd7a25b627a96191ca649b99e917dc35,2017-09-27 15:27:43,2,user1,1506540463
5fa93e857ce95e580bef611a,20,4671ffbdd7a25b627a96191ca649b99e917dc35,2017-09-27 20:36:02,2,user1,1506558962
5fa93e857ce95e580bef611b,0,9cd8a2738bd5f490c1ca7a70e281074a3d839e3b,2017-09-28 17:25:03,6503,user1,1506633903
5fa93e857ce95e580bef611c,48,55c42c7bcaea31d851ba4568e6e9d187e426bb2a,2017-09-28 17:30:13,2,user1,1506634213
5fa93e857ce95e580bef611d,15,55c42c7bcaea31d851ba4568e6e9d187e426bb2a,2017-09-28 17:37:06,1,user1,1506634626
5fa93e857ce95e580bef611e,1114,1ea1a7062ba95dd2adb6bfeae40e4e69b761d8a,2017-09-28 21:03:51,1,user1,1506647031
5fa93e857ce95e580bef611f,2,f22f197fe2fcfb242af05d29696e1722368239c3,2017-09-28 22:14:52,2,user1,1506651292
5fa93e857ce95e580bef6120,1074,f22f197fe2fcfb242af05d29696e1722368239c3,2017-09-28 22:40:44,1,user1,1506652844
5fa93e857ce95e580bef6121,4931,4671ffbdd7a25b627a96191ca649b99e917dc35,2017-09-29 19:21:13,1,user1,1506727273
5fa93e857ce95e580bef6122,3,55c42c7bcaea31d851ba4568e6e9d187e426bb2a,2017-09-29 20:46:27,2,user1,1506732387
5fa93e857ce95e580bef6123,0,1ea1a7062ba95dd2adb6bfeae40e4e69b761d8a,2017-09-29 21:00:52,6503,user1,1506733252
5fa93e857ce95e580bef6124,103,1ea1a7062ba95dd2adb6bfeae40e4e69b761d8a,2017-09-29 21:41:56,2,user1,1506735716
5fa93e857ce95e580bef6125,0,4671ffbdd7a25b627a96191ca649b99e917dc35,2017-09-30 13:25:09,6503,user1,1506792309
5fa93e857ce95e580bef6126,51,4671ffbdd7a25b627a96191ca649b99e917dc35,2017-09-30 13:28:21,2,user1,1506792501
5fa93e857ce95e580bef6127,0,4671ffbdd7a25b627a96191ca649b99e917dc35,2017-09-30 20:23:52,6503,user1,1506817432
5fa93e857ce95e580bef6128,0,4671ffbdd7a25b627a96191ca649b99e917dc35,2017-09-30 21:18:23,6503,user1,1506820703
5fa93e857ce95e580bef6129,951,4671ffbdd7a25b627a96191ca649b99e917dc35,2017-09-30 23:48:41,2,user1,1506829721
5fa93e857ce95e580bef612a,0,4671ffbdd7a25b627a96191ca649b99e917dc35,2017-10-01 22:45:00,6503,user1,1506912300
5fa93e857ce95e580bef612b,55,4671ffbdd7a25b627a96191ca649b99e917dc35,2017-10-02 19:22:59,1,user1,1506986579
5fa93e857ce95e580bef612c,565,f22f197fe2fcfb242af05d29696e1722368239c3,2017-10-02 22:14:09,2,user1,1506996849
5fa93e857ce95e580bef612d,187,55c42c7bcaea31d851ba4568e6e9d187e426bb2a,2017-10-03 14:29:43,2,user1,1507055383
5fa93e857ce95e580bef612e,74,10002a31320e099689975a3d80b1522bd9fc2150,2017-10-03 15:25:17,1,user1,1507058717
5fa93e857ce95e580bef612f,46,4671ffbdd7a25b627a96191ca649b99e917dc35,2017-10-03 15:41:20,1,user1,1507059680
5fa93e857ce95e580bef6130,618,4671ffbdd7a25b627a96191ca649b99e917dc35,2017-10-03 15:48:45,1,user1,1507060125
5fa93e857ce95e580bef6131,346,4671ffbdd7a25b627a96191ca649b99e917dc35,2017-10-03 16:09:54,1,user1,1507061394
5fa93e857ce95e580bef6132,45,55c42c7bcaea31d851ba4568e6e9d187e426bb2a,2017-10-03 18:25:24,1,user1,1507069524
5fa93e857ce95e580bef6133,0,4671ffbdd7a25b627a96191ca649b99e917dc35,2017-10-03 20:05:46,2,user1,1507075546
5fa93e857ce95e580bef6134,3,55c42c7bcaea31d851ba4568e6e9d187e426bb2a,2017-10-04 17:10:08,2,user1,1507151408
5fa93e857ce95e580bef6135,213,4671ffbdd7a25b627a96191ca649b99e917dc35,2017-10-04 17:57:26,2,user1,1507154246
5fa93e857ce95e580bef6136,17,55c42c7bcaea31d851ba4568e6e9d187e426bb2a,2017-10-04 18:56:29,1,user1,1507157789
5fa93e857ce95e580bef6137,1093,4671ffbdd7a25b627a96191ca649b99e917dc35,2017-10-04 20:02:39,1,user1,1507161759
5fa93e857ce95e580bef6138,0,9bd7d93d9cc452ac6e7d395267e4d3ecb425839a,2017-10-05 14:27:28,6503,user1,1507228048
5fa93e857ce95e580bef6139,1040,1ea1a7062ba95dd2adb6bfeae40e4e69b761d8a,2017-10-05 20:02:16,2,user1,1507248136
5fa93e857ce95e580bef613a,0,55c42c7bcaea31d851ba4568e6e9d187e426bb2a,2017-10-06 14:51:28,2,user1,1507315888
5fa93e857ce95e580bef613b,77,55c42c7bcaea31d851ba4568e6e9d187e426bb2a,2017-10-06 14:52:11,1,user1,1507315931
5fa93e857ce95e580bef613c,0,55c42c7bcaea31d851ba4568e6e9d187e426bb2a,2017-10-06 15:03:03,6503,user1,1507316583
5fa93e857ce95e580bef613d,280,55c42c7bcaea31d851ba4568e6e9d187e426bb2a,2017-10-06 15:05:16,2,user1,1507316716
5fa93e857ce95e580bef613e,387,4671ffbdd7a25b627a96191ca649b99e917dc35,2017-10-06 15:30:49,1,user1,1507318249
5fa93e857ce95e580bef613f,145,1ea1a7062ba95dd2adb6bfeae40e4e69b761d8a,2017-10-06 22:58:14,1,user1,1507345094
5fa93e857ce95e580bef6140,0,abbad5daaf59a9a9092bbcd59f4ae2897e142a16,2017-10-07 09:40:17,6503,user1,1507383617
5fa93e857ce95e580bef6141,101,4671ffbdd7a25b627a96191ca649b99e917dc35,2017-10-07 11:09:34,1,user1,1507388974
5fa93e857ce95e580bef6142,15,55c42c7bcaea31d851ba4568e6e9d187e426bb2a,2017-10-07 14:53:37,1,user1,1507402417
5fa93e857ce95e580bef6143,2,55c42c7bcaea31d851ba4568e6e9d187e426bb2a,2017-10-07 15:59:01,2,user1,1507406341
5fa93e857ce95e580bef6144,0,55c42c7bcaea31d851ba4568e6e9d187e426bb2a,2017-10-08 17:55:12,6503,user1,1507499712
5fa93e857ce95e580bef6145,833,1ea1a7062ba95dd2adb6bfeae40e4e69b761d8a,2017-10-08 22:18:54,2,user1,1507515534
5fa93e857ce95e580bef6146,65,55c42c7bcaea31d851ba4568e6e9d187e426bb2a,2017-10-09 11:51:27,1,user1,1507564287
5fa93e857ce95e580bef6147,638,4671ffbdd7a25b627a96191ca649b99e917dc35,2017-10-09 13:27:31,1,user1,1507570051
5fa93e857ce95e580bef6148,94,55c42c7bcaea31d851ba4568e6e9d187e426bb2a,2017-10-09 14:20:22,1,user1,1507573222
5fa93e857ce95e580bef6149,233,55c42c7bcaea31d851ba4568e6e9d187e426bb2a,2017-10-09 16:02:42,1,user1,1507579362
5fa93e857ce95e580bef614a,127,10002a31320e099689975a3d80b1522bd9fc2150,2017-10-09 16:12:03,1,user1,1507579923
5fa93e857ce95e580bef614b,69,55c42c7bcaea31d851ba4568e6e9d187e426bb2a,2017-10-09 17:32:31,1,user1,1507584751
5fa93e857ce95e580bef614c,15,55c42c7bcaea31d851ba4568e6e9d187e426bb2a,2017-10-09 19:49:46,1,user1,1507592986
5fa93e857ce95e580bef614d,93,55c42c7bcaea31d851ba4568e6e9d187e426bb2a,2017-10-10 10:16:02,1,user1,1507644962
5fa93e857ce95e580bef614e,155,55c42c7bcaea31d851ba4568e6e9d187e426bb2a,2017-10-10 11:54:21,2,user1,1507650861
5fa93e857ce95e580bef614f,94,4671ffbdd7a25b627a96191ca649b99e917dc35,2017-10-10 15:22:37,2,user1,1507663357
5fa93e857ce95e580bef6150,1005,4671ffbdd7a25b627a96191ca649b99e917dc35,2017-10-10 19:34:32,2,user1,1507678472
5fa93e857ce95e580bef6151,756,4671ffbdd7a25b627a96191ca649b99e917dc35,2017-10-10 19:51:50,1,user1,1507679510
5fa93e857ce95e580bef6152,0,4671ffbdd7a25b627a96191ca649b99e917dc35,2017-10-11 14:12:09,2,user1,1507745529
5fa93e857ce95e580bef6153,36,4671ffbdd7a25b627a96191ca649b99e917dc35,2017-10-11 14:14:15,2,user1,1507745655
5fa93e857ce95e580bef6154,0,fe18349dddea2e9bba378cb0683406af1ce367fb,2017-10-11 16:15:27,6503,user1,1507752927
5fa93e857ce95e580bef6155,2,55c42c7bcaea31d851ba4568e6e9d187e426bb2a,2017-10-11 16:52:21,2,user1,1507755141
5fa93e857ce95e580bef6156,10,55c42c7bcaea31d851ba4568e6e9d187e426bb2a,2017-10-11 16:53:01,1,user1,1507755181
5fa93e857ce95e580bef6157,114,55c42c7bcaea31d851ba4568e6e9d187e426bb2a,2017-10-11 16:53:16,2,user1,1507755196
5fa93e857ce95e580bef6158,457,f22f197fe2fcfb242af05d29696e1722368239c3,2017-10-11 19:20:42,2,user1,1507764042
5fa93e857ce95e580bef6159,2,f22f197fe2fcfb242af05d29696e1722368239c3,2017-10-11 21:19:25,2,user1,1507771165
5fa93e857ce95e580bef615a,166,f22f197fe2fcfb242af05d29696e1722368239c3,2017-10-11 21:21:57,1,user1,1507771317
5fa93e857ce95e580bef615b,4,4671ffbdd7a25b627a96191ca649b99e917dc35,2017-10-11 21:43:21,2,user1,1507772601
5fa93e857ce95e580bef615c,713,4671ffbdd7a25b627a96191ca649b99e917dc35,2017-10-11 21:43:40,2,user1,1507772620
5fa93e857ce95e580bef615d,476,1ea1a7062ba95dd2adb6bfeae40e4e69b761d8a,2017-10-11 22:10:26,1,user1,1507774226
5fa93e857ce95e580bef615e,6911,4671ffbdd7a25b627a96191ca649b99e917dc35,2017-10-11 22:49:20,1,user1,1507776560
5fa93e857ce95e580bef615f,472,f22f197fe2fcfb242af05d29696e1722368239c3,2017-10-12 00:58:07,2,user1,1507784287
5fa93e857ce95e580bef6160,35,c8f24c09806f0397148c624b82a6758fcf11dba2,2017-10-12 15:11:16,2,user1,1507835476
5fa93e857ce95e580bef6161,93,55c42c7bcaea31d851ba4568e6e9d187e426bb2a,2017-10-12 16:51:18,2,user1,1507841478
5fa93e857ce95e580bef6162,45,55c42c7bcaea31d851ba4568e6e9d187e426bb2a,2017-10-12 18:11:29,1,user1,1507846289
5fa93e857ce95e580bef6163,184,4671ffbdd7a25b627a96191ca649b99e917dc35,2017-10-12 19:28:15,1,user1,1507850895
5fa93e857ce95e580bef6164,98,4671ffbdd7a25b627a96191ca649b99e917dc35,2017-10-12 21:01:12,2,user1,1507856472
5fa93e857ce95e580bef6165,0,4671ffbdd7a25b627a96191ca649b99e917dc35,2017-10-12 23:23:53,6503,user1,1507865033
5fa93e857ce95e580bef6166,22,4ccc14d874d3c638682dded3994d5a6e0cb1a4d1,2017-10-13 14:27:55,2,user1,1507919275
5fa93e857ce95e580bef6167,2,55c42c7bcaea31d851ba4568e6e9d187e426bb2a,2017-10-13 14:49:38,2,user1,1507920578
5fa93e857ce95e580bef6168,31,55c42c7bcaea31d851ba4568e6e9d187e426bb2a,2017-10-13 15:07:30,1,user1,1507921650
5fa93e857ce95e580bef6169,0,1ea1a7062ba95dd2adb6bfeae40e4e69b761d8a,2017-10-13 19:43:54,6503,user1,1507938234
5fa93e857ce95e580bef616a,240,1ea1a7062ba95dd2adb6bfeae40e4e69b761d8a,2017-10-13 19:46:15,2,user1,1507938375
5fa93e857ce95e580bef616b,175,55c42c7bcaea31d851ba4568e6e9d187e426bb2a,2017-10-16 16:04:56,1,user1,1508184296
5fa93e857ce95e580bef616c,48,55c42c7bcaea31d851ba4568e6e9d187e426bb2a,2017-10-16 16:22:47,1,user1,1508185367
5fa93e857ce95e580bef616d,87,55c42c7bcaea31d851ba4568e6e9d187e426bb2a,2017-10-16 16:23:49,1,user1,1508185429
5fa93e857ce95e580bef616e,41,4671ffbdd7a25b627a96191ca649b99e917dc35,2017-10-16 21:12:42,2,user1,1508202762
5fa93e857ce95e580bef616f,0,4671ffbdd7a25b627a96191ca649b99e917dc35,2017-10-16 21:41:06,2,user1,1508204466
5fa93e857ce95e580bef6170,0,4671ffbdd7a25b627a96191ca649b99e917dc35,2017-10-16 22:21:51,6503,user1,1508206911
5fa93e857ce95e580bef6171,184,4671ffbdd7a25b627a96191ca649b99e917dc35,2017-10-16 22:25:45,2,user1,1508207145
5fa93e857ce95e580bef6172,126,55c42c7bcaea31d851ba4568e6e9d187e426bb2a,2017-10-17 15:42:06,2,user1,1508269326
5fa93e857ce95e580bef6173,63,55c42c7bcaea31d851ba4568e6e9d187e426bb2a,2017-10-17 16:27:06,2,user1,1508272026
5fa93e857ce95e580bef6174,663,4671ffbdd7a25b627a96191ca649b99e917dc35,2017-10-17 17:34:00,2,user1,1508276040
5fa93e857ce95e580bef6175,0,8bb90dc27a6425cfa0c0b670c1c78fd08ff38297,2017-10-18 13:51:16,2,user1,1508349076
5fa93e857ce95e580bef6176,95,f22f197fe2fcfb242af05d29696e1722368239c3,2017-10-18 13:51:26,2,user1,1508349086
5fa93e857ce95e580bef6177,823,f22f197fe2fcfb242af05d29696e1722368239c3,2017-10-18 14:09:11,2,user1,1508350151
5fa93e857ce95e580bef6178,30,55c42c7bcaea31d851ba4568e6e9d187e426bb2a,2017-10-19 15:13:35,2,user1,1508440415
5fa93e857ce95e580bef6179,0,55c42c7bcaea31d851ba4568e6e9d187e426bb2a,2017-10-19 15:16:08,6503,user1,1508440568
5fa93e857ce95e580bef617a,70,55c42c7bcaea31d851ba4568e6e9d187e426bb2a,2017-10-19 15:16:37,1,user1,1508440597
5fa93e857ce95e580bef617b,33,f22f197fe2fcfb242af05d29696e1722368239c3,2017-10-19 15:26:44,1,user1,1508441204
5fa93e857ce95e580bef617c,21,8e19dd0e86ebfa151a467b12a5af36bdac81cee4,2017-10-19 15:56:28,2,user1,1508442988
5fa93e857ce95e580bef617d,121,55c42c7bcaea31d851ba4568e6e9d187e426bb2a,2017-10-19 16:26:53,2,user1,1508444813
5fa93e857ce95e580bef617e,85,55c42c7bcaea31d851ba4568e6e9d187e426bb2a,2017-10-19 16:29:42,2,user1,1508444982
5fa93e857ce95e580bef617f,1109,4671ffbdd7a25b627a96191ca649b99e917dc35,2017-10-19 21:33:47,2,user1,1508463227
5fa93e857ce95e580bef6180,40,f22f197fe2fcfb242af05d29696e1722368239c3,2017-10-20 15:19:28,2,user1,1508527168
5fa93e857ce95e580bef6181,1007,f22f197fe2fcfb242af05d29696e1722368239c3,2017-10-20 15:21:52,2,user1,1508527312
5fa93e857ce95e580bef6182,0,4671ffbdd7a25b627a96191ca649b99e917dc35,2017-10-20 19:06:54,6503,user1,1508540814
5fa93e857ce95e580bef6183,260,4671ffbdd7a25b627a96191ca649b99e917dc35,2017-10-20 20:29:28,2,user1,1508545768
5fa93e857ce95e580bef6184,3,4671ffbdd7a25b627a96191ca649b99e917dc35,2017-10-20 21:46:54,2,user1,1508550414
5fa93e857ce95e580bef6185,3254,4671ffbdd7a25b627a96191ca649b99e917dc35,2017-10-20 21:48:41,2,user1,1508550521
5fa93e857ce95e580bef6186,0,6332538cb138de994a14c1320f2ccfa18593c3c8,2017-10-21 13:34:58,6503,user1,1508607298
5fa93e857ce95e580bef6187,21,55c42c7bcaea31d851ba4568e6e9d187e426bb2a,2017-10-21 17:01:46,1,user1,1508619706
5fa93e857ce95e580bef6188,0,6accbdd8a1bd222baf7baf11e029fc559cb84d2d,2017-10-22 17:24:01,6503,user1,1508707441
5fa93e857ce95e580bef6189,0,55c42c7bcaea31d851ba4568e6e9d187e426bb2a,2017-10-22 18:55:57,2,user1,1508712957
5fa93e857ce95e580bef618a,120,f22f197fe2fcfb242af05d29696e1722368239c3,2017-10-22 18:56:38,2,user1,1508712998
5fa93e857ce95e580bef618b,95,1ea1a7062ba95dd2adb6bfeae40e4e69b761d8a,2017-10-22 22:06:18,1,user1,1508724378
5fa93e857ce95e580bef618c,1339,1ea1a7062ba95dd2adb6bfeae40e4e69b761d8a,2017-10-22 22:14:37,2,user1,1508724877
5fa93e857ce95e580bef618d,85,55c42c7bcaea31d851ba4568e6e9d187e426bb2a,2017-10-23 17:14:27,1,user1,1508793267
5fa93e857ce95e580bef618e,0,55c42c7bcaea31d851ba4568e6e9d187e426bb2a,2017-10-24 08:31:05,2,user1,1508848265
5fa93e857ce95e580bef618f,0,55c42c7bcaea31d851ba4568e6e9d187e426bb2a,2017-10-24 08:32:29,6503,user1,1508848349
5fa93e857ce95e580bef6190,3,55c42c7bcaea31d851ba4568e6e9d187e426bb2a,2017-10-24 08:33:05,2,user1,1508848385
5fa93e857ce95e580bef6191,101,55c42c7bcaea31d851ba4568e6e9d187e426bb2a,2017-10-24 12:43:04,1,user1,1508863384
5fa93e857ce95e580bef6192,0,55c42c7bcaea31d851ba4568e6e9d187e426bb2a,2017-10-24 12:49:54,6503,user1,1508863794
5fa93e857ce95e580bef6193,0,55c42c7bcaea31d851ba4568e6e9d187e426bb2a,2017-10-24 12:52:12,6503,user1,1508863932
5fa93e857ce95e580bef6194,9,55c42c7bcaea31d851ba4568e6e9d187e426bb2a,2017-10-24 12:59:35,2,user1,1508864375
5fa93e857ce95e580bef6195,104,55c42c7bcaea31d851ba4568e6e9d187e426bb2a,2017-10-24 13:59:47,1,user1,1508867987
5fa93e857ce95e580bef6196,71,55c42c7bcaea31d851ba4568e6e9d187e426bb2a,2017-10-24 14:10:30,1,user1,1508868630
5fa93e857ce95e580bef6197,633,4671ffbdd7a25b627a96191ca649b99e917dc35,2017-10-24 21:43:19,2,user1,1508895799
5fa93e857ce95e580bef6198,0,4671ffbdd7a25b627a96191ca649b99e917dc35,2017-10-24 22:06:12,6503,user1,1508897172
5fa93e857ce95e580bef6199,423,55c42c7bcaea31d851ba4568e6e9d187e426bb2a,2017-10-25 16:32:55,1,user1,1508963575
5fa93e857ce95e580bef619a,64,1ea1a7062ba95dd2adb6bfeae40e4e69b761d8a,2017-10-25 19:27:48,1,user1,1508974068
5fa93e857ce95e580bef619b,345,f22f197fe2fcfb242af05d29696e1722368239c3,2017-10-25 21:52:08,2,user1,1508982728
5fa93e857ce95e580bef619c,77,55c42c7bcaea31d851ba4568e6e9d187e426bb2a,2017-10-26 15:19:56,2,user1,1509045596
5fa93e857ce95e580bef619d,0,55c42c7bcaea31d851ba4568e6e9d187e426bb2a,2017-10-26 15:39:46,6503,user1,1509046786
5fa93e857ce95e580bef619e,38,55c42c7bcaea31d851ba4568e6e9d187e426bb2a,2017-10-26 15:40:28,2,user1,1509046828
5fa93e857ce95e580bef619f,133,55c42c7bcaea31d851ba4568e6e9d187e426bb2a,2017-10-26 18:11:33,1,user1,1509055893
5fa93e857ce95e580bef61a0,20,55c42c7bcaea31d851ba4568e6e9d187e426bb2a,2017-10-26 18:16:37,2,user1,1509056197
5fa93e857ce95e580bef61a1,256,f22f197fe2fcfb242af05d29696e1722368239c3,2017-10-26 20:33:41,2,user1,1509064421
5fa93e857ce95e580bef61a2,605,4671ffbdd7a25b627a96191ca649b99e917dc35,2017-10-26 20:38:15,2,user1,1509064695
5fa93e857ce95e580bef61a3,206,1ea1a7062ba95dd2adb6bfeae40e4e69b761d8a,2017-10-27 23:43:27,2,user1,1509162207
5fa93e857ce95e580bef61a4,0,10002a31320e099689975a3d80b1522bd9fc2150,2017-10-28 11:38:28,6503,user1,1509205108
5fa93e857ce95e580bef61a5,5,10002a31320e099689975a3d80b1522bd9fc2150,2017-10-28 12:19:23,2,user1,1509207563
5fa93e857ce95e580bef61a6,133,55c42c7bcaea31d851ba4568e6e9d187e426bb2a,2017-10-28 12:53:32,1,user1,1509209612
5fa93e857ce95e580bef61a7,86,55c42c7bcaea31d851ba4568e6e9d187e426bb2a,2017-10-28 15:07:50,1,user1,1509217670
5fa93e857ce95e580bef61a8,2,55c42c7bcaea31d851ba4568e6e9d187e426bb2a,2017-10-29 12:20:44,2,user1,1509294044
5fa93e857ce95e580bef61a9,0,4671ffbdd7a25b627a96191ca649b99e917dc35,2017-10-29 15:45:35,6503,user1,1509306335
5fa93e857ce95e580bef61aa,2,4671ffbdd7a25b627a96191ca649b99e917dc35,2017-10-29 16:43:38,2,user1,1509309818
5fa93e857ce95e580bef61ab,0,4671ffbdd7a25b627a96191ca649b99e917dc35,2017-10-29 16:48:02,6503,user1,1509310082
5fa93e857ce95e580bef61ac,2042,4671ffbdd7a25b627a96191ca649b99e917dc35,2017-10-29 16:50:22,2,user1,1509310222
5fa93e857ce95e580bef61ad,289,4671ffbdd7a25b627a96191ca649b99e917dc35,2017-10-29 17:24:36,2,user1,1509312276
5fa93e857ce95e580bef61ae,1597,4671ffbdd7a25b627a96191ca649b99e917dc35,2017-10-29 20:54:11,1,user1,1509324851
5fa93e857ce95e580bef61af,473,4671ffbdd7a25b627a96191ca649b99e917dc35,2017-10-29 22:30:49,1,user1,1509330649
5fa93e857ce95e580bef61b0,579,4671ffbdd7a25b627a96191ca649b99e917dc35,2017-10-29 23:08:42,1,user1,1509332922
5fa93e857ce95e580bef61b1,2,f22f197fe2fcfb242af05d29696e1722368239c3,2017-10-30 14:21:34,2,user1,1509387694
5fa93e857ce95e580bef61b2,0,f22f197fe2fcfb242af05d29696e1722368239c3,2017-10-30 14:28:59,10,user1,1509388139
5fa93e857ce95e580bef61b3,1,f22f197fe2fcfb242af05d29696e1722368239c3,2017-10-30 14:48:16,2,user1,1509389296
5fa93e857ce95e580bef61b4,343,f22f197fe2fcfb242af05d29696e1722368239c3,2017-10-30 14:59:50,1,user1,1509389990
5fa93e857ce95e580bef61b5,354,55c42c7bcaea31d851ba4568e6e9d187e426bb2a,2017-10-30 16:19:51,2,user1,1509394791
5fa93e857ce95e580bef61b6,0,55c42c7bcaea31d851ba4568e6e9d187e426bb2a,2017-10-30 16:25:58,2,user1,1509395158
5fa93e857ce95e580bef61b7,1141,4671ffbdd7a25b627a96191ca649b99e917dc35,2017-10-30 17:20:07,1,user1,1509398407
5fa93e857ce95e580bef61b8,4819,4671ffbdd7a25b627a96191ca649b99e917dc35,2017-10-30 18:10:28,1,user1,1509401428
5fa93e857ce95e580bef61b9,280,1ea1a7062ba95dd2adb6bfeae40e4e69b761d8a,2017-10-30 20:41:08,1,user1,1509410468
5fa93e857ce95e580bef61ba,584,4671ffbdd7a25b627a96191ca649b99e917dc35,2017-10-30 21:27:15,2,user1,1509413235
5fa93e857ce95e580bef61bb,4,4671ffbdd7a25b627a96191ca649b99e917dc35,2017-10-30 21:37:12,2,user1,1509413832
5fa93e857ce95e580bef61bc,3,4671ffbdd7a25b627a96191ca649b99e917dc35,2017-10-30 21:37:23,2,user1,1509413843
5fa93e857ce95e580bef61bd,1152,4671ffbdd7a25b627a96191ca649b99e917dc35,2017-10-30 21:38:22,1,user1,1509413902
5fa93e857ce95e580bef61be,5,55c42c7bcaea31d851ba4568e6e9d187e426bb2a,2017-10-31 14:42:21,2,user1,1509475341
5fa93e857ce95e580bef61bf,0,55c42c7bcaea31d851ba4568e6e9d187e426bb2a,2017-10-31 14:43:09,6503,user1,1509475389
5fa93e857ce95e580bef61c0,177,55c42c7bcaea31d851ba4568e6e9d187e426bb2a,2017-10-31 14:47:42,2,user1,1509475662
5fa93e857ce95e580bef61c1,87,4671ffbdd7a25b627a96191ca649b99e917dc35,2017-10-31 15:17:34,2,user1,1509477454
5fa93e857ce95e580bef61c2,3,4671ffbdd7a25b627a96191ca649b99e917dc35,2017-10-31 15:32:10,2,user1,1509478330
5fa93e857ce95e580bef61c3,27,55c42c7bcaea31d851ba4568e6e9d187e426bb2a,2017-10-31 16:33:11,2,user1,1509481991
5fa93e857ce95e580bef61c4,20,55c42c7bcaea31d851ba4568e6e9d187e426bb2a,2017-10-31 16:50:04,2,user1,1509483004
5fa93e857ce95e580bef61c5,23,4671ffbdd7a25b627a96191ca649b99e917dc35,2017-10-31 20:14:14,2,user1,1509495254
5fa93e857ce95e580bef61c6,3455,4671ffbdd7a25b627a96191ca649b99e917dc35,2017-10-31 20:33:44,1,user1,1509496424
5fa93e857ce95e580bef61c7,112,4671ffbdd7a25b627a96191ca649b99e917dc35,2017-10-31 21:50:55,1,user1,1509501055
5fa93e857ce95e580bef61c8,0,4671ffbdd7a25b627a96191ca649b99e917dc35,2017-10-31 22:23:06,6503,user1,1509502986
5fa93e857ce95e580bef61c9,36,55c42c7bcaea31d851ba4568e6e9d187e426bb2a,2017-11-01 15:03:42,1,user1,1509563022
5fa93e857ce95e580bef61ca,0,4671ffbdd7a25b627a96191ca649b99e917dc35,2017-11-01 23:31:19,6503,user1,1509593479
5fa93e857ce95e580bef61cb,101,f22f197fe2fcfb242af05d29696e1722368239c3,2017-11-02 07:38:16,2,user1,1509622696
5fa93e857ce95e580bef61cc,0,4671ffbdd7a25b627a96191ca649b99e917dc35,2017-11-02 16:53:43,6503,user1,1509656023
5fa93e857ce95e580bef61cd,8,55c42c7bcaea31d851ba4568e6e9d187e426bb2a,2017-11-02 19:44:48,1,user1,1509666288
5fa93e857ce95e580bef61ce,0,55c42c7bcaea31d851ba4568e6e9d187e426bb2a,2017-11-02 19:55:36,2,user1,1509666936
5fa93e857ce95e580bef61cf,28,55c42c7bcaea31d851ba4568e6e9d187e426bb2a,2017-11-02 19:56:20,2,user1,1509666980
5fa93e857ce95e580bef61d0,0,abd75485a04dfb1e6622948b8de4b2a2f6cd6aa0,2017-11-03 12:19:05,6503,user1,1509725945
5fa93e857ce95e580bef61d1,0,45c087601032bf415b93f6b57a3585e638f0a4f4,2017-11-03 12:20:18,6503,user1,1509726018
5fa93e857ce95e580bef61d2,42,10002a31320e099689975a3d80b1522bd9fc2150,2017-11-03 13:41:20,2,user1,1509730880
5fa93e857ce95e580bef61d3,95,55c42c7bcaea31d851ba4568e6e9d187e426bb2a,2017-11-03 15:55:55,2,user1,1509738955
5fa93e857ce95e580bef61d4,75,55c42c7bcaea31d851ba4568e6e9d187e426bb2a,2017-11-04 09:58:05,2,user1,1509803885
5fa93e857ce95e580bef61d5,11,55c42c7bcaea31d851ba4568e6e9d187e426bb2a,2017-11-04 10:43:53,1,user1,1509806633
5fa93e857ce95e580bef61d6,13,55c42c7bcaea31d851ba4568e6e9d187e426bb2a,2017-11-04 10:46:28,2,user1,1509806788
5fa93e857ce95e580bef61d7,0,55c42c7bcaea31d851ba4568e6e9d187e426bb2a,2017-11-04 17:32:06,6503,user1,1509831126
5fa93e857ce95e580bef61d8,63,55c42c7bcaea31d851ba4568e6e9d187e426bb2a,2017-11-04 17:34:16,2,user1,1509831256
5fa93e857ce95e580bef61d9,24,55c42c7bcaea31d851ba4568e6e9d187e426bb2a,2017-11-04 19:25:57,1,user1,1509837957
5fa93e857ce95e580bef61da,139,1ea1a7062ba95dd2adb6bfeae40e4e69b761d8a,2017-11-04 21:43:27,1,user1,1509846207
5fa93e857ce95e580bef61db,29,1ea1a7062ba95dd2adb6bfeae40e4e69b761d8a,2017-11-04 22:02:08,1,user1,1509847328
5fa93e857ce95e580bef61dc,30,4671ffbdd7a25b627a96191ca649b99e917dc35,2017-11-06 16:52:20,1,user1,1510005140
5fa93e857ce95e580bef61dd,24,8e19dd0e86ebfa151a467b12a5af36bdac81cee4,2017-11-06 16:58:22,2,user1,1510005502
5fa93e857ce95e580bef61de,7,8e19dd0e86ebfa151a467b12a5af36bdac81cee4,2017-11-06 16:59:04,2,user1,1510005544
5fa93e857ce95e580bef61df,14,8e19dd0e86ebfa151a467b12a5af36bdac81cee4,2017-11-06 16:59:49,1,user1,1510005589
5fa93e857ce95e580bef61e0,1,4671ffbdd7a25b627a96191ca649b99e917dc35,2017-11-06 18:11:56,2,user1,1510009916
5fa93e857ce95e580bef61e1,3264,4671ffbdd7a25b627a96191ca649b99e917dc35,2017-11-06 18:41:14,1,user1,1510011674
5fa93e857ce95e580bef61e2,172,55c42c7bcaea31d851ba4568e6e9d187e426bb2a,2017-11-07 11:44:03,1,user1,1510073043
5fa93e857ce95e580bef61e3,84,55c42c7bcaea31d851ba4568e6e9d187e426bb2a,2017-11-07 14:17:41,1,user1,1510082261
5fa93e857ce95e580bef61e4,0,b10df12280795ad3af44f9db8d3eb63a28ae8576,2017-11-07 16:19:10,6503,user1,1510089550
5fa93e857ce95e580bef61e5,0,10002a31320e099689975a3d80b1522bd9fc2150,2017-11-07 16:21:30,6503,user1,1510089690
5fa93e857ce95e580bef61e6,296,964aa7a6bc4f42cf2fb67c4dcd37bfe2bd206317,2017-11-07 17:24:13,1,user1,1510093453
5fa93e857ce95e580bef61e7,19,10002a31320e099689975a3d80b1522bd9fc2150,2017-11-07 17:33:16,2,user1,1510093996
5fa93e857ce95e580bef61e8,23,55c42c7bcaea31d851ba4568e6e9d187e426bb2a,2017-11-07 19:32:52,1,user1,1510101172
5fa93e857ce95e580bef61e9,165,55c42c7bcaea31d851ba4568e6e9d187e426bb2a,2017-11-07 19:33:44,2,user1,1510101224
5fa93e857ce95e580bef61ea,0,f22f197fe2fcfb242af05d29696e1722368239c3,2017-11-08 13:51:38,6503,user1,1510167098
5fa93e857ce95e580bef61eb,180,55c42c7bcaea31d851ba4568e6e9d187e426bb2a,2017-11-08 15:04:17,2,user1,1510171457
5fa93e857ce95e580bef61ec,316,4671ffbdd7a25b627a96191ca649b99e917dc35,2017-11-08 16:26:25,1,user1,1510176385
5fa93e857ce95e580bef61ed,0,55c42c7bcaea31d851ba4568e6e9d187e426bb2a,2017-11-08 16:33:18,2,user1,1510176798
5fa93e857ce95e580bef61ee,95,55c42c7bcaea31d851ba4568e6e9d187e426bb2a,2017-11-08 16:33:58,1,user1,1510176838
5fa93e857ce95e580bef61ef,768,4671ffbdd7a25b627a96191ca649b99e917dc35,2017-11-08 19:48:38,2,user1,1510188518
5fa93e857ce95e580bef61f0,331,4671ffbdd7a25b627a96191ca649b99e917dc35,2017-11-08 22:23:59,1,user1,1510197839
5fa93e857ce95e580bef61f1,115,55c42c7bcaea31d851ba4568e6e9d187e426bb2a,2017-11-09 15:57:06,2,user1,1510261026
5fa93e857ce95e580bef61f2,3,55c42c7bcaea31d851ba4568e6e9d187e426bb2a,2017-11-09 19:25:34,2,user1,1510273534
5fa93e857ce95e580bef61f3,0,55c42c7bcaea31d851ba4568e6e9d187e426bb2a,2017-11-09 19:26:42,6503,user1,1510273602
5fa93e857ce95e580bef61f4,31,55c42c7bcaea31d851ba4568e6e9d187e426bb2a,2017-11-09 19:27:31,2,user1,1510273651
5fa93e857ce95e580bef61f5,10,4671ffbdd7a25b627a96191ca649b99e917dc35,2017-11-09 19:44:18,1,user1,1510274658
5fa93e857ce95e580bef61f6,915,4671ffbdd7a25b627a96191ca649b99e917dc35,2017-11-09 19:47:29,2,user1,1510274849
5fa93e857ce95e580bef61f7,38,f22f197fe2fcfb242af05d29696e1722368239c3,2017-11-10 11:34:23,1,user1,1510331663
5fa93e857ce95e580bef61f8,31,f22f197fe2fcfb242af05d29696e1722368239c3,2017-11-10 11:38:45,2,user1,1510331925
5fa93e857ce95e580bef61f9,0,7e14b5e58dc4fd33f91e862151aeb029d074e072,2017-11-10 12:09:00,6503,user1,1510333740
5fa93e857ce95e580bef61fa,0,4671ffbdd7a25b627a96191ca649b99e917dc35,2017-11-10 15:12:25,2,user1,1510344745
5fa93e857ce95e580bef61fb,114,55c42c7bcaea31d851ba4568e6e9d187e426bb2a,2017-11-10 15:12:49,2,user1,1510344769
5fa93e857ce95e580bef61fc,0,55c42c7bcaea31d851ba4568e6e9d187e426bb2a,2017-11-10 15:21:45,6503,user1,1510345305
5fa93e857ce95e580bef61fd,0,55c42c7bcaea31d851ba4568e6e9d187e426bb2a,2017-11-10 15:22:42,6503,user1,1510345362
5fa93e857ce95e580bef61fe,5,55c42c7bcaea31d851ba4568e6e9d187e426bb2a,2017-11-10 15:32:01,2,user1,1510345921
5fa93e857ce95e580bef61ff,3,55c42c7bcaea31d851ba4568e6e9d187e426bb2a,2017-11-10 15:33:09,2,user1,1510345989
5fa93e857ce95e580bef6200,46,55c42c7bcaea31d851ba4568e6e9d187e426bb2a,2017-11-10 15:34:06,1,user1,1510346046
5fa93e857ce95e580bef6201,20,8e19dd0e86ebfa151a467b12a5af36bdac81cee4,2017-11-10 15:54:16,2,user1,1510347256
5fa93e857ce95e580bef6203,901,4671ffbdd7a25b627a96191ca649b99e917dc35,2017-11-10 16:22:22,1,user1,1510348942
5fa93e857ce95e580bef6202,19,55c42c7bcaea31d851ba4568e6e9d187e426bb2a,2017-11-10 16:37:07,1,user1,1510349827
5fa93e857ce95e580bef6204,560,4671ffbdd7a25b627a96191ca649b99e917dc35,2017-11-11 12:12:05,2,user1,1510420325
5fa93e857ce95e580bef6205,16,55c42c7bcaea31d851ba4568e6e9d187e426bb2a,2017-11-11 14:47:45,1,user1,1510429665
5fa93e857ce95e580bef6206,15,55c42c7bcaea31d851ba4568e6e9d187e426bb2a,2017-11-11 16:11:33,2,user1,1510434693
5fa93e857ce95e580bef6207,11,55c42c7bcaea31d851ba4568e6e9d187e426bb2a,2017-11-12 16:05:02,1,user1,1510520702
5fa93e857ce95e580bef6208,0,f22f197fe2fcfb242af05d29696e1722368239c3,2017-11-13 15:20:28,6503,user1,1510604428
5fa93e857ce95e580bef6209,0,4671ffbdd7a25b627a96191ca649b99e917dc35,2017-11-13 15:22:20,6503,user1,1510604540
5fa93e857ce95e580bef620a,1316,4671ffbdd7a25b627a96191ca649b99e917dc35,2017-11-13 17:45:07,1,user1,1510613107
5fa93e857ce95e580bef620b,73,64ebb5c8d68bd4fe4cdd2e52a1fbac3e4d0681b1,2017-11-13 18:12:23,2,user1,1510614743
5fa93e857ce95e580bef620c,35,55c42c7bcaea31d851ba4568e6e9d187e426bb2a,2017-11-13 18:30:58,1,user1,1510615858
5fa93e857ce95e580bef620d,1090,4671ffbdd7a25b627a96191ca649b99e917dc35,2017-11-14 17:23:59,1,user1,1510698239
5fa93e857ce95e580bef620e,29,10002a31320e099689975a3d80b1522bd9fc2150,2017-11-14 18:25:33,1,user1,1510701933
5fa93e857ce95e580bef620f,49,4671ffbdd7a25b627a96191ca649b99e917dc35,2017-11-14 19:19:08,2,user1,1510705148
5fa93e857ce95e580bef6210,110,55c42c7bcaea31d851ba4568e6e9d187e426bb2a,2017-11-15 16:25:46,1,user1,1510781146
5fa93e857ce95e580bef6211,28,55c42c7bcaea31d851ba4568e6e9d187e426bb2a,2017-11-15 16:27:56,1,user1,1510781276
5fa93e857ce95e580bef6212,55,55c42c7bcaea31d851ba4568e6e9d187e426bb2a,2017-11-16 14:42:04,2,user1,1510861324
5fa93e857ce95e580bef6213,0,1ea1a7062ba95dd2adb6bfeae40e4e69b761d8a,2017-11-16 20:25:35,6503,user1,1510881935
5fa93e857ce95e580bef6214,3,1ea1a7062ba95dd2adb6bfeae40e4e69b761d8a,2017-11-16 21:51:14,2,user1,1510887074
5fa93e857ce95e580bef6215,7,996fef10aa855437ef5d1f647f840efb761b21b4,2017-11-17 10:56:38,1,user1,1510934198
5fa93e857ce95e580bef6216,97,55c42c7bcaea31d851ba4568e6e9d187e426bb2a,2017-11-18 11:26:31,1,user1,1511022391
5fa93e857ce95e580bef6217,34,55c42c7bcaea31d851ba4568e6e9d187e426bb2a,2017-11-18 13:06:59,1,user1,1511028419
5fa93e857ce95e580bef6218,0,b4d8e50b75a621e79c6c1ba20a84acd2f75f4a08,2017-11-18 15:24:04,1,user1,1511036644
5fa93e857ce95e580bef6219,172,4671ffbdd7a25b627a96191ca649b99e917dc35,2017-11-19 14:30:04,2,user1,1511119804
5fa93e857ce95e580bef621a,4,55c42c7bcaea31d851ba4568e6e9d187e426bb2a,2017-11-19 17:26:40,2,user1,1511130400
5fa93e857ce95e580bef621b,0,55c42c7bcaea31d851ba4568e6e9d187e426bb2a,2017-11-19 17:26:52,2,user1,1511130412
5fa93e857ce95e580bef621c,54,55c42c7bcaea31d851ba4568e6e9d187e426bb2a,2017-11-19 18:11:08,2,user1,1511133068
5fa93e857ce95e580bef621d,472,4671ffbdd7a25b627a96191ca649b99e917dc35,2017-11-20 21:29:19,1,user1,1511231359
5fa93e857ce95e580bef621e,129,4671ffbdd7a25b627a96191ca649b99e917dc35,2017-11-20 23:09:45,1,user1,1511237385
5fa93e857ce95e580bef621f,2461,4671ffbdd7a25b627a96191ca649b99e917dc35,2017-11-21 17:58:09,2,user1,1511305089
5fa93e857ce95e580bef6220,43,55c42c7bcaea31d851ba4568e6e9d187e426bb2a,2017-11-22 16:44:44,1,user1,1511387084
5fa93e857ce95e580bef6221,5,55c42c7bcaea31d851ba4568e6e9d187e426bb2a,2017-11-22 16:45:54,2,user1,1511387154
5fa93e857ce95e580bef6222,0,55c42c7bcaea31d851ba4568e6e9d187e426bb2a,2017-11-22 17:34:38,6503,user1,1511390078
5fa93e857ce95e580bef6223,9,55c42c7bcaea31d851ba4568e6e9d187e426bb2a,2017-11-22 17:38:23,2,user1,1511390303
5fa93e857ce95e580bef6224,37,55c42c7bcaea31d851ba4568e6e9d187e426bb2a,2017-11-22 17:39:21,1,user1,1511390361
5fa93e857ce95e580bef6225,43,55c42c7bcaea31d851ba4568e6e9d187e426bb2a,2017-11-22 18:37:01,2,user1,1511393821
5fa93e857ce95e580bef6226,601,4671ffbdd7a25b627a96191ca649b99e917dc35,2017-11-23 17:58:29,2,user1,1511477909
5fa93e857ce95e580bef6227,44,55c42c7bcaea31d851ba4568e6e9d187e426bb2a,2017-11-24 16:57:53,1,user1,1511560673
5fa93e857ce95e580bef6228,28,55c42c7bcaea31d851ba4568e6e9d187e426bb2a,2017-11-24 17:48:30,1,user1,1511563710
5fa93e857ce95e580bef6229,0,55c42c7bcaea31d851ba4568e6e9d187e426bb2a,2017-11-25 10:38:11,6503,user1,1511624291
5fa93e857ce95e580bef622a,29,55c42c7bcaea31d851ba4568e6e9d187e426bb2a,2017-11-25 10:38:47,2,user1,1511624327
5fa93e857ce95e580bef622b,0,10002a31320e099689975a3d80b1522bd9fc2150,2017-11-25 16:36:22,10,user1,1511645782
5fa93e857ce95e580bef622c,0,10002a31320e099689975a3d80b1522bd9fc2150,2017-11-25 16:37:34,3,user1,1511645854
5fa93e857ce95e580bef622d,0,4671ffbdd7a25b627a96191ca649b99e917dc35,2017-11-26 12:25:59,6503,user1,1511717159
5fa93e857ce95e580bef622e,74,4671ffbdd7a25b627a96191ca649b99e917dc35,2017-11-26 13:21:43,2,user1,1511720503
5fa93e857ce95e580bef622f,0,4671ffbdd7a25b627a96191ca649b99e917dc35,2017-11-26 14:08:07,6503,user1,1511723287
5fa93e857ce95e580bef6230,29,4671ffbdd7a25b627a96191ca649b99e917dc35,2017-11-26 17:29:55,2,user1,1511735395
5fa93e857ce95e580bef6231,1275,1ea1a7062ba95dd2adb6bfeae40e4e69b761d8a,2017-11-26 17:34:44,2,user1,1511735684
5fa93e857ce95e580bef6232,89,f22f197fe2fcfb242af05d29696e1722368239c3,2017-11-27 15:28:46,1,user1,1511814526
5fa93e857ce95e580bef6233,104,30483514cea42f0a907c710c2095cfe902377235,2017-11-27 15:50:21,2,user1,1511815821
5fa93e857ce95e580bef6234,0,55c42c7bcaea31d851ba4568e6e9d187e426bb2a,2017-11-27 15:56:27,6503,user1,1511816187
5fa93e857ce95e580bef6235,0,55c42c7bcaea31d851ba4568e6e9d187e426bb2a,2017-11-27 16:03:41,6503,user1,1511816621
5fa93e857ce95e580bef6236,14,55c42c7bcaea31d851ba4568e6e9d187e426bb2a,2017-11-27 16:05:23,2,user1,1511816723
5fa93e857ce95e580bef6237,0,55c42c7bcaea31d851ba4568e6e9d187e426bb2a,2017-11-27 16:24:07,6503,user1,1511817847
5fa93e857ce95e580bef6238,2,55c42c7bcaea31d851ba4568e6e9d187e426bb2a,2017-11-27 17:15:11,2,user1,1511820911
5fa93e857ce95e580bef6239,2353,4671ffbdd7a25b627a96191ca649b99e917dc35,2017-11-27 20:48:12,1,user1,1511833692
5fa93e857ce95e580bef623a,2,f22f197fe2fcfb242af05d29696e1722368239c3,2017-11-28 20:18:15,2,user1,1511918295
5fa93e857ce95e580bef623b,208,1ea1a7062ba95dd2adb6bfeae40e4e69b761d8a,2017-11-28 20:19:32,1,user1,1511918372
5fa93e857ce95e580bef623c,126,4671ffbdd7a25b627a96191ca649b99e917dc35,2017-11-28 21:06:22,2,user1,1511921182
5fa93e857ce95e580bef623d,123,4671ffbdd7a25b627a96191ca649b99e917dc35,2017-11-29 21:32:49,2,user1,1512009169
5fa93e857ce95e580bef623e,1390,4671ffbdd7a25b627a96191ca649b99e917dc35,2017-11-29 22:16:02,1,user1,1512011762
5fa93e857ce95e580bef623f,439,4671ffbdd7a25b627a96191ca649b99e917dc35,2017-11-29 22:47:30,2,user1,1512013650
5fa93e857ce95e580bef6240,0,9ac9e30a25d42f9de5e61070c994948fc8ee9471,2017-11-30 13:55:24,6503,user1,1512068124
5fa93e857ce95e580bef6241,38,55c42c7bcaea31d851ba4568e6e9d187e426bb2a,2017-11-30 16:06:01,1,user1,1512075961
5fa93e857ce95e580bef6242,26,55c42c7bcaea31d851ba4568e6e9d187e426bb2a,2017-11-30 18:38:10,1,user1,1512085090
5fa93e857ce95e580bef6243,157,4671ffbdd7a25b627a96191ca649b99e917dc35,2017-11-30 19:14:30,2,user1,1512087270
5fa93e857ce95e580bef6244,0,4671ffbdd7a25b627a96191ca649b99e917dc35,2017-12-01 18:32:30,6503,user1,1512171150
5fa93e857ce95e580bef6245,0,55c42c7bcaea31d851ba4568e6e9d187e426bb2a,2017-12-01 18:58:53,6503,user1,1512172733
5fa93e857ce95e580bef6246,0,55c42c7bcaea31d851ba4568e6e9d187e426bb2a,2017-12-01 19:01:34,6503,user1,1512172894
5fa93e857ce95e580bef6247,2,55c42c7bcaea31d851ba4568e6e9d187e426bb2a,2017-12-01 19:02:55,2,user1,1512172975
5fa93e857ce95e580bef6248,114,55c42c7bcaea31d851ba4568e6e9d187e426bb2a,2017-12-01 19:03:06,2,user1,1512172986
5fa93e857ce95e580bef6249,83,4671ffbdd7a25b627a96191ca649b99e917dc35,2017-12-02 15:26:50,2,user1,1512246410
5fa93e857ce95e580bef624a,4,4671ffbdd7a25b627a96191ca649b99e917dc35,2017-12-02 15:28:33,2,user1,1512246513
5fa93e857ce95e580bef624b,0,4671ffbdd7a25b627a96191ca649b99e917dc35,2017-12-02 15:29:38,3,user1,1512246578
5fa93e857ce95e580bef624c,286,4671ffbdd7a25b627a96191ca649b99e917dc35,2017-12-02 15:29:48,1,user1,1512246588
5fa93e857ce95e580bef624d,0,55c42c7bcaea31d851ba4568e6e9d187e426bb2a,2017-12-02 15:53:51,2,user1,1512248031
5fa93e857ce95e580bef624e,30,55c42c7bcaea31d851ba4568e6e9d187e426bb2a,2017-12-02 15:54:48,1,user1,1512248088
5fa93e857ce95e580bef624f,0,55c42c7bcaea31d851ba4568e6e9d187e426bb2a,2017-12-02 16:12:31,6503,user1,1512249151
5fa93e857ce95e580bef6250,7,55c42c7bcaea31d851ba4568e6e9d187e426bb2a,2017-12-02 16:20:23,2,user1,1512249623
5fa93e857ce95e580bef6251,33,10002a31320e099689975a3d80b1522bd9fc2150,2017-12-02 17:07:37,2,user1,1512252457
5fa93e857ce95e580bef6252,43,55c42c7bcaea31d851ba4568e6e9d187e426bb2a,2017-12-02 18:25:33,1,user1,1512257133
5fa93e857ce95e580bef6253,3,55c42c7bcaea31d851ba4568e6e9d187e426bb2a,2017-12-02 18:30:16,2,user1,1512257416
5fa93e857ce95e580bef6254,2181,1ea1a7062ba95dd2adb6bfeae40e4e69b761d8a,2017-12-02 22:40:02,1,user1,1512272402
5fa93e857ce95e580bef6255,0,4671ffbdd7a25b627a96191ca649b99e917dc35,2017-12-03 16:50:49,6503,user1,1512337849
5fa93e857ce95e580bef6256,172,4671ffbdd7a25b627a96191ca649b99e917dc35,2017-12-03 18:52:35,2,user1,1512345155
5fa93e857ce95e580bef6257,52,55c42c7bcaea31d851ba4568e6e9d187e426bb2a,2017-12-04 15:21:45,2,user1,1512418905
5fa93e857ce95e580bef6258,64,55c42c7bcaea31d851ba4568e6e9d187e426bb2a,2017-12-04 15:37:05,2,user1,1512419825
5fa93e857ce95e580bef6259,152,f22f197fe2fcfb242af05d29696e1722368239c3,2017-12-04 15:49:10,2,user1,1512420550
5fa93e857ce95e580bef625a,153,4671ffbdd7a25b627a96191ca649b99e917dc35,2017-12-04 15:56:45,2,user1,1512421005
5fa93e857ce95e580bef625b,1339,4671ffbdd7a25b627a96191ca649b99e917dc35,2017-12-04 17:56:12,1,user1,1512428172
5fa93e857ce95e580bef625c,2,f22f197fe2fcfb242af05d29696e1722368239c3,2017-12-05 20:09:41,2,user1,1512522581
5fa93e857ce95e580bef625d,79,10002a31320e099689975a3d80b1522bd9fc2150,2017-12-06 14:07:06,2,user1,1512587226
5fa93e857ce95e580bef625e,0,10002a31320e099689975a3d80b1522bd9fc2150,2017-12-06 15:11:58,6503,user1,1512591118
5fa93e857ce95e580bef625f,69,10002a31320e099689975a3d80b1522bd9fc2150,2017-12-06 15:17:02,2,user1,1512591422
5fa93e857ce95e580bef6260,29,10002a31320e099689975a3d80b1522bd9fc2150,2017-12-06 15:30:25,2,user1,1512592225
5fa93e857ce95e580bef6261,3,4671ffbdd7a25b627a96191ca649b99e917dc35,2017-12-06 17:46:08,2,user1,1512600368
5fa93e857ce95e580bef6262,2997,4671ffbdd7a25b627a96191ca649b99e917dc35,2017-12-06 18:11:43,1,user1,1512601903
5fa93e857ce95e580bef6263,1320,4671ffbdd7a25b627a96191ca649b99e917dc35,2017-12-07 18:19:09,2,user1,1512688749
5fa93e857ce95e580bef6264,1120,1ea1a7062ba95dd2adb6bfeae40e4e69b761d8a,2017-12-07 18:40:49,1,user1,1512690049
5fa93e857ce95e580bef6265,820,4671ffbdd7a25b627a96191ca649b99e917dc35,2017-12-07 19:00:50,2,user1,1512691250
5fa93e857ce95e580bef6266,176,f22f197fe2fcfb242af05d29696e1722368239c3,2017-12-07 20:44:52,2,user1,1512697492
5fa93e857ce95e580bef6267,227,55c42c7bcaea31d851ba4568e6e9d187e426bb2a,2017-12-09 17:41:56,1,user1,1512859316
5fa93e857ce95e580bef6268,166,f22f197fe2fcfb242af05d29696e1722368239c3,2017-12-09 20:30:40,2,user1,1512869440
5fa93e857ce95e580bef6269,742,1ea1a7062ba95dd2adb6bfeae40e4e69b761d8a,2017-12-09 23:50:01,1,user1,1512881401
5fa93e857ce95e580bef626a,0,b10df12280795ad3af44f9db8d3eb63a28ae8576,2017-12-11 14:22:56,6503,user1,1513020176
5fa93e857ce95e580bef626b,590,30483514cea42f0a907c710c2095cfe902377235,2017-12-11 15:51:39,2,user1,1513025499
5fa93e857ce95e580bef626c,20,4671ffbdd7a25b627a96191ca649b99e917dc35,2017-12-11 16:45:04,1,user1,1513028704
5fa93e857ce95e580bef626d,0,f22f197fe2fcfb242af05d29696e1722368239c3,2017-12-11 18:49:18,2,user1,1513036158
5fa93e857ce95e580bef626e,3,f22f197fe2fcfb242af05d29696e1722368239c3,2017-12-11 21:31:46,2,user1,1513045906
5fa93e857ce95e580bef626f,2,f22f197fe2fcfb242af05d29696e1722368239c3,2017-12-11 21:32:32,2,user1,1513045952
5fa93e857ce95e580bef6270,329,f22f197fe2fcfb242af05d29696e1722368239c3,2017-12-11 21:47:08,1,user1,1513046828
5fa93e857ce95e580bef6271,0,c9aa3a633b6a17966735d8568d1a3fe7a805246c,2017-12-12 15:03:17,6503,user1,1513108997
5fa93e857ce95e580bef6272,86,4671ffbdd7a25b627a96191ca649b99e917dc35,2017-12-12 18:56:32,1,user1,1513122992
5fa93e857ce95e580bef6273,27,4671ffbdd7a25b627a96191ca649b99e917dc35,2017-12-12 20:04:05,2,user1,1513127045
5fa93e857ce95e580bef6274,0,4671ffbdd7a25b627a96191ca649b99e917dc35,2017-12-12 20:13:46,6503,user1,1513127626
5fa93e857ce95e580bef6275,343,4671ffbdd7a25b627a96191ca649b99e917dc35,2017-12-12 20:42:59,2,user1,1513129379
5fa93e857ce95e580bef6276,137,55c42c7bcaea31d851ba4568e6e9d187e426bb2a,2017-12-13 14:38:38,2,user1,1513193918
5fa93e857ce95e580bef6277,134,4671ffbdd7a25b627a96191ca649b99e917dc35,2017-12-13 19:22:40,2,user1,1513210960
5fa93e857ce95e580bef6278,4,8042acc4068867e50549b26ef23112f37ba3778a,2017-12-14 16:10:05,2,user1,1513285805
5fa93e857ce95e580bef6279,155,10002a31320e099689975a3d80b1522bd9fc2150,2017-12-14 16:42:09,1,user1,1513287729
5fa93e857ce95e580bef627a,2077,4671ffbdd7a25b627a96191ca649b99e917dc35,2017-12-14 16:53:32,2,user1,1513288412
5fa93e857ce95e580bef627b,3,4671ffbdd7a25b627a96191ca649b99e917dc35,2017-12-14 17:28:52,2,user1,1513290532
5fa93e857ce95e580bef627c,3,4671ffbdd7a25b627a96191ca649b99e917dc35,2017-12-14 17:29:46,2,user1,1513290586
5fa93e857ce95e580bef627d,3219,4671ffbdd7a25b627a96191ca649b99e917dc35,2017-12-14 17:30:35,1,user1,1513290635
5fa93e857ce95e580bef627e,0,4671ffbdd7a25b627a96191ca649b99e917dc35,2017-12-14 18:39:29,6503,user1,1513294769
5fa93e857ce95e580bef627f,2331,4671ffbdd7a25b627a96191ca649b99e917dc35,2017-12-14 18:41:09,2,user1,1513294869
5fa93e857ce95e580bef6281,3774,4671ffbdd7a25b627a96191ca649b99e917dc35,2017-12-14 22:03:28,1,user1,1513307008
5fa93e857ce95e580bef6282,135,9ce010b6a046de2965120e71622303c70b9af705,2017-12-15 12:04:56,2,user1,1513357496
5fa93e857ce95e580bef6283,3575,4671ffbdd7a25b627a96191ca649b99e917dc35,2017-12-15 18:53:57,1,user1,1513382037
5fa93e857ce95e580bef6284,3,55c42c7bcaea31d851ba4568e6e9d187e426bb2a,2017-12-16 17:27:18,2,user1,1513463238
5fa93e857ce95e580bef6285,0,55c42c7bcaea31d851ba4568e6e9d187e426bb2a,2017-12-16 19:50:30,2,user1,1513471830
5fa93e857ce95e580bef6286,0,55c42c7bcaea31d851ba4568e6e9d187e426bb2a,2017-12-16 19:51:48,6503,user1,1513471908
5fa93e857ce95e580bef6288,712,1ea1a7062ba95dd2adb6bfeae40e4e69b761d8a,2017-12-16 21:16:57,1,user1,1513477017
5fa93e857ce95e580bef6287,117,55c42c7bcaea31d851ba4568e6e9d187e426bb2a,2017-12-16 21:18:10,1,user1,1513477090
5fa93e857ce95e580bef6289,2102,4671ffbdd7a25b627a96191ca649b99e917dc35,2017-12-16 21:55:51,1,user1,1513479351
5fa93e857ce95e580bef628a,15,1ea1a7062ba95dd2adb6bfeae40e4e69b761d8a,2017-12-16 22:33:42,2,user1,1513481622
5fa93e857ce95e580bef628b,4,1ea1a7062ba95dd2adb6bfeae40e4e69b761d8a,2017-12-16 22:35:26,2,user1,1513481726
5fa93e857ce95e580bef628c,11,1ea1a7062ba95dd2adb6bfeae40e4e69b761d8a,2017-12-16 22:40:11,2,user1,1513482011
5fa93e857ce95e580bef628d,5331,4671ffbdd7a25b627a96191ca649b99e917dc35,2017-12-16 22:58:20,1,user1,1513483100
5fa93e857ce95e580bef628e,210,4671ffbdd7a25b627a96191ca649b99e917dc35,2017-12-17 00:27:45,2,user1,1513488465
5fa93e857ce95e580bef628f,556,1ea1a7062ba95dd2adb6bfeae40e4e69b761d8a,2017-12-17 11:32:32,1,user1,1513528352
5fa93e857ce95e580bef6290,250,55c42c7bcaea31d851ba4568e6e9d187e426bb2a,2017-12-17 16:29:01,1,user1,1513546141
5fa93e857ce95e580bef6291,0,4671ffbdd7a25b627a96191ca649b99e917dc35,2017-12-17 20:01:21,2,user1,1513558881
5fa93e857ce95e580bef6292,0,1ea1a7062ba95dd2adb6bfeae40e4e69b761d8a,2017-12-17 21:58:43,6503,user1,1513565923
5fa93e857ce95e580bef6293,741,1ea1a7062ba95dd2adb6bfeae40e4e69b761d8a,2017-12-17 21:59:22,2,user1,1513565962
5fa93e857ce95e580bef6294,16,10002a31320e099689975a3d80b1522bd9fc2150,2017-12-18 17:17:45,2,user1,1513635465
5fa93e857ce95e580bef6295,59,10002a31320e099689975a3d80b1522bd9fc2150,2017-12-18 17:18:14,2,user1,1513635494
5fa93e857ce95e580bef6296,203,1ea1a7062ba95dd2adb6bfeae40e4e69b761d8a,2017-12-18 18:02:38,1,user1,1513638158
5fa93e857ce95e580bef6297,33,55c42c7bcaea31d851ba4568e6e9d187e426bb2a,2017-12-18 19:39:02,1,user1,1513643942
5fa93e857ce95e580bef6298,145,4671ffbdd7a25b627a96191ca649b99e917dc35,2017-12-18 20:57:32,2,user1,1513648652
5fa93e857ce95e580bef6299,19,4671ffbdd7a25b627a96191ca649b99e917dc35,2017-12-19 18:53:46,1,user1,1513727626
5fa93e857ce95e580bef629a,1082,4671ffbdd7a25b627a96191ca649b99e917dc35,2017-12-19 19:00:14,2,user1,1513728014
5fa93e857ce95e580bef629b,0,10002a31320e099689975a3d80b1522bd9fc2150,2017-12-20 15:28:13,6503,user1,1513801693
5fa93e857ce95e580bef629c,2,10002a31320e099689975a3d80b1522bd9fc2150,2017-12-20 15:28:52,2,user1,1513801732
5fa93e857ce95e580bef629d,39,10002a31320e099689975a3d80b1522bd9fc2150,2017-12-20 15:29:55,2,user1,1513801795
5fa93e857ce95e580bef629e,203,4671ffbdd7a25b627a96191ca649b99e917dc35,2017-12-20 18:58:55,1,user1,1513814335
5fa93e857ce95e580bef629f,389,4671ffbdd7a25b627a96191ca649b99e917dc35,2017-12-20 21:24:02,2,user1,1513823042
5fa93e857ce95e580bef62a0,106,10002a31320e099689975a3d80b1522bd9fc2150,2017-12-21 16:28:12,2,user1,1513891692
5fa93e857ce95e580bef62a1,80,4ccc14d874d3c638682dded3994d5a6e0cb1a4d1,2017-12-21 16:31:04,2,user1,1513891864
5fa93e857ce95e580bef62a2,0,89cf472288daff6f70857db9f10f4310d69cbaae,2017-12-21 17:07:30,6503,user1,1513894050
5fa93e857ce95e580bef62a3,1,55c42c7bcaea31d851ba4568e6e9d187e426bb2a,2017-12-21 17:11:34,2,user1,1513894294
5fa93e857ce95e580bef62a4,111,89cf472288daff6f70857db9f10f4310d69cbaae,2017-12-21 17:12:26,2,user1,1513894346
5fa93e857ce95e580bef62a5,0,4671ffbdd7a25b627a96191ca649b99e917dc35,2017-12-21 20:45:38,3,user1,1513907138
5fa93e857ce95e580bef62a6,110,4671ffbdd7a25b627a96191ca649b99e917dc35,2017-12-21 21:01:32,2,user1,1513908092
5fa93e857ce95e580bef62a8,4406,4671ffbdd7a25b627a96191ca649b99e917dc35,2017-12-21 21:53:40,2,user1,1513911220
5fa93e857ce95e580bef62a7,0,f22f197fe2fcfb242af05d29696e1722368239c3,2017-12-21 21:57:50,2,user1,1513911470
5fa93e857ce95e580bef62a9,76,4671ffbdd7a25b627a96191ca649b99e917dc35,2017-12-22 07:22:51,1,user1,1513945371
5fa93e857ce95e580bef62aa,0,4671ffbdd7a25b627a96191ca649b99e917dc35,2017-12-22 18:11:16,6503,user1,1513984276
5fa93e857ce95e580bef62ab,2269,4671ffbdd7a25b627a96191ca649b99e917dc35,2017-12-22 18:18:40,2,user1,1513984720
5fa93e857ce95e580bef62ac,0,edd5cb7dab25b72407793e295e537dc4a29131f,2017-12-23 13:15:50,6503,user1,1514052950
5fa93e857ce95e580bef62ad,54,55c42c7bcaea31d851ba4568e6e9d187e426bb2a,2017-12-23 14:21:14,1,user1,1514056874
5fa93e857ce95e580bef62ae,18,55c42c7bcaea31d851ba4568e6e9d187e426bb2a,2017-12-23 14:22:25,1,user1,1514056945
5fa93e857ce95e580bef62af,139,55c42c7bcaea31d851ba4568e6e9d187e426bb2a,2017-12-23 14:42:08,1,user1,1514058128
5fa93e857ce95e580bef62b0,0,10002a31320e099689975a3d80b1522bd9fc2150,2017-12-23 15:07:26,6503,user1,1514059646
5fa93e857ce95e580bef62b1,108,10002a31320e099689975a3d80b1522bd9fc2150,2017-12-23 15:08:05,2,user1,1514059685
5fa93e857ce95e580bef62b2,0,4671ffbdd7a25b627a96191ca649b99e917dc35,2017-12-23 17:41:22,6503,user1,1514068882
5fa93e857ce95e580bef62b3,74,4671ffbdd7a25b627a96191ca649b99e917dc35,2017-12-23 19:01:27,2,user1,1514073687
5fa93e857ce95e580bef62b4,24,193c2dc508f30fbb9a0bccf183b0cb09bf2a82fb,2017-12-25 14:19:43,2,user1,1514229583
5fa93e857ce95e580bef62b5,294,4671ffbdd7a25b627a96191ca649b99e917dc35,2017-12-25 15:37:38,1,user1,1514234258
5fa93e857ce95e580bef62b6,1931,4671ffbdd7a25b627a96191ca649b99e917dc35,2017-12-25 15:48:32,1,user1,1514234912
5fa93e857ce95e580bef62b7,115,193c2dc508f30fbb9a0bccf183b0cb09bf2a82fb,2017-12-25 18:35:18,2,user1,1514244918
5fa93e857ce95e580bef62b8,39,55c42c7bcaea31d851ba4568e6e9d187e426bb2a,2017-12-27 14:54:07,1,user1,1514404447
5fa93e857ce95e580bef62b9,11,55c42c7bcaea31d851ba4568e6e9d187e426bb2a,2017-12-27 16:30:32,1,user1,1514410232
5fa93e857ce95e580bef62ba,248,10002a31320e099689975a3d80b1522bd9fc2150,2017-12-28 12:22:59,1,user1,1514481779
5fa93e857ce95e580bef62bb,98,55c42c7bcaea31d851ba4568e6e9d187e426bb2a,2017-12-28 13:48:20,1,user1,1514486900
5fa93e857ce95e580bef62bc,96,1ea1a7062ba95dd2adb6bfeae40e4e69b761d8a,2017-12-28 20:36:01,1,user1,1514511361
5fa93e857ce95e580bef62bd,0,1ea1a7062ba95dd2adb6bfeae40e4e69b761d8a,2017-12-28 22:50:37,6503,user1,1514519437
5fa93e857ce95e580bef62be,1576,1ea1a7062ba95dd2adb6bfeae40e4e69b761d8a,2017-12-28 22:51:20,2,user1,1514519480
5fa93e857ce95e580bef62bf,0,d815622ea0e9439cdb17c16f7497ca695def9c9d,2017-12-29 14:33:42,6503,user1,1514576022
5fa93e857ce95e580bef62c0,82,55c42c7bcaea31d851ba4568e6e9d187e426bb2a,2017-12-29 14:38:30,1,user1,1514576310
5fa93e857ce95e580bef62c1,76,10002a31320e099689975a3d80b1522bd9fc2150,2017-12-29 15:25:10,1,user1,1514579110
5fa93e857ce95e580bef62c2,1883,1ea1a7062ba95dd2adb6bfeae40e4e69b761d8a,2017-12-29 20:43:02,1,user1,1514598182
5fa93e857ce95e580bef62c3,80,1ea1a7062ba95dd2adb6bfeae40e4e69b761d8a,2018-01-02 20:13:07,1,user1,1514941987
5fa93e857ce95e580bef62c4,282,4671ffbdd7a25b627a96191ca649b99e917dc35,2018-01-04 22:47:14,2,user1,1515124034
5fa93e857ce95e580bef62c5,113,4671ffbdd7a25b627a96191ca649b99e917dc35,2018-01-05 21:39:23,2,user1,1515206363
5fa93e857ce95e580bef62c6,183,f22f197fe2fcfb242af05d29696e1722368239c3,2018-01-07 16:10:48,2,user1,1515359448
5fa93e857ce95e580bef62c7,0,e006b2b70a61b8e6a6321803951c7c3dc98a5d13,2018-01-08 13:51:06,6503,user1,1515437466
5fa93e857ce95e580bef62c8,767,1ea1a7062ba95dd2adb6bfeae40e4e69b761d8a,2018-01-08 19:21:43,1,user1,1515457303
5fa93e857ce95e580bef62c9,0,4671ffbdd7a25b627a96191ca649b99e917dc35,2018-01-09 07:42:48,2,user1,1515501768
5fa93e857ce95e580bef62ca,0,6a80d528750350e579a6ac94ca33cc05944a7bf6,2018-01-09 14:49:20,6503,user1,1515527360
5fa93e857ce95e580bef62cb,68,10002a31320e099689975a3d80b1522bd9fc2150,2018-01-09 16:42:49,1,user1,1515534169
5fa93e857ce95e580bef62cc,34,55c42c7bcaea31d851ba4568e6e9d187e426bb2a,2018-01-09 18:43:53,1,user1,1515541433
5fa93e857ce95e580bef62cd,34,55c42c7bcaea31d851ba4568e6e9d187e426bb2a,2018-01-10 14:32:14,2,user1,1515612734
5fa93e857ce95e580bef62ce,852,4671ffbdd7a25b627a96191ca649b99e917dc35,2018-01-11 18:02:11,2,user1,1515711731
5fa93e857ce95e580bef62cf,88,55c42c7bcaea31d851ba4568e6e9d187e426bb2a,2018-01-13 14:23:44,1,user1,1515871424
5fa93e857ce95e580bef62d0,0,10002a31320e099689975a3d80b1522bd9fc2150,2018-01-13 17:21:34,6503,user1,1515882094
5fa93e857ce95e580bef62d1,0,10002a31320e099689975a3d80b1522bd9fc2150,2018-01-13 22:29:33,10,user1,1515900573
5fa93e857ce95e580bef62d2,37,dfffa93394a6710494d8f237b26128c234d192b,2018-01-15 15:47:39,2,user1,1516049259
5fa93e857ce95e580bef62d3,0,dfffa93394a6710494d8f237b26128c234d192b,2018-01-15 15:50:11,6503,user1,1516049411
5fa93e857ce95e580bef62d4,95,55c42c7bcaea31d851ba4568e6e9d187e426bb2a,2018-01-15 16:27:45,2,user1,1516051665
5fa93e857ce95e580bef62d5,3269,f22f197fe2fcfb242af05d29696e1722368239c3,2018-01-15 20:46:50,1,user1,1516067210
5fa93e857ce95e580bef62d6,225,55c42c7bcaea31d851ba4568e6e9d187e426bb2a,2018-01-16 15:28:43,2,user1,1516134523
5fa93e857ce95e580bef62d7,133,6020308c43bbd9781055999f5717a3c1cb209b04,2018-01-16 16:00:30,2,user1,1516136430
5fa93e857ce95e580bef62d8,24,6020308c43bbd9781055999f5717a3c1cb209b04,2018-01-16 16:04:11,2,user1,1516136651
5fa93e857ce95e580bef62d9,1155,6020308c43bbd9781055999f5717a3c1cb209b04,2018-01-16 16:04:47,2,user1,1516136687
5fa93e857ce95e580bef62da,1,55c42c7bcaea31d851ba4568e6e9d187e426bb2a,2018-01-16 20:08:53,1,user1,1516151333
5fa93e857ce95e580bef62db,141,55c42c7bcaea31d851ba4568e6e9d187e426bb2a,2018-01-16 20:12:09,2,user1,1516151529
5fa93e857ce95e580bef62dc,24,4671ffbdd7a25b627a96191ca649b99e917dc35,2018-01-16 21:20:32,1,user1,1516155632
5fa93e857ce95e580bef62dd,1173,4671ffbdd7a25b627a96191ca649b99e917dc35,2018-01-16 21:44:20,2,user1,1516157060
5fa93e857ce95e580bef62de,0,f22f197fe2fcfb242af05d29696e1722368239c3,2018-01-16 22:36:15,2,user1,1516160175
5fa93e857ce95e580bef62df,358,f22f197fe2fcfb242af05d29696e1722368239c3,2018-01-16 22:43:39,1,user1,1516160619
5fa93e857ce95e580bef62e1,0,4671ffbdd7a25b627a96191ca649b99e917dc35,2018-01-17 19:31:33,10,user1,1516235493
5fa93e857ce95e580bef62e0,0,4671ffbdd7a25b627a96191ca649b99e917dc35,2018-01-17 19:32:05,1,user1,1516235525
5fa93e857ce95e580bef62e2,0,4671ffbdd7a25b627a96191ca649b99e917dc35,2018-01-17 19:32:18,2,user1,1516235538
5fa93e857ce95e580bef62e3,0,4671ffbdd7a25b627a96191ca649b99e917dc35,2018-01-17 19:32:21,2,user1,1516235541
5fa93e857ce95e580bef62e4,0,4671ffbdd7a25b627a96191ca649b99e917dc35,2018-01-17 19:32:33,2,user1,1516235553
5fa93e857ce95e580bef62e5,479,4671ffbdd7a25b627a96191ca649b99e917dc35,2018-01-17 19:34:41,2,user1,1516235681
5fa93e857ce95e580bef62e6,829,4671ffbdd7a25b627a96191ca649b99e917dc35,2018-01-17 20:50:34,1,user1,1516240234
5fa93e857ce95e580bef62e7,1142,4671ffbdd7a25b627a96191ca649b99e917dc35,2018-01-17 21:04:40,2,user1,1516241080
5fa93e857ce95e580bef62e8,169,1ea1a7062ba95dd2adb6bfeae40e4e69b761d8a,2018-01-17 22:28:09,1,user1,1516246089
5fa93e857ce95e580bef62e9,5486,4671ffbdd7a25b627a96191ca649b99e917dc35,2018-01-18 21:33:33,1,user1,1516329213
5fa93e857ce95e580bef62ea,51,55c42c7bcaea31d851ba4568e6e9d187e426bb2a,2018-01-19 13:31:09,2,user1,1516386669
5fa93e857ce95e580bef62eb,0,10002a31320e099689975a3d80b1522bd9fc2150,2018-01-19 15:16:14,6503,user1,1516392974
5fa93e857ce95e580bef62ec,36,10002a31320e099689975a3d80b1522bd9fc2150,2018-01-19 15:45:46,2,user1,1516394746
5fa93e857ce95e580bef62ed,0,1ea1a7062ba95dd2adb6bfeae40e4e69b761d8a,2018-01-19 18:09:42,6503,user1,1516403382
5fa93e857ce95e580bef62ee,66,55c42c7bcaea31d851ba4568e6e9d187e426bb2a,2018-01-19 18:39:51,1,user1,1516405191
5fa93e857ce95e580bef62ef,869,1ea1a7062ba95dd2adb6bfeae40e4e69b761d8a,2018-01-19 21:01:24,1,user1,1516413684
5fa93e857ce95e580bef62f0,0,4671ffbdd7a25b627a96191ca649b99e917dc35,2018-01-20 23:53:03,2,user1,1516510383
5fa93e857ce95e580bef62f1,1483,4671ffbdd7a25b627a96191ca649b99e917dc35,2018-01-20 23:53:46,1,user1,1516510426
5fa93e857ce95e580bef62f2,17,f4749d9c13e63d543c11895826a055f1735c6420,2018-01-21 12:22:59,2,user1,1516555379
5fa93e857ce95e580bef62f3,0,4671ffbdd7a25b627a96191ca649b99e917dc35,2018-01-21 23:47:54,6503,user1,1516596474
5fa93e857ce95e580bef62f4,47,55c42c7bcaea31d851ba4568e6e9d187e426bb2a,2018-01-22 10:23:01,1,user1,1516634581
5fa93e857ce95e580bef62f5,183,c8f24c09806f0397148c624b82a6758fcf11dba2,2018-01-22 10:24:58,2,user1,1516634698
5fa93e857ce95e580bef62f6,144,55c42c7bcaea31d851ba4568e6e9d187e426bb2a,2018-01-22 11:03:48,1,user1,1516637028
5fa93e857ce95e580bef62f7,57,dd17c470a40dbea4391d88124f6a3ee798498d54,2018-01-22 12:22:52,1,user1,1516641772
5fa93e857ce95e580bef62f8,50,55c42c7bcaea31d851ba4568e6e9d187e426bb2a,2018-01-22 12:24:08,2,user1,1516641848
5fa93e857ce95e580bef62f9,28,c50a59c3f1c1ecf73ab81b7c072dfede1dab8d21,2018-01-22 13:06:02,1,user1,1516644362
5fa93e857ce95e580bef62fa,52,55c42c7bcaea31d851ba4568e6e9d187e426bb2a,2018-01-22 13:15:46,2,user1,1516644946
5fa93e857ce95e580bef62fb,993,f22f197fe2fcfb242af05d29696e1722368239c3,2018-01-22 14:29:01,2,user1,1516649341
5fa93e857ce95e580bef62fc,262,55c42c7bcaea31d851ba4568e6e9d187e426bb2a,2018-01-22 16:42:36,1,user1,1516657356
5fa93e857ce95e580bef62fd,685,55c42c7bcaea31d851ba4568e6e9d187e426bb2a,2018-01-22 18:52:36,1,user1,1516665156
5fa93e857ce95e580bef62fe,1089,9a602af7ce8ea171385b085930f9508d947634be,2018-01-23 14:00:53,2,user1,1516734053
5fa93e857ce95e580bef62ff,278,55c42c7bcaea31d851ba4568e6e9d187e426bb2a,2018-01-23 14:46:19,1,user1,1516736779
5fa93e857ce95e580bef6300,48,55c42c7bcaea31d851ba4568e6e9d187e426bb2a,2018-01-23 15:58:25,1,user1,1516741105
5fa93e857ce95e580bef6301,0,b10df12280795ad3af44f9db8d3eb63a28ae8576,2018-01-23 16:17:25,6503,user1,1516742245
5fa93e857ce95e580bef6303,1861,4671ffbdd7a25b627a96191ca649b99e917dc35,2018-01-23 17:57:57,1,user1,1516748277
5fa93e857ce95e580bef6302,4,f22f197fe2fcfb242af05d29696e1722368239c3,2018-01-23 18:08:20,2,user1,1516748900
5fa93e857ce95e580bef6304,210,55c42c7bcaea31d851ba4568e6e9d187e426bb2a,2018-01-24 10:39:14,1,user1,1516808354
5fa93e857ce95e580bef6305,0,a0f37eb1e17543c9a2bb8a290b64ea4b09b266f8,2018-01-24 12:16:24,6503,user1,1516814184
5fa93e857ce95e580bef6306,110,55c42c7bcaea31d851ba4568e6e9d187e426bb2a,2018-01-24 13:35:25,1,user1,1516818925
5fa93e857ce95e580bef6307,122,55c42c7bcaea31d851ba4568e6e9d187e426bb2a,2018-01-24 15:10:05,1,user1,1516824605
5fa93e857ce95e580bef6308,135,55c42c7bcaea31d851ba4568e6e9d187e426bb2a,2018-01-24 16:01:31,1,user1,1516827691
5fa93e857ce95e580bef6309,188,55c42c7bcaea31d851ba4568e6e9d187e426bb2a,2018-01-25 15:25:20,2,user1,1516911920
5fa93e857ce95e580bef630a,0,10002a31320e099689975a3d80b1522bd9fc2150,2018-01-25 17:44:40,6503,user1,1516920280
5fa93e857ce95e580bef630b,81,10002a31320e099689975a3d80b1522bd9fc2150,2018-01-25 18:06:25,1,user1,1516921585
5fa93e857ce95e580bef630c,58,10002a31320e099689975a3d80b1522bd9fc2150,2018-01-25 18:23:29,1,user1,1516922609
5fa93e857ce95e580bef630d,1,4671ffbdd7a25b627a96191ca649b99e917dc35,2018-01-26 11:37:53,1,user1,1516984673
5fa93e857ce95e580bef630e,77,4671ffbdd7a25b627a96191ca649b99e917dc35,2018-01-26 11:38:16,1,user1,1516984696
5fa93e857ce95e580bef630f,126,55c42c7bcaea31d851ba4568e6e9d187e426bb2a,2018-01-26 14:09:48,2,user1,1516993788
5fa93e857ce95e580bef6310,9,2545c2f255e9604afe40018ccc5ad3804a741812,2018-01-26 14:52:34,2,user1,1516996354
5fa93e857ce95e580bef6311,0,4671ffbdd7a25b627a96191ca649b99e917dc35,2018-01-26 20:13:09,6503,user1,1517015589
5fa93e857ce95e580bef6312,1137,4671ffbdd7a25b627a96191ca649b99e917dc35,2018-01-26 20:43:28,2,user1,1517017408
5fa93e857ce95e580bef6313,0,4671ffbdd7a25b627a96191ca649b99e917dc35,2018-01-26 22:01:21,6503,user1,1517022081
5fa93e857ce95e580bef6314,0,4671ffbdd7a25b627a96191ca649b99e917dc35,2018-01-27 16:15:15,6503,user1,1517087715
5fa93e857ce95e580bef6315,228,4671ffbdd7a25b627a96191ca649b99e917dc35,2018-01-27 16:35:18,2,user1,1517088918
5fa93e857ce95e580bef6316,0,55c42c7bcaea31d851ba4568e6e9d187e426bb2a,2018-01-27 17:34:44,6503,user1,1517092484
5fa93e857ce95e580bef6317,56,4671ffbdd7a25b627a96191ca649b99e917dc35,2018-01-27 18:38:31,2,user1,1517096311
5fa93e857ce95e580bef6318,2,55c42c7bcaea31d851ba4568e6e9d187e426bb2a,2018-01-27 18:52:22,2,user1,1517097142
5fa93e857ce95e580bef6319,11,10002a31320e099689975a3d80b1522bd9fc2150,2018-01-27 18:53:14,2,user1,1517097194
5fa93e857ce95e580bef631a,13,55c42c7bcaea31d851ba4568e6e9d187e426bb2a,2018-01-27 18:58:00,1,user1,1517097480
5fa93e857ce95e580bef631b,0,4671ffbdd7a25b627a96191ca649b99e917dc35,2018-01-27 20:22:43,6503,user1,1517102563
5fa93e857ce95e580bef631c,0,4671ffbdd7a25b627a96191ca649b99e917dc35,2018-01-27 20:39:24,6503,user1,1517103564
5fa93e857ce95e580bef631d,59,4671ffbdd7a25b627a96191ca649b99e917dc35,2018-01-27 20:45:59,2,user1,1517103959
5fa93e857ce95e580bef631e,0,1ea1a7062ba95dd2adb6bfeae40e4e69b761d8a,2018-01-28 13:49:26,6503,user1,1517165366
5fa93e857ce95e580bef631f,0,1ea1a7062ba95dd2adb6bfeae40e4e69b761d8a,2018-01-28 13:54:56,6503,user1,1517165696
5fa93e857ce95e580bef6320,0,1ea1a7062ba95dd2adb6bfeae40e4e69b761d8a,2018-01-28 14:28:17,6503,user1,1517167697
5fa93e857ce95e580bef6321,0,1ea1a7062ba95dd2adb6bfeae40e4e69b761d8a,2018-01-28 14:29:04,6503,user1,1517167744
5fa93e857ce95e580bef6322,0,1ea1a7062ba95dd2adb6bfeae40e4e69b761d8a,2018-01-28 14:29:44,6503,user1,1517167784
5fa93e857ce95e580bef6323,126,4671ffbdd7a25b627a96191ca649b99e917dc35,2018-01-28 15:29:33,1,user1,1517171373
5fa93e857ce95e580bef6324,84,1ea1a7062ba95dd2adb6bfeae40e4e69b761d8a,2018-01-28 15:31:59,2,user1,1517171519
5fa93e857ce95e580bef6325,53,55c42c7bcaea31d851ba4568e6e9d187e426bb2a,2018-01-28 19:48:49,1,user1,1517186929
5fa93e857ce95e580bef6326,117,55c42c7bcaea31d851ba4568e6e9d187e426bb2a,2018-01-28 19:51:07,1,user1,1517187067
5fa93e857ce95e580bef6327,164,55c42c7bcaea31d851ba4568e6e9d187e426bb2a,2018-01-29 13:24:17,1,user1,1517250257
5fa93e857ce95e580bef6328,0,1ea1a7062ba95dd2adb6bfeae40e4e69b761d8a,2018-01-30 21:02:22,6503,user1,1517364142
5fa93e857ce95e580bef6329,0,1ea1a7062ba95dd2adb6bfeae40e4e69b761d8a,2018-01-30 21:05:14,6503,user1,1517364314
5fa93e857ce95e580bef632a,1004,1ea1a7062ba95dd2adb6bfeae40e4e69b761d8a,2018-01-30 21:16:15,1,user1,1517364975
5fa93e857ce95e580bef632b,0,e006b2b70a61b8e6a6321803951c7c3dc98a5d13,2018-01-31 14:02:20,6503,user1,1517425340
5fa93e857ce95e580bef632c,0,55c42c7bcaea31d851ba4568e6e9d187e426bb2a,2018-01-31 17:42:40,6503,user1,1517438560
5fa93e857ce95e580bef632d,8,55c42c7bcaea31d851ba4568e6e9d187e426bb2a,2018-01-31 17:44:37,2,user1,1517438677
5fa93e857ce95e580bef632e,124,1ea1a7062ba95dd2adb6bfeae40e4e69b761d8a,2018-01-31 20:35:21,2,user1,1517448921
5fa93e857ce95e580bef632f,4,4671ffbdd7a25b627a96191ca649b99e917dc35,2018-01-31 20:38:16,2,user1,1517449096
5fa93e857ce95e580bef6330,87,4671ffbdd7a25b627a96191ca649b99e917dc35,2018-01-31 20:39:54,2,user1,1517449194
5fa93e857ce95e580bef6331,66,55c42c7bcaea31d851ba4568e6e9d187e426bb2a,2018-02-01 17:06:53,1,user1,1517522813
5fa93e857ce95e580bef6332,0,1ea1a7062ba95dd2adb6bfeae40e4e69b761d8a,2018-02-01 19:37:36,6503,user1,1517531856
5fa93e857ce95e580bef6333,481,1ea1a7062ba95dd2adb6bfeae40e4e69b761d8a,2018-02-01 19:41:28,2,user1,1517532088
5fa93e857ce95e580bef6334,0,165b759feb15e9edba6e2011da2a89de024ad605,2018-02-01 20:17:08,6503,user1,1517534228
5fa93e857ce95e580bef6335,1,165b759feb15e9edba6e2011da2a89de024ad605,2018-02-01 20:17:10,1,user1,1517534230
5fa93e857ce95e580bef6336,67,55c42c7bcaea31d851ba4568e6e9d187e426bb2a,2018-02-02 12:57:35,1,user1,1517594255
5fa93e857ce95e580bef6337,325,55c42c7bcaea31d851ba4568e6e9d187e426bb2a,2018-02-02 13:14:28,1,user1,1517595268
5fa93e857ce95e580bef6338,291,55c42c7bcaea31d851ba4568e6e9d187e426bb2a,2018-02-02 15:51:53,1,user1,1517604713
5fa93e857ce95e580bef6339,2822,4671ffbdd7a25b627a96191ca649b99e917dc35,2018-02-02 16:36:01,1,user1,1517607361
5fa93e857ce95e580bef633a,0,55c42c7bcaea31d851ba4568e6e9d187e426bb2a,2018-02-03 19:53:49,6503,user1,1517705629
5fa93e857ce95e580bef633b,0,55c42c7bcaea31d851ba4568e6e9d187e426bb2a,2018-02-03 19:54:35,6503,user1,1517705675
5fa93e857ce95e580bef633c,250,55c42c7bcaea31d851ba4568e6e9d187e426bb2a,2018-02-05 15:13:22,1,user1,1517861602
5fa93e857ce95e580bef633d,242,55c42c7bcaea31d851ba4568e6e9d187e426bb2a,2018-02-05 16:01:53,2,user1,1517864513
5fa93e857ce95e580bef633e,130,55c42c7bcaea31d851ba4568e6e9d187e426bb2a,2018-02-05 19:22:08,1,user1,1517876528
5fa93e857ce95e580bef633f,0,1e1855bb1d6517ba0a2dbe28704a5f681a30a849,2018-02-06 09:31:13,10,user1,1517927473
5fa93e857ce95e580bef6340,69,55c42c7bcaea31d851ba4568e6e9d187e426bb2a,2018-02-06 15:24:43,2,user1,1517948683
5fa93e857ce95e580bef6341,261,55c42c7bcaea31d851ba4568e6e9d187e426bb2a,2018-02-06 16:29:55,2,user1,1517952595
5fa93e857ce95e580bef6342,81,55c42c7bcaea31d851ba4568e6e9d187e426bb2a,2018-02-07 11:47:52,1,user1,1518022072
5fa93e857ce95e580bef6343,0,6c0e0826c4ad17e4d6ce89f5615c7f76c2247729,2018-02-07 15:07:08,6503,user1,1518034028
5fa93e857ce95e580bef6344,0,d45698cea66a4b8e0f4b8f937a3ffecdaadd08d3,2018-02-08 13:57:53,6503,user1,1518116273
5fa93e857ce95e580bef6345,0,1ea1a7062ba95dd2adb6bfeae40e4e69b761d8a,2018-02-08 20:48:57,6503,user1,1518140937
5fa93e857ce95e580bef6346,396,1ea1a7062ba95dd2adb6bfeae40e4e69b761d8a,2018-02-08 21:33:06,2,user1,1518143586
5fa93e857ce95e580bef6347,57,4ccc14d874d3c638682dded3994d5a6e0cb1a4d1,2018-02-09 13:50:40,2,user1,1518202240
5fa93e857ce95e580bef6348,185,55c42c7bcaea31d851ba4568e6e9d187e426bb2a,2018-02-09 18:37:54,1,user1,1518219474
5fa93e857ce95e580bef6349,0,1ea1a7062ba95dd2adb6bfeae40e4e69b761d8a,2018-02-11 14:10:49,6503,user1,1518376249
5fa93e857ce95e580bef634a,208,1ea1a7062ba95dd2adb6bfeae40e4e69b761d8a,2018-02-11 14:50:03,2,user1,1518378603
5fa93e857ce95e580bef634b,0,4671ffbdd7a25b627a96191ca649b99e917dc35,2018-02-11 23:32:26,3,user1,1518409946
5fa93e857ce95e580bef634c,545,4671ffbdd7a25b627a96191ca649b99e917dc35,2018-02-11 23:53:46,2,user1,1518411226
5fa93e857ce95e580bef634d,179,55c42c7bcaea31d851ba4568e6e9d187e426bb2a,2018-02-12 17:15:27,1,user1,1518473727
5fa93e857ce95e580bef634e,574,1ea1a7062ba95dd2adb6bfeae40e4e69b761d8a,2018-02-12 20:45:28,1,user1,1518486328
5fa93e857ce95e580bef634f,2686,4671ffbdd7a25b627a96191ca649b99e917dc35,2018-02-12 21:08:45,2,user1,1518487725
5fa93e857ce95e580bef6350,161,4671ffbdd7a25b627a96191ca649b99e917dc35,2018-02-12 22:02:47,1,user1,1518490967
5fa93e857ce95e580bef6351,3339,4671ffbdd7a25b627a96191ca649b99e917dc35,2018-02-12 22:29:37,1,user1,1518492577
5fa93e857ce95e580bef6352,18,f22f197fe2fcfb242af05d29696e1722368239c3,2018-02-13 08:02:54,2,user1,1518526974
5fa93e857ce95e580bef6353,763,4671ffbdd7a25b627a96191ca649b99e917dc35,2018-02-13 23:06:43,1,user1,1518581203
5fa93e857ce95e580bef6354,713,4671ffbdd7a25b627a96191ca649b99e917dc35,2018-02-13 23:33:40,1,user1,1518582820
5fa93e857ce95e580bef6355,0,5c759c8d7cb45bf3a25b0675da0124e6304208f7,2018-02-14 13:35:48,6503,user1,1518633348
5fa93e857ce95e580bef6356,10,55c42c7bcaea31d851ba4568e6e9d187e426bb2a,2018-02-14 13:57:11,1,user1,1518634631
5fa93e857ce95e580bef6357,13,55c42c7bcaea31d851ba4568e6e9d187e426bb2a,2018-02-14 13:57:58,2,user1,1518634678
5fa93e857ce95e580bef6358,221,55c42c7bcaea31d851ba4568e6e9d187e426bb2a,2018-02-14 14:02:15,2,user1,1518634935
5fa93e857ce95e580bef6359,338,4671ffbdd7a25b627a96191ca649b99e917dc35,2018-02-14 22:06:27,2,user1,1518663987
5fa93e857ce95e580bef635a,73,4671ffbdd7a25b627a96191ca649b99e917dc35,2018-02-14 22:33:18,1,user1,1518665598
5fa93e857ce95e580bef635b,486,1ea1a7062ba95dd2adb6bfeae40e4e69b761d8a,2018-02-14 22:34:37,1,user1,1518665677
5fa93e857ce95e580bef635c,386,55c42c7bcaea31d851ba4568e6e9d187e426bb2a,2018-02-15 16:06:59,2,user1,1518728819
5fa93e857ce95e580bef635d,0,4671ffbdd7a25b627a96191ca649b99e917dc35,2018-02-15 16:13:45,2,user1,1518729225
5fa93e857ce95e580bef635e,289,4671ffbdd7a25b627a96191ca649b99e917dc35,2018-02-15 16:14:50,1,user1,1518729290
5fa93e857ce95e580bef635f,406,d1047fadd014816db8a5098cbda07a17ba7f65c3,2018-02-15 17:05:50,1,user1,1518732350
5fa93e857ce95e580bef6360,55,55c42c7bcaea31d851ba4568e6e9d187e426bb2a,2018-02-16 13:09:46,2,user1,1518804586
5fa93e857ce95e580bef6361,0,10002a31320e099689975a3d80b1522bd9fc2150,2018-02-16 17:09:16,6503,user1,1518818956
5fa93e857ce95e580bef6362,4,55c42c7bcaea31d851ba4568e6e9d187e426bb2a,2018-02-17 12:45:49,2,user1,1518889549
5fa93e857ce95e580bef6363,968,4671ffbdd7a25b627a96191ca649b99e917dc35,2018-02-17 21:49:54,2,user1,1518922194
5fa93e857ce95e580bef6364,59,55c42c7bcaea31d851ba4568e6e9d187e426bb2a,2018-02-19 12:59:31,1,user1,1519063171
5fa93e857ce95e580bef6365,129,55c42c7bcaea31d851ba4568e6e9d187e426bb2a,2018-02-19 15:57:53,1,user1,1519073873
5fa93e857ce95e580bef6366,50,55c42c7bcaea31d851ba4568e6e9d187e426bb2a,2018-02-19 19:10:41,1,user1,1519085441
5fa93e857ce95e580bef6367,1646,4671ffbdd7a25b627a96191ca649b99e917dc35,2018-02-19 20:38:44,1,user1,1519090724
5fa93e857ce95e580bef6368,755,1ea1a7062ba95dd2adb6bfeae40e4e69b761d8a,2018-02-19 21:09:52,2,user1,1519092592
5fa93e857ce95e580bef6369,0,d6781d4e7f5f4dbde2ea551967fdc7326d46d359,2018-02-20 09:46:30,6503,user1,1519137990
5fa93e857ce95e580bef636a,0,eaa49de6d5fcb44b60d71cddd259192985201513,2018-02-20 09:59:51,2,user1,1519138791
5fa93e857ce95e580bef636b,26,55c42c7bcaea31d851ba4568e6e9d187e426bb2a,2018-02-20 11:14:54,1,user1,1519143294
5fa93e857ce95e580bef636c,13,8e19dd0e86ebfa151a467b12a5af36bdac81cee4,2018-02-20 11:52:53,2,user1,1519145573
5fa93e857ce95e580bef636d,141,10002a31320e099689975a3d80b1522bd9fc2150,2018-02-20 18:10:38,1,user1,1519168238
5fa93e857ce95e580bef636e,0,55c42c7bcaea31d851ba4568e6e9d187e426bb2a,2018-02-22 13:23:13,6503,user1,1519323793
5fa93e857ce95e580bef636f,29,55c42c7bcaea31d851ba4568e6e9d187e426bb2a,2018-02-22 13:23:52,2,user1,1519323832
5fa93e857ce95e580bef6370,0,10002a31320e099689975a3d80b1522bd9fc2150,2018-02-22 15:35:28,6503,user1,1519331728
5fa93e857ce95e580bef6371,0,55c42c7bcaea31d851ba4568e6e9d187e426bb2a,2018-02-22 16:23:07,3,user1,1519334587
5fa93e857ce95e580bef6372,0,55c42c7bcaea31d851ba4568e6e9d187e426bb2a,2018-02-22 16:24:01,6503,user1,1519334641
5fa93e857ce95e580bef6373,102,55c42c7bcaea31d851ba4568e6e9d187e426bb2a,2018-02-22 16:24:38,1,user1,1519334678
5fa93e857ce95e580bef6374,0,f7628566f7eb303e9a3d9cec1a90cb3ec5e97b24,2018-02-22 16:30:18,6503,user1,1519335018
5fa93e857ce95e580bef6375,178,10002a31320e099689975a3d80b1522bd9fc2150,2018-02-22 17:17:28,1,user1,1519337848
5fa93e857ce95e580bef6376,43,55c42c7bcaea31d851ba4568e6e9d187e426bb2a,2018-02-22 17:40:55,1,user1,1519339255
5fa93e857ce95e580bef6377,45,55c42c7bcaea31d851ba4568e6e9d187e426bb2a,2018-02-22 17:42:01,1,user1,1519339321
5fa93e857ce95e580bef6378,0,337ae2c0011c12aa32f267ed60aa950c9e475850,2018-02-23 06:49:34,6503,user1,1519386574
5fa93e857ce95e580bef6379,0,337ae2c0011c12aa32f267ed60aa950c9e475850,2018-02-23 12:29:49,6503,user1,1519406989
5fa93e857ce95e580bef637a,2153,1ea1a7062ba95dd2adb6bfeae40e4e69b761d8a,2018-02-23 12:36:59,1,user1,1519407419
5fa93e857ce95e580bef637b,0,337ae2c0011c12aa32f267ed60aa950c9e475850,2018-02-23 13:55:06,6503,user1,1519412106
5fa93e857ce95e580bef637c,0,337ae2c0011c12aa32f267ed60aa950c9e475850,2018-02-23 14:13:08,6503,user1,1519413188
5fa93e857ce95e580bef637d,155,55c42c7bcaea31d851ba4568e6e9d187e426bb2a,2018-02-23 14:52:34,1,user1,1519415554
5fa93e857ce95e580bef637e,0,337ae2c0011c12aa32f267ed60aa950c9e475850,2018-02-23 16:26:53,6503,user1,1519421213
5fa93e857ce95e580bef637f,0,337ae2c0011c12aa32f267ed60aa950c9e475850,2018-02-23 16:38:57,6503,user1,1519421937
5fa93e857ce95e580bef6380,93,10002a31320e099689975a3d80b1522bd9fc2150,2018-02-23 17:38:34,1,user1,1519425514
5fa93e857ce95e580bef6381,34,55c42c7bcaea31d851ba4568e6e9d187e426bb2a,2018-02-23 18:11:00,1,user1,1519427460
5fa93e857ce95e580bef6382,58,55c42c7bcaea31d851ba4568e6e9d187e426bb2a,2018-02-23 18:34:16,1,user1,1519428856
5fa93e857ce95e580bef6383,17,55c42c7bcaea31d851ba4568e6e9d187e426bb2a,2018-02-23 18:47:39,2,user1,1519429659
5fa93e857ce95e580bef6384,38,55c42c7bcaea31d851ba4568e6e9d187e426bb2a,2018-02-23 19:25:15,2,user1,1519431915
5fa93e857ce95e580bef6385,13,1ea1a7062ba95dd2adb6bfeae40e4e69b761d8a,2018-02-23 19:59:48,1,user1,1519433988
5fa93e857ce95e580bef6386,638,1ea1a7062ba95dd2adb6bfeae40e4e69b761d8a,2018-02-23 20:50:09,2,user1,1519437009
5fa93e857ce95e580bef6387,0,337ae2c0011c12aa32f267ed60aa950c9e475850,2018-02-24 04:05:17,6574,user1,1519463117
5fa93e857ce95e580bef6388,0,337ae2c0011c12aa32f267ed60aa950c9e475850,2018-02-24 06:33:04,6574,user1,1519471984
5fa93e857ce95e580bef6389,0,337ae2c0011c12aa32f267ed60aa950c9e475850,2018-02-24 07:31:53,6574,user1,1519475513
5fa93e857ce95e580bef638a,0,1ea1a7062ba95dd2adb6bfeae40e4e69b761d8a,2018-02-24 12:32:22,6503,user1,1519493542
5fa93e857ce95e580bef638b,0,1ea1a7062ba95dd2adb6bfeae40e4e69b761d8a,2018-02-24 12:36:55,6503,user1,1519493815
5fa93e857ce95e580bef638c,85,1ea1a7062ba95dd2adb6bfeae40e4e69b761d8a,2018-02-24 12:48:18,2,user1,1519494498
5fa93e857ce95e580bef638d,360,1ea1a7062ba95dd2adb6bfeae40e4e69b761d8a,2018-02-24 12:57:32,1,user1,1519495052
5fa93e857ce95e580bef638e,27,1ea1a7062ba95dd2adb6bfeae40e4e69b761d8a,2018-02-24 13:22:07,1,user1,1519496527
5fa93e857ce95e580bef638f,85,55c42c7bcaea31d851ba4568e6e9d187e426bb2a,2018-02-24 18:27:53,1,user1,1519514873
5fa93e857ce95e580bef6390,842,1ea1a7062ba95dd2adb6bfeae40e4e69b761d8a,2018-02-24 19:48:40,2,user1,1519519720
5fa93e857ce95e580bef6391,0,1ea1a7062ba95dd2adb6bfeae40e4e69b761d8a,2018-02-25 00:46:58,6503,user1,1519537618
5fa93e857ce95e580bef6392,160,1ea1a7062ba95dd2adb6bfeae40e4e69b761d8a,2018-02-25 01:00:50,2,user1,1519538450
5fa93e857ce95e580bef6393,0,337ae2c0011c12aa32f267ed60aa950c9e475850,2018-02-25 05:24:04,6574,user1,1519554244
5fa93e857ce95e580bef6394,65,55c42c7bcaea31d851ba4568e6e9d187e426bb2a,2018-02-26 13:43:04,2,user1,1519670584
5fa93e857ce95e580bef6395,56,55c42c7bcaea31d851ba4568e6e9d187e426bb2a,2018-02-26 13:48:33,1,user1,1519670913
5fa93e857ce95e580bef6396,62,55c42c7bcaea31d851ba4568e6e9d187e426bb2a,2018-02-26 14:36:14,1,user1,1519673774
5fa93e857ce95e580bef6397,0,22e3c49f0713f589ee7532c8b7e30b442f4abfa3,2018-02-26 14:51:57,6503,user1,1519674717
5fa93e857ce95e580bef6398,107,22e3c49f0713f589ee7532c8b7e30b442f4abfa3,2018-02-26 14:57:15,2,user1,1519675035
5fa93e857ce95e580bef6399,0,5dd032b747d2ddcedc4df07ac5128e49d998b7f9,2018-02-26 14:58:45,6503,user1,1519675125
5fa93e857ce95e580bef639a,58,55c42c7bcaea31d851ba4568e6e9d187e426bb2a,2018-02-26 15:39:10,1,user1,1519677550
5fa93e857ce95e580bef639b,102,55c42c7bcaea31d851ba4568e6e9d187e426bb2a,2018-02-26 15:43:43,1,user1,1519677823
5fa93e857ce95e580bef639c,19,84766b7c6d2773979bd0834682aa6f6ebeca661,2018-02-26 15:53:55,2,user1,1519678435
5fa93e857ce95e580bef639d,0,10002a31320e099689975a3d80b1522bd9fc2150,2018-02-26 17:21:14,6503,user1,1519683674
5fa93e857ce95e580bef639e,25,55c42c7bcaea31d851ba4568e6e9d187e426bb2a,2018-02-26 18:51:57,2,user1,1519689117
5fa93e857ce95e580bef639f,43,10002a31320e099689975a3d80b1522bd9fc2150,2018-02-26 19:40:23,1,user1,1519692023
5fa93e857ce95e580bef63a0,139,10002a31320e099689975a3d80b1522bd9fc2150,2018-02-27 16:40:04,1,user1,1519767604
5fa93e857ce95e580bef63a1,109,55c42c7bcaea31d851ba4568e6e9d187e426bb2a,2018-02-27 17:17:51,1,user1,1519769871
5fa93e857ce95e580bef63a2,0,8bb90dc27a6425cfa0c0b670c1c78fd08ff38297,2018-02-27 19:50:03,2,user1,1519779003
5fa93e857ce95e580bef63a3,3,f22f197fe2fcfb242af05d29696e1722368239c3,2018-02-27 19:50:09,2,user1,1519779009
5fa93e857ce95e580bef63a4,37,55c42c7bcaea31d851ba4568e6e9d187e426bb2a,2018-02-28 10:30:56,1,user1,1519831856
5fa93e857ce95e580bef63a5,204,55c42c7bcaea31d851ba4568e6e9d187e426bb2a,2018-02-28 11:25:12,2,user1,1519835112
5fa93e857ce95e580bef63a6,111,46f99b85906f59efaa460db1b0f4eab59ba4482f,2018-03-01 14:20:28,2,user1,1519932028
5fa93e857ce95e580bef63a7,43,55c42c7bcaea31d851ba4568e6e9d187e426bb2a,2018-03-01 14:53:37,1,user1,1519934017
5fa93e857ce95e580bef63a8,17,8e19dd0e86ebfa151a467b12a5af36bdac81cee4,2018-03-01 16:22:36,2,user1,1519939356
5fa93e857ce95e580bef63a9,28,46f99b85906f59efaa460db1b0f4eab59ba4482f,2018-03-01 16:23:45,2,user1,1519939425
5fa93e857ce95e580bef63ab,768,4671ffbdd7a25b627a96191ca649b99e917dc35,2018-03-01 18:11:36,1,user1,1519945896
5fa93e857ce95e580bef63aa,0,55c42c7bcaea31d851ba4568e6e9d187e426bb2a,2018-03-01 18:23:54,6503,user1,1519946634
5fa93e857ce95e580bef63ac,71,55c42c7bcaea31d851ba4568e6e9d187e426bb2a,2018-03-01 18:24:40,2,user1,1519946680
5fa93e857ce95e580bef63ad,1,4671ffbdd7a25b627a96191ca649b99e917dc35,2018-03-01 18:28:14,2,user1,1519946894
5fa93e857ce95e580bef63ae,85,10002a31320e099689975a3d80b1522bd9fc2150,2018-03-01 18:36:42,1,user1,1519947402
5fa93e857ce95e580bef63af,764,4671ffbdd7a25b627a96191ca649b99e917dc35,2018-03-01 18:39:19,2,user1,1519947559
5fa93e857ce95e580bef63b0,235,4671ffbdd7a25b627a96191ca649b99e917dc35,2018-03-01 19:12:57,1,user1,1519949577
5fa93e857ce95e580bef63b1,0,a3f00cfc3aed4be161169d7503d2de785046d3fe,2018-03-02 14:33:00,6503,user1,1520019180
5fa93e857ce95e580bef63b2,945,55c42c7bcaea31d851ba4568e6e9d187e426bb2a,2018-03-02 14:58:23,1,user1,1520020703
5fa93e857ce95e580bef63b3,0,b10df12280795ad3af44f9db8d3eb63a28ae8576,2018-03-02 18:56:13,6503,user1,1520034973
5fa93e857ce95e580bef63b4,2760,4671ffbdd7a25b627a96191ca649b99e917dc35,2018-03-02 20:00:38,2,user1,1520038838
5fa93e857ce95e580bef63b5,77,4671ffbdd7a25b627a96191ca649b99e917dc35,2018-03-02 21:11:26,1,user1,1520043086
5fa93e857ce95e580bef63b6,0,4671ffbdd7a25b627a96191ca649b99e917dc35,2018-03-04 22:00:58,6503,user1,1520218858
5fa93e857ce95e580bef63b7,0,4671ffbdd7a25b627a96191ca649b99e917dc35,2018-03-04 22:02:01,6503,user1,1520218921
5fa93e857ce95e580bef63b8,176,4671ffbdd7a25b627a96191ca649b99e917dc35,2018-03-04 22:34:58,2,user1,1520220898
5fa93e857ce95e580bef63b9,0,76f2361f774a2de8cd90864aa37f4f17b987aa29,2018-03-05 11:23:46,6503,user1,1520267026
5fa93e857ce95e580bef63ba,67,4671ffbdd7a25b627a96191ca649b99e917dc35,2018-03-05 17:34:10,2,user1,1520289250
5fa93e857ce95e580bef63bb,185,55c42c7bcaea31d851ba4568e6e9d187e426bb2a,2018-03-06 17:12:44,1,user1,1520374364
5fa93e857ce95e580bef63bc,62,10002a31320e099689975a3d80b1522bd9fc2150,2018-03-07 08:59:50,1,user1,1520431190
5fa93e857ce95e580bef63bd,37,10002a31320e099689975a3d80b1522bd9fc2150,2018-03-07 09:24:08,2,user1,1520432648
5fa93e857ce95e580bef63be,0,da03e5f5586b5fea0a9be7c817d9572cd5aa4c6a,2018-03-07 09:27:45,6503,user1,1520432865
5fa93e857ce95e580bef63bf,0,1ea1a7062ba95dd2adb6bfeae40e4e69b761d8a,2018-03-07 12:49:40,6503,user1,1520444980
5fa93e857ce95e580bef63c0,487,1ea1a7062ba95dd2adb6bfeae40e4e69b761d8a,2018-03-07 12:50:50,2,user1,1520445050
5fa93e857ce95e580bef63c1,60,1ea1a7062ba95dd2adb6bfeae40e4e69b761d8a,2018-03-07 15:27:53,1,user1,1520454473
5fa93e857ce95e580bef63c2,22,db8d721ec0555fe1502cec8688670876609de862,2018-03-07 15:59:49,2,user1,1520456389
5fa93e857ce95e580bef63c3,25,db8d721ec0555fe1502cec8688670876609de862,2018-03-07 16:00:39,2,user1,1520456439
5fa93e857ce95e580bef63c4,2826,db8d721ec0555fe1502cec8688670876609de862,2018-03-07 16:01:35,2,user1,1520456495
5fa93e857ce95e580bef63c5,1193,4671ffbdd7a25b627a96191ca649b99e917dc35,2018-03-07 21:48:31,1,user1,1520477311
5fa93e857ce95e580bef63c6,70,1ea1a7062ba95dd2adb6bfeae40e4e69b761d8a,2018-03-07 22:44:15,1,user1,1520480655
5fa93e857ce95e580bef63c7,148,4671ffbdd7a25b627a96191ca649b99e917dc35,2018-03-07 23:31:16,2,user1,1520483476
5fa93e857ce95e580bef63c8,133,55c42c7bcaea31d851ba4568e6e9d187e426bb2a,2018-03-08 16:48:08,2,user1,1520545688
5fa93e857ce95e580bef63c9,0,55c42c7bcaea31d851ba4568e6e9d187e426bb2a,2018-03-08 17:13:54,6503,user1,1520547234
5fa93e857ce95e580bef63ca,303,1ea1a7062ba95dd2adb6bfeae40e4e69b761d8a,2018-03-08 20:06:25,1,user1,1520557585
5fa93e857ce95e580bef63cb,0,1ea1a7062ba95dd2adb6bfeae40e4e69b761d8a,2018-03-08 21:06:08,3,user1,1520561168
5fa93e857ce95e580bef63cc,33,1ea1a7062ba95dd2adb6bfeae40e4e69b761d8a,2018-03-08 22:13:03,2,user1,1520565183
5fa93e857ce95e580bef63cd,2,1ea1a7062ba95dd2adb6bfeae40e4e69b761d8a,2018-03-08 22:13:55,2,user1,1520565235
5fa93e857ce95e580bef63ce,2361,1ea1a7062ba95dd2adb6bfeae40e4e69b761d8a,2018-03-08 22:14:08,1,user1,1520565248
5fa93e857ce95e580bef63cf,0,55c42c7bcaea31d851ba4568e6e9d187e426bb2a,2018-03-09 12:03:55,6503,user1,1520615035
5fa93e857ce95e580bef63d0,150,55c42c7bcaea31d851ba4568e6e9d187e426bb2a,2018-03-09 12:06:05,2,user1,1520615165
5fa93e857ce95e580bef63d1,25,55c42c7bcaea31d851ba4568e6e9d187e426bb2a,2018-03-09 12:09:27,1,user1,1520615367
5fa93e857ce95e580bef63d2,3,ac8634ab4a2d9d936771298cc7f4888f68487d19,2018-03-09 12:49:30,2,user1,1520617770
5fa93e857ce95e580bef63d3,4,ac8634ab4a2d9d936771298cc7f4888f68487d19,2018-03-09 12:53:18,2,user1,1520617998
5fa93e857ce95e580bef63d4,47,55c42c7bcaea31d851ba4568e6e9d187e426bb2a,2018-03-09 13:33:31,1,user1,1520620411
5fa93e857ce95e580bef63d5,31,ac8634ab4a2d9d936771298cc7f4888f68487d19,2018-03-09 14:14:21,2,user1,1520622861
5fa93e857ce95e580bef63d6,48,55c42c7bcaea31d851ba4568e6e9d187e426bb2a,2018-03-09 16:12:14,2,user1,1520629934
5fa93e857ce95e580bef63d7,0,1ea1a7062ba95dd2adb6bfeae40e4e69b761d8a,2018-03-10 12:32:39,6503,user1,1520703159
5fa93e857ce95e580bef63d8,19,1ea1a7062ba95dd2adb6bfeae40e4e69b761d8a,2018-03-10 12:36:34,2,user1,1520703394
5fa93e857ce95e580bef63d9,32,1ea1a7062ba95dd2adb6bfeae40e4e69b761d8a,2018-03-10 13:10:34,2,user1,1520705434
5fa93e857ce95e580bef63da,16,4671ffbdd7a25b627a96191ca649b99e917dc35,2018-03-10 13:11:25,2,user1,1520705485
5fa93e857ce95e580bef63db,22,1ea1a7062ba95dd2adb6bfeae40e4e69b761d8a,2018-03-10 13:16:35,2,user1,1520705795
5fa93e857ce95e580bef63dc,39,4671ffbdd7a25b627a96191ca649b99e917dc35,2018-03-10 13:39:49,1,user1,1520707189
5fa93e857ce95e580bef63dd,98,4671ffbdd7a25b627a96191ca649b99e917dc35,2018-03-10 18:52:30,1,user1,1520725950
5fa93e857ce95e580bef63de,1813,1ea1a7062ba95dd2adb6bfeae40e4e69b761d8a,2018-03-10 23:39:20,1,user1,1520743160
5fa93e857ce95e580bef63df,28,1ea1a7062ba95dd2adb6bfeae40e4e69b761d8a,2018-03-11 12:36:21,1,user1,1520786181
5fa93e857ce95e580bef63e0,51,1ea1a7062ba95dd2adb6bfeae40e4e69b761d8a,2018-03-11 12:39:03,2,user1,1520786343
5fa93e857ce95e580bef63e1,1109,1ea1a7062ba95dd2adb6bfeae40e4e69b761d8a,2018-03-11 22:29:00,2,user1,1520821740
5fa93e857ce95e580bef63e2,0,1ea1a7062ba95dd2adb6bfeae40e4e69b761d8a,2018-03-11 22:47:49,6,user1,1520822869
5fa93e857ce95e580bef63e3,2,1ea1a7062ba95dd2adb6bfeae40e4e69b761d8a,2018-03-11 22:47:53,2,user1,1520822873
5fa93e857ce95e580bef63e4,47,1ea1a7062ba95dd2adb6bfeae40e4e69b761d8a,2018-03-11 22:48:19,2,user1,1520822899
5fa93e857ce95e580bef63e5,250,55c42c7bcaea31d851ba4568e6e9d187e426bb2a,2018-03-12 16:43:53,2,user1,1520887433
5fa93e857ce95e580bef63e6,41,55c42c7bcaea31d851ba4568e6e9d187e426bb2a,2018-03-12 16:49:26,1,user1,1520887766
5fa93e857ce95e580bef63e7,0,1ea1a7062ba95dd2adb6bfeae40e4e69b761d8a,2018-03-12 20:25:32,6503,user1,1520900732
5fa93e857ce95e580bef63e8,362,1ea1a7062ba95dd2adb6bfeae40e4e69b761d8a,2018-03-12 20:36:15,2,user1,1520901375
5fa93e857ce95e580bef63e9,0,4671ffbdd7a25b627a96191ca649b99e917dc35,2018-03-13 17:47:51,6503,user1,1520977671
5fa93e857ce95e580bef63ea,1983,4671ffbdd7a25b627a96191ca649b99e917dc35,2018-03-13 17:48:29,2,user1,1520977709
5fa93e857ce95e580bef63eb,0,55c42c7bcaea31d851ba4568e6e9d187e426bb2a,2018-03-14 07:29:07,6503,user1,1521026947
5fa93e857ce95e580bef63ec,136,55c42c7bcaea31d851ba4568e6e9d187e426bb2a,2018-03-14 11:25:30,2,user1,1521041130
5fa93e857ce95e580bef63ed,2522,4671ffbdd7a25b627a96191ca649b99e917dc35,2018-03-14 21:06:51,1,user1,1521076011
5fa93e857ce95e580bef63ee,501,1ea1a7062ba95dd2adb6bfeae40e4e69b761d8a,2018-03-14 23:27:27,1,user1,1521084447
5fa93e857ce95e580bef63ef,0,2f0cd0fbc7bfc584dfad6b5fd9be05c059479110,2018-03-15 11:42:23,6503,user1,1521128543
5fa93e857ce95e580bef63f0,3314,4671ffbdd7a25b627a96191ca649b99e917dc35,2018-03-15 20:54:48,1,user1,1521161688
5fa93e857ce95e580bef63f1,0,c8165a90eba49c2fda3daafa45e3f67b9f82a054,2018-03-16 11:46:13,6503,user1,1521215173
5fa93e857ce95e580bef63f2,0,e92b815d20845290ed08f7480a8f1e7930373d4d,2018-03-16 16:02:33,6503,user1,1521230553
5fa93e857ce95e580bef63f3,13,4671ffbdd7a25b627a96191ca649b99e917dc35,2018-03-16 18:07:32,1,user1,1521238052
5fa93e857ce95e580bef63f4,4580,4671ffbdd7a25b627a96191ca649b99e917dc35,2018-03-16 18:08:00,2,user1,1521238080
5fa93e857ce95e580bef63f5,68,55c42c7bcaea31d851ba4568e6e9d187e426bb2a,2018-03-17 14:18:26,1,user1,1521310706
5fa93e857ce95e580bef63f6,41,55c42c7bcaea31d851ba4568e6e9d187e426bb2a,2018-03-17 15:21:47,2,user1,1521314507
5fa93e857ce95e580bef63f7,86,55c42c7bcaea31d851ba4568e6e9d187e426bb2a,2018-03-17 15:52:51,2,user1,1521316371
5fa93e857ce95e580bef63f8,18,55c42c7bcaea31d851ba4568e6e9d187e426bb2a,2018-03-17 16:00:35,1,user1,1521316835
5fa93e857ce95e580bef63f9,0,10002a31320e099689975a3d80b1522bd9fc2150,2018-03-18 15:20:28,6503,user1,1521400828
5fa93e857ce95e580bef63fa,17,10002a31320e099689975a3d80b1522bd9fc2150,2018-03-18 15:30:47,2,user1,1521401447
5fa93e857ce95e580bef63fb,0,55c42c7bcaea31d851ba4568e6e9d187e426bb2a,2018-03-19 14:29:18,6503,user1,1521484158
5fa93e857ce95e580bef63fc,52,55c42c7bcaea31d851ba4568e6e9d187e426bb2a,2018-03-19 14:29:52,2,user1,1521484192
5fa93e857ce95e580bef63fd,11,9819023e323580e406fa722ed1a1b92cef0dbc21,2018-03-19 16:31:28,2,user1,1521491488
5fa93e857ce95e580bef63fe,28,9819023e323580e406fa722ed1a1b92cef0dbc21,2018-03-19 16:31:54,2,user1,1521491514
5fa93e857ce95e580bef63ff,309,3c536af9d0cb42391a56b6cc179c15311ba512a1,2018-03-19 16:33:44,1,user1,1521491624
5fa93e857ce95e580bef6400,0,1ea1a7062ba95dd2adb6bfeae40e4e69b761d8a,2018-03-19 21:42:24,6503,user1,1521510144
5fa93e857ce95e580bef6401,0,1ea1a7062ba95dd2adb6bfeae40e4e69b761d8a,2018-03-19 23:20:24,2,user1,1521516024
5fa93e857ce95e580bef6402,136,10002a31320e099689975a3d80b1522bd9fc2150,2018-03-20 18:36:41,1,user1,1521585401
5fa93e857ce95e580bef6403,760,4671ffbdd7a25b627a96191ca649b99e917dc35,2018-03-21 19:57:07,1,user1,1521676627
5fa93e857ce95e580bef6404,2132,3c536af9d0cb42391a56b6cc179c15311ba512a1,2018-03-22 16:52:31,1,user1,1521751951
5fa93e857ce95e580bef6405,0,4671ffbdd7a25b627a96191ca649b99e917dc35,2018-03-22 18:03:46,1,user1,1521756226
5fa93e857ce95e580bef6406,0,4671ffbdd7a25b627a96191ca649b99e917dc35,2018-03-22 18:04:24,2,user1,1521756264
5fa93e857ce95e580bef6407,4900,4671ffbdd7a25b627a96191ca649b99e917dc35,2018-03-22 18:04:39,2,user1,1521756279
5fa93e857ce95e580bef6408,102,1ea1a7062ba95dd2adb6bfeae40e4e69b761d8a,2018-03-22 20:38:03,1,user1,1521765483
5fa93e857ce95e580bef6409,0,1ea1a7062ba95dd2adb6bfeae40e4e69b761d8a,2018-03-22 20:40:13,2,user1,1521765613
5fa93e857ce95e580bef640a,567,1ea1a7062ba95dd2adb6bfeae40e4e69b761d8a,2018-03-22 20:40:18,1,user1,1521765618
5fa93e857ce95e580bef640b,0,9830c804decf039d8e91e51a0fbc7353931930b4,2018-03-23 11:04:03,6503,user1,1521817443
5fa93e857ce95e580bef640c,49,55c42c7bcaea31d851ba4568e6e9d187e426bb2a,2018-03-23 12:54:08,2,user1,1521824048
5fa93e857ce95e580bef640d,678,d44d0365cc5cd83d042e8005e4bed406b8c2a083,2018-03-23 14:30:11,2,user1,1521829811
5fa93e857ce95e580bef640e,319,55c42c7bcaea31d851ba4568e6e9d187e426bb2a,2018-03-23 14:58:18,2,user1,1521831498
5fa93e857ce95e580bef640f,83,55c42c7bcaea31d851ba4568e6e9d187e426bb2a,2018-03-23 19:24:46,1,user1,1521847486
5fa93e857ce95e580bef6410,0,1ea1a7062ba95dd2adb6bfeae40e4e69b761d8a,2018-03-24 12:36:14,6503,user1,1521909374
5fa93e857ce95e580bef6411,0,1ea1a7062ba95dd2adb6bfeae40e4e69b761d8a,2018-03-24 12:37:47,6503,user1,1521909467
5fa93e857ce95e580bef6412,0,1ea1a7062ba95dd2adb6bfeae40e4e69b761d8a,2018-03-24 12:48:59,2,user1,1521910139
5fa93e857ce95e580bef6414,114,55c42c7bcaea31d851ba4568e6e9d187e426bb2a,2018-03-24 12:51:31,2,user1,1521910291
5fa93e857ce95e580bef6415,57,55c42c7bcaea31d851ba4568e6e9d187e426bb2a,2018-03-24 14:24:17,2,user1,1521915857
5fa93e857ce95e580bef6416,62,55c42c7bcaea31d851ba4568e6e9d187e426bb2a,2018-03-24 15:14:02,1,user1,1521918842
5fa93e857ce95e580bef6417,2,1ea1a7062ba95dd2adb6bfeae40e4e69b761d8a,2018-03-24 16:03:40,2,user1,1521921820
5fa93e857ce95e580bef6418,47,4671ffbdd7a25b627a96191ca649b99e917dc35,2018-03-24 16:04:29,1,user1,1521921869
5fa93e857ce95e580bef6419,0,4671ffbdd7a25b627a96191ca649b99e917dc35,2018-03-24 16:10:12,6503,user1,1521922212
5fa93e857ce95e580bef641a,19,4671ffbdd7a25b627a96191ca649b99e917dc35,2018-03-24 16:12:14,2,user1,1521922334
5fa93e857ce95e580bef641b,66,55c42c7bcaea31d851ba4568e6e9d187e426bb2a,2018-03-24 18:34:33,1,user1,1521930873
5fa93e857ce95e580bef641c,67,10002a31320e099689975a3d80b1522bd9fc2150,2018-03-25 13:36:36,1,user1,1521999396
5fa93e857ce95e580bef641d,251,d44d0365cc5cd83d042e8005e4bed406b8c2a083,2018-03-25 16:59:12,1,user1,1522011552
5fa93e857ce95e580bef641e,755,d44d0365cc5cd83d042e8005e4bed406b8c2a083,2018-03-25 17:03:36,1,user1,1522011816
5fa93e857ce95e580bef641f,0,f4749d9c13e63d543c11895826a055f1735c6420,2018-03-26 13:54:09,2,user1,1522086849
5fa93e857ce95e580bef6420,0,f4749d9c13e63d543c11895826a055f1735c6420,2018-03-26 13:55:55,2,user1,1522086955
5fa93e857ce95e580bef6421,0,f4749d9c13e63d543c11895826a055f1735c6420,2018-03-26 14:03:20,2,user1,1522087400
5fa93e857ce95e580bef6422,0,10002a31320e099689975a3d80b1522bd9fc2150,2018-03-27 14:31:38,6503,user1,1522175498
5fa93e857ce95e580bef6423,1,4671ffbdd7a25b627a96191ca649b99e917dc35,2018-03-27 16:05:43,2,user1,1522181143
5fa93e857ce95e580bef6424,0,8bb90dc27a6425cfa0c0b670c1c78fd08ff38297,2018-03-27 16:08:27,2,user1,1522181307
5fa93e857ce95e580bef6425,1,f22f197fe2fcfb242af05d29696e1722368239c3,2018-03-27 16:08:42,2,user1,1522181322
5fa93e857ce95e580bef6426,113,10002a31320e099689975a3d80b1522bd9fc2150,2018-03-27 19:15:13,1,user1,1522192513
5fa93e857ce95e580bef6427,3,f22f197fe2fcfb242af05d29696e1722368239c3,2018-03-27 20:04:10,2,user1,1522195450
5fa93e857ce95e580bef6428,727,f22f197fe2fcfb242af05d29696e1722368239c3,2018-03-27 20:19:12,1,user1,1522196352
5fa93e857ce95e580bef6429,0,6c0e0826c4ad17e4d6ce89f5615c7f76c2247729,2018-03-28 17:02:07,6503,user1,1522270927
5fa93e857ce95e580bef642a,2915,f22f197fe2fcfb242af05d29696e1722368239c3,2018-03-28 20:33:10,2,user1,1522283590
5fa93e857ce95e580bef642b,863,4671ffbdd7a25b627a96191ca649b99e917dc35,2018-03-28 23:39:48,2,user1,1522294788
5fa93e857ce95e580bef642c,55,55c42c7bcaea31d851ba4568e6e9d187e426bb2a,2018-03-29 16:58:47,2,user1,1522357127
5fa93e857ce95e580bef642d,21,4ccc14d874d3c638682dded3994d5a6e0cb1a4d1,2018-03-29 17:01:07,2,user1,1522357267
5fa93e857ce95e580bef642e,731,4671ffbdd7a25b627a96191ca649b99e917dc35,2018-03-29 18:57:22,1,user1,1522364242
5fa93e857ce95e580bef642f,7,1ea1a7062ba95dd2adb6bfeae40e4e69b761d8a,2018-03-29 23:38:44,2,user1,1522381124
5fa93e857ce95e580bef6430,381,1ea1a7062ba95dd2adb6bfeae40e4e69b761d8a,2018-03-29 23:39:21,2,user1,1522381161
5fa93e857ce95e580bef6431,67,55c42c7bcaea31d851ba4568e6e9d187e426bb2a,2018-03-30 11:28:18,1,user1,1522423698
5fa93e857ce95e580bef6432,42,10002a31320e099689975a3d80b1522bd9fc2150,2018-03-30 15:19:18,1,user1,1522437558
5fa93e857ce95e580bef6433,94,10002a31320e099689975a3d80b1522bd9fc2150,2018-03-30 15:27:43,1,user1,1522438063
5fa93e857ce95e580bef6434,65,55c42c7bcaea31d851ba4568e6e9d187e426bb2a,2018-03-30 18:40:55,1,user1,1522449655
5fa93e857ce95e580bef6435,345,1ea1a7062ba95dd2adb6bfeae40e4e69b761d8a,2018-03-30 21:30:05,1,user1,1522459805
5fa93e857ce95e580bef6436,2633,4671ffbdd7a25b627a96191ca649b99e917dc35,2018-03-30 22:36:01,2,user1,1522463761
5fa93e857ce95e580bef6437,0,22e3c49f0713f589ee7532c8b7e30b442f4abfa3,2018-03-31 11:12:53,6503,user1,1522509173
5fa93e857ce95e580bef6438,0,55c42c7bcaea31d851ba4568e6e9d187e426bb2a,2018-03-31 15:23:24,2,user1,1522524204
5fa93e857ce95e580bef6439,0,55c42c7bcaea31d851ba4568e6e9d187e426bb2a,2018-03-31 15:23:46,2,user1,1522524226
5fa93e867ce95e580bef643a,12,55c42c7bcaea31d851ba4568e6e9d187e426bb2a,2018-03-31 15:25:17,2,user1,1522524317
5fa93e867ce95e580bef643b,3,55c42c7bcaea31d851ba4568e6e9d187e426bb2a,2018-03-31 15:26:25,2,user1,1522524385
5fa93e867ce95e580bef643c,0,55c42c7bcaea31d851ba4568e6e9d187e426bb2a,2018-03-31 15:26:55,2,user1,1522524415
5fa93e867ce95e580bef643d,3,55c42c7bcaea31d851ba4568e6e9d187e426bb2a,2018-03-31 15:27:15,2,user1,1522524435
5fa93e867ce95e580bef643e,32,55c42c7bcaea31d851ba4568e6e9d187e426bb2a,2018-03-31 15:30:36,1,user1,1522524636
5fa93e867ce95e580bef643f,46,55c42c7bcaea31d851ba4568e6e9d187e426bb2a,2018-03-31 16:24:56,1,user1,1522527896
5fa93e867ce95e580bef6440,3796,4671ffbdd7a25b627a96191ca649b99e917dc35,2018-04-01 21:11:49,1,user1,1522631509
5fa93e867ce95e580bef6441,1028,1ea1a7062ba95dd2adb6bfeae40e4e69b761d8a,2018-04-01 22:25:09,1,user1,1522635909
5fa93e867ce95e580bef6442,102,55c42c7bcaea31d851ba4568e6e9d187e426bb2a,2018-04-02 16:33:09,1,user1,1522701189
5fa93e867ce95e580bef6443,26,55c42c7bcaea31d851ba4568e6e9d187e426bb2a,2018-04-03 09:53:02,1,user1,1522763582
5fa93e867ce95e580bef6444,83,55c42c7bcaea31d851ba4568e6e9d187e426bb2a,2018-04-03 15:44:08,1,user1,1522784648
5fa93e867ce95e580bef6445,1,10002a31320e099689975a3d80b1522bd9fc2150,2018-04-04 15:54:05,2,user1,1522871645
5fa93e867ce95e580bef6446,5,1ea1a7062ba95dd2adb6bfeae40e4e69b761d8a,2018-04-05 12:24:24,2,user1,1522945464
5fa93e867ce95e580bef6447,105,55c42c7bcaea31d851ba4568e6e9d187e426bb2a,2018-04-05 13:30:30,1,user1,1522949430
5fa93e867ce95e580bef6448,84,55c42c7bcaea31d851ba4568e6e9d187e426bb2a,2018-04-05 14:53:20,1,user1,1522954400
5fa93e867ce95e580bef6449,61,55c42c7bcaea31d851ba4568e6e9d187e426bb2a,2018-04-06 11:15:29,1,user1,1523027729
5fa93e867ce95e580bef644a,64,55c42c7bcaea31d851ba4568e6e9d187e426bb2a,2018-04-06 11:16:44,1,user1,1523027804
5fa93e867ce95e580bef644b,19,55c42c7bcaea31d851ba4568e6e9d187e426bb2a,2018-04-06 12:35:43,2,user1,1523032543
5fa93e867ce95e580bef644c,260,55c42c7bcaea31d851ba4568e6e9d187e426bb2a,2018-04-06 13:12:56,2,user1,1523034776
5fa93e867ce95e580bef644d,3,55c42c7bcaea31d851ba4568e6e9d187e426bb2a,2018-04-06 13:20:10,2,user1,1523035210
5fa93e867ce95e580bef644e,61,55c42c7bcaea31d851ba4568e6e9d187e426bb2a,2018-04-06 13:20:55,1,user1,1523035255
5fa93e867ce95e580bef644f,150,55c42c7bcaea31d851ba4568e6e9d187e426bb2a,2018-04-06 13:45:45,2,user1,1523036745
5fa93e867ce95e580bef6450,44,10002a31320e099689975a3d80b1522bd9fc2150,2018-04-06 17:13:29,1,user1,1523049209
5fa93e867ce95e580bef6451,40,55c42c7bcaea31d851ba4568e6e9d187e426bb2a,2018-04-06 18:28:59,1,user1,1523053739
5fa93e867ce95e580bef6453,40,55c42c7bcaea31d851ba4568e6e9d187e426bb2a,2018-04-06 18:41:21,1,user1,1523054481
5fa93e867ce95e580bef6452,0,10002a31320e099689975a3d80b1522bd9fc2150,2018-04-06 18:41:34,6503,user1,1523054494
5fa93e867ce95e580bef6454,89,55c42c7bcaea31d851ba4568e6e9d187e426bb2a,2018-04-07 18:49:43,2,user1,1523141383
5fa93e867ce95e580bef6455,0,87efb25f2dadae714ed5ff739b3566a8b10350a0,2018-04-08 12:48:33,6503,user1,1523206113
5fa93e867ce95e580bef6456,20,55c42c7bcaea31d851ba4568e6e9d187e426bb2a,2018-04-08 13:48:08,1,user1,1523209688
5fa93e867ce95e580bef6457,39,55c42c7bcaea31d851ba4568e6e9d187e426bb2a,2018-04-09 13:47:48,1,user1,1523296068
5fa93e867ce95e580bef6458,7,d44d0365cc5cd83d042e8005e4bed406b8c2a083,2018-04-09 14:30:52,2,user1,1523298652
5fa93e867ce95e580bef6459,25,a968e14fd818889d839edef8eab82be3067289e1,2018-04-09 14:31:36,2,user1,1523298696
5fa93e867ce95e580bef645a,88,f22f197fe2fcfb242af05d29696e1722368239c3,2018-04-10 13:36:10,1,user1,1523381770
5fa93e867ce95e580bef645b,140,f22f197fe2fcfb242af05d29696e1722368239c3,2018-04-10 17:32:43,2,user1,1523395963
5fa93e867ce95e580bef645c,110,55c42c7bcaea31d851ba4568e6e9d187e426bb2a,2018-04-10 17:48:17,1,user1,1523396897
5fa93e867ce95e580bef645d,59,55c42c7bcaea31d851ba4568e6e9d187e426bb2a,2018-04-10 18:27:03,1,user1,1523399223
5fa93e867ce95e580bef645e,161,d44d0365cc5cd83d042e8005e4bed406b8c2a083,2018-04-10 21:52:50,1,user1,1523411570
5fa93e867ce95e580bef645f,0,8934e8b85182a9f428c2b63fcd227ffbfa02009a,2018-04-11 10:00:59,6503,user1,1523455259
5fa93e867ce95e580bef6460,0,8934e8b85182a9f428c2b63fcd227ffbfa02009a,2018-04-11 10:01:26,6503,user1,1523455286
5fa93e867ce95e580bef6461,312,55c42c7bcaea31d851ba4568e6e9d187e426bb2a,2018-04-11 14:22:50,2,user1,1523470970
5fa93e867ce95e580bef6462,115,55c42c7bcaea31d851ba4568e6e9d187e426bb2a,2018-04-11 16:03:24,1,user1,1523477004
5fa93e867ce95e580bef6463,76,55c42c7bcaea31d851ba4568e6e9d187e426bb2a,2018-04-12 08:25:19,2,user1,1523535919
5fa93e867ce95e580bef6464,0,e754693e593d2dfb7509dd8f374a08b246decc65,2018-04-12 15:04:32,6503,user1,1523559872
5fa93e867ce95e580bef6465,84,55c42c7bcaea31d851ba4568e6e9d187e426bb2a,2018-04-12 22:21:20,1,user1,1523586080
5fa93e867ce95e580bef6466,30,c098c0e140481930fa4c77b52b4217ea2a5be3b1,2018-04-12 23:41:27,2,user1,1523590887
5fa93e867ce95e580bef6467,129,c098c0e140481930fa4c77b52b4217ea2a5be3b1,2018-04-12 23:51:34,2,user1,1523591494
5fa93e867ce95e580bef6468,86,10002a31320e099689975a3d80b1522bd9fc2150,2018-04-13 00:00:22,2,user1,1523592022
5fa93e867ce95e580bef6469,78,55c42c7bcaea31d851ba4568e6e9d187e426bb2a,2018-04-13 09:15:48,2,user1,1523625348
5fa93e867ce95e580bef646a,3,55c42c7bcaea31d851ba4568e6e9d187e426bb2a,2018-04-13 14:18:31,2,user1,1523643511
5fa93e867ce95e580bef646b,305,55c42c7bcaea31d851ba4568e6e9d187e426bb2a,2018-04-13 14:21:14,2,user1,1523643674
5fa93e867ce95e580bef646c,499,55c42c7bcaea31d851ba4568e6e9d187e426bb2a,2018-04-13 15:01:43,2,user1,1523646103
5fa93e867ce95e580bef646d,0,6332538cb138de994a14c1320f2ccfa18593c3c8,2018-04-13 17:39:51,6503,user1,1523655591
5fa93e867ce95e580bef646e,2238,4671ffbdd7a25b627a96191ca649b99e917dc35,2018-04-13 18:13:24,2,user1,1523657604
5fa93e867ce95e580bef646f,53,10002a31320e099689975a3d80b1522bd9fc2150,2018-04-13 19:18:07,1,user1,1523661487
5fa93e867ce95e580bef6470,88,1ea1a7062ba95dd2adb6bfeae40e4e69b761d8a,2018-04-13 23:08:48,2,user1,1523675328
5fa93e867ce95e580bef6471,280,4671ffbdd7a25b627a96191ca649b99e917dc35,2018-04-14 14:38:22,1,user1,1523731102
5fa93e867ce95e580bef6472,0,55c42c7bcaea31d851ba4568e6e9d187e426bb2a,2018-04-14 15:23:05,6503,user1,1523733785
5fa93e867ce95e580bef6473,0,55c42c7bcaea31d851ba4568e6e9d187e426bb2a,2018-04-14 15:23:50,6503,user1,1523733830
5fa93e867ce95e580bef6474,0,7a82420c6575e0e325f4eb38e294d8fad5928047,2018-04-15 08:33:26,6503,user1,1523795606
5fa93e867ce95e580bef6475,676,4671ffbdd7a25b627a96191ca649b99e917dc35,2018-04-15 16:46:04,2,user1,1523825164
5fa93e867ce95e580bef6476,0,4671ffbdd7a25b627a96191ca649b99e917dc35,2018-04-15 19:07:30,6503,user1,1523833650
5fa93e867ce95e580bef6477,17,4671ffbdd7a25b627a96191ca649b99e917dc35,2018-04-15 19:38:55,2,user1,1523835535
5fa93e867ce95e580bef6478,1935,4671ffbdd7a25b627a96191ca649b99e917dc35,2018-04-15 20:15:59,1,user1,1523837759
5fa93e867ce95e580bef6479,1,1373b69d78222876c3dc212dbe6c836bbee3b3b3,2018-04-16 11:26:52,1,user1,1523892412
5fa93e867ce95e580bef647a,107,55c42c7bcaea31d851ba4568e6e9d187e426bb2a,2018-04-16 13:10:03,1,user1,1523898603
5fa93e867ce95e580bef647b,159,55c42c7bcaea31d851ba4568e6e9d187e426bb2a,2018-04-16 15:33:10,2,user1,1523907190
5fa93e867ce95e580bef647c,152,4671ffbdd7a25b627a96191ca649b99e917dc35,2018-04-16 15:36:42,2,user1,1523907402
5fa93e867ce95e580bef647d,0,e4dd6e9cc25d5d85271c9de9a90d57d5aac4013a,2018-04-16 16:51:06,6503,user1,1523911866
5fa93e867ce95e580bef647e,1140,1ea1a7062ba95dd2adb6bfeae40e4e69b761d8a,2018-04-16 21:26:16,2,user1,1523928376
5fa93e867ce95e580bef647f,2671,4671ffbdd7a25b627a96191ca649b99e917dc35,2018-04-17 18:16:04,1,user1,1524003364
5fa93e867ce95e580bef6480,0,a7c2f644d0a2faeeb63d2a09f4b1104945d37ea8,2018-04-18 07:42:18,6503,user1,1524051738
5fa93e867ce95e580bef6481,0,b10df12280795ad3af44f9db8d3eb63a28ae8576,2018-04-19 17:17:40,6503,user1,1524172660
5fa93e867ce95e580bef6482,111,55c42c7bcaea31d851ba4568e6e9d187e426bb2a,2018-04-19 18:29:08,1,user1,1524176948
5fa93e867ce95e580bef6483,42,55c42c7bcaea31d851ba4568e6e9d187e426bb2a,2018-04-20 12:46:21,2,user1,1524242781
5fa93e867ce95e580bef6484,42,55c42c7bcaea31d851ba4568e6e9d187e426bb2a,2018-04-20 18:49:36,2,user1,1524264576
5fa93e867ce95e580bef6485,12,55c42c7bcaea31d851ba4568e6e9d187e426bb2a,2018-04-20 18:58:19,2,user1,1524265099
5fa93e867ce95e580bef6486,6,55c42c7bcaea31d851ba4568e6e9d187e426bb2a,2018-04-21 09:04:41,1,user1,1524315881
5fa93e867ce95e580bef6487,3,55c42c7bcaea31d851ba4568e6e9d187e426bb2a,2018-04-21 12:19:58,2,user1,1524327598
5fa93e867ce95e580bef6488,168,55c42c7bcaea31d851ba4568e6e9d187e426bb2a,2018-04-21 12:21:16,1,user1,1524327676
5fa93e867ce95e580bef6489,47,55c42c7bcaea31d851ba4568e6e9d187e426bb2a,2018-04-21 16:24:17,2,user1,1524342257
5fa93e867ce95e580bef648a,1290,4671ffbdd7a25b627a96191ca649b99e917dc35,2018-04-21 18:53:05,2,user1,1524351185
5fa93e867ce95e580bef648b,2143,1ea1a7062ba95dd2adb6bfeae40e4e69b761d8a,2018-04-21 21:40:08,1,user1,1524361208
5fa93e867ce95e580bef648c,65,55c42c7bcaea31d851ba4568e6e9d187e426bb2a,2018-04-22 14:30:54,2,user1,1524421854
5fa93e867ce95e580bef648d,21,55c42c7bcaea31d851ba4568e6e9d187e426bb2a,2018-04-22 15:02:38,1,user1,1524423758
5fa93e867ce95e580bef648e,2,4671ffbdd7a25b627a96191ca649b99e917dc35,2018-04-23 14:34:25,2,user1,1524508465
5fa93e867ce95e580bef648f,2,4671ffbdd7a25b627a96191ca649b99e917dc35,2018-04-23 14:35:52,2,user1,1524508552
5fa93e867ce95e580bef6490,30,4671ffbdd7a25b627a96191ca649b99e917dc35,2018-04-23 14:49:07,1,user1,1524509347
5fa93e867ce95e580bef6491,2,4671ffbdd7a25b627a96191ca649b99e917dc35,2018-04-23 16:06:38,2,user1,1524513998
5fa93e867ce95e580bef6492,4026,4671ffbdd7a25b627a96191ca649b99e917dc35,2018-04-23 18:08:50,1,user1,1524521330
5fa93e867ce95e580bef6493,154,4671ffbdd7a25b627a96191ca649b99e917dc35,2018-04-23 20:52:29,2,user1,1524531149
5fa93e867ce95e580bef6494,1,4671ffbdd7a25b627a96191ca649b99e917dc35,2018-04-24 09:59:46,1,user1,1524578386
5fa93e867ce95e580bef6495,3,4671ffbdd7a25b627a96191ca649b99e917dc35,2018-04-24 10:00:15,2,user1,1524578415
5fa93e867ce95e580bef6496,0,eaa49de6d5fcb44b60d71cddd259192985201513,2018-04-24 10:01:39,2,user1,1524578499
5fa93e867ce95e580bef6497,301,4671ffbdd7a25b627a96191ca649b99e917dc35,2018-04-24 10:13:43,1,user1,1524579223
5fa93e867ce95e580bef6498,123,4671ffbdd7a25b627a96191ca649b99e917dc35,2018-04-24 11:12:13,1,user1,1524582733
5fa93e867ce95e580bef6499,18,4671ffbdd7a25b627a96191ca649b99e917dc35,2018-04-24 12:05:19,1,user1,1524585919
5fa93e867ce95e580bef649a,43,55c42c7bcaea31d851ba4568e6e9d187e426bb2a,2018-04-24 18:21:55,1,user1,1524608515
5fa93e867ce95e580bef649b,309,4671ffbdd7a25b627a96191ca649b99e917dc35,2018-04-24 23:13:27,1,user1,1524626007
5fa93e867ce95e580bef649c,0,adcd193debc13990a4d46f4f68ad97649189323d,2018-04-25 10:11:17,6503,user1,1524665477
5fa93e867ce95e580bef649d,41,55c42c7bcaea31d851ba4568e6e9d187e426bb2a,2018-04-25 15:50:54,1,user1,1524685854
5fa93e867ce95e580bef649e,800,4671ffbdd7a25b627a96191ca649b99e917dc35,2018-04-25 21:43:21,1,user1,1524707001
5fa93e867ce95e580bef649f,171,55c42c7bcaea31d851ba4568e6e9d187e426bb2a,2018-04-26 18:29:53,1,user1,1524781793
5fa93e867ce95e580bef64a0,0,10002a31320e099689975a3d80b1522bd9fc2150,2018-04-26 18:34:26,2,user1,1524782066
5fa93e867ce95e580bef64a1,64,10002a31320e099689975a3d80b1522bd9fc2150,2018-04-26 18:35:21,2,user1,1524782121
5fa93e867ce95e580bef64a2,110,55c42c7bcaea31d851ba4568e6e9d187e426bb2a,2018-04-26 19:15:02,1,user1,1524784502
5fa93e867ce95e580bef64a3,176,55c42c7bcaea31d851ba4568e6e9d187e426bb2a,2018-04-26 19:37:27,1,user1,1524785847
5fa93e867ce95e580bef64a4,0,f0f9df19bff39e56a073291de04c20da9adefc5,2018-04-27 10:22:01,6503,user1,1524838921
5fa93e867ce95e580bef64a5,36,55c42c7bcaea31d851ba4568e6e9d187e426bb2a,2018-04-27 14:39:34,1,user1,1524854374
5fa93e867ce95e580bef64a6,21,10002a31320e099689975a3d80b1522bd9fc2150,2018-04-27 16:43:38,2,user1,1524861818
5fa93e867ce95e580bef64a7,17,10002a31320e099689975a3d80b1522bd9fc2150,2018-04-27 16:46:40,1,user1,1524862000
5fa93e867ce95e580bef64a8,284,4671ffbdd7a25b627a96191ca649b99e917dc35,2018-04-27 21:54:48,2,user1,1524880488
5fa93e867ce95e580bef64a9,0,55c42c7bcaea31d851ba4568e6e9d187e426bb2a,2018-04-28 13:03:21,6503,user1,1524935001
5fa93e867ce95e580bef64aa,69,55c42c7bcaea31d851ba4568e6e9d187e426bb2a,2018-04-28 13:05:52,2,user1,1524935152
5fa93e867ce95e580bef64ab,321,ac8634ab4a2d9d936771298cc7f4888f68487d19,2018-04-28 15:05:41,2,user1,1524942341
5fa93e867ce95e580bef64ac,35,10002a31320e099689975a3d80b1522bd9fc2150,2018-04-28 15:38:00,1,user1,1524944280
5fa93e867ce95e580bef64ad,21,55c42c7bcaea31d851ba4568e6e9d187e426bb2a,2018-04-28 17:56:09,1,user1,1524952569
5fa93e867ce95e580bef64ae,0,4671ffbdd7a25b627a96191ca649b99e917dc35,2018-04-28 20:30:18,6503,user1,1524961818
5fa93e867ce95e580bef64af,4424,4671ffbdd7a25b627a96191ca649b99e917dc35,2018-04-28 20:31:01,2,user1,1524961861
5fa93e867ce95e580bef64b0,296,4671ffbdd7a25b627a96191ca649b99e917dc35,2018-04-29 19:19:23,1,user1,1525043963
5fa93e867ce95e580bef64b1,821,bd45f767f3bf39272be658ceeaa2c2214bd4da05,2018-04-29 19:29:50,2,user1,1525044590
5fa93e867ce95e580bef64b2,72,bd45f767f3bf39272be658ceeaa2c2214bd4da05,2018-04-29 19:43:49,2,user1,1525045429
5fa93e867ce95e580bef64b3,488,4671ffbdd7a25b627a96191ca649b99e917dc35,2018-04-29 19:55:53,2,user1,1525046153
5fa93e867ce95e580bef64b4,0,c49918f2b3c92f0a1e6da5c3c7ff0987d08a2b1e,2018-04-30 09:33:24,6503,user1,1525095204
5fa93e867ce95e580bef64b5,0,c49918f2b3c92f0a1e6da5c3c7ff0987d08a2b1e,2018-04-30 12:38:55,2,user1,1525106335
5fa93e867ce95e580bef64b6,11,4671ffbdd7a25b627a96191ca649b99e917dc35,2018-04-30 21:22:50,2,user1,1525137770
5fa93e867ce95e580bef64b7,2885,4671ffbdd7a25b627a96191ca649b99e917dc35,2018-04-30 21:58:45,1,user1,1525139925
5fa93e867ce95e580bef64b8,86,55c42c7bcaea31d851ba4568e6e9d187e426bb2a,2018-05-01 18:51:02,1,user1,1525215062
5fa93e867ce95e580bef64b9,0,4671ffbdd7a25b627a96191ca649b99e917dc35,2018-05-02 12:31:46,6503,user1,1525278706
5fa93e867ce95e580bef64ba,5,4671ffbdd7a25b627a96191ca649b99e917dc35,2018-05-02 12:35:56,2,user1,1525278956
5fa93e867ce95e580bef64bb,0,bd6dd3fb6369445be2f39d22ed8207025a403658,2018-05-02 13:08:53,6503,user1,1525280933
5fa93e867ce95e580bef64bc,6,bed8d390e40c33da78835b1e8574994526429bc,2018-05-02 19:48:23,2,user1,1525304903
5fa93e867ce95e580bef64bd,28,8c6c89b68a4f85fba0a9973b045b38ce7c06ce1f,2018-05-02 19:49:00,2,user1,1525304940
5fa93e867ce95e580bef64be,3058,f22f197fe2fcfb242af05d29696e1722368239c3,2018-05-02 22:12:49,2,user1,1525313569
5fa93e867ce95e580bef64bf,0,f4749d9c13e63d543c11895826a055f1735c6420,2018-05-03 11:48:59,2,user1,1525362539
5fa93e867ce95e580bef64c0,73,55c42c7bcaea31d851ba4568e6e9d187e426bb2a,2018-05-03 13:12:02,2,user1,1525367522
5fa93e867ce95e580bef64c1,0,55c42c7bcaea31d851ba4568e6e9d187e426bb2a,2018-05-03 16:49:26,2,user1,1525380566
5fa93e867ce95e580bef64c2,367,55c42c7bcaea31d851ba4568e6e9d187e426bb2a,2018-05-03 16:51:33,1,user1,1525380693
5fa93e867ce95e580bef64c3,66,10002a31320e099689975a3d80b1522bd9fc2150,2018-05-04 13:48:29,1,user1,1525456109
5fa93e867ce95e580bef64c4,2,55c42c7bcaea31d851ba4568e6e9d187e426bb2a,2018-05-04 13:49:44,2,user1,1525456184
5fa93e867ce95e580bef64c5,79,10002a31320e099689975a3d80b1522bd9fc2150,2018-05-04 13:51:09,1,user1,1525456269
5fa93e867ce95e580bef64c6,97,10002a31320e099689975a3d80b1522bd9fc2150,2018-05-04 14:00:59,1,user1,1525456859
5fa93e867ce95e580bef64c7,106,86b25142ca2904f7e0e3fe1ce0a4b89997c92553,2018-05-04 14:13:00,2,user1,1525457580
5fa93e867ce95e580bef64c8,100,10002a31320e099689975a3d80b1522bd9fc2150,2018-05-04 14:15:02,2,user1,1525457702
5fa93e867ce95e580bef64c9,0,55c42c7bcaea31d851ba4568e6e9d187e426bb2a,2018-05-04 14:17:05,6503,user1,1525457825
5fa93e867ce95e580bef64ca,2,55c42c7bcaea31d851ba4568e6e9d187e426bb2a,2018-05-04 14:20:36,2,user1,1525458036
5fa93e867ce95e580bef64cb,190,55c42c7bcaea31d851ba4568e6e9d187e426bb2a,2018-05-04 14:21:18,1,user1,1525458078
5fa93e867ce95e580bef64cc,0,55c42c7bcaea31d851ba4568e6e9d187e426bb2a,2018-05-04 14:35:50,6503,user1,1525458950
5fa93e867ce95e580bef64cd,2,eaa49de6d5fcb44b60d71cddd259192985201513,2018-05-04 14:36:54,2,user1,1525459014
5fa93e867ce95e580bef64ce,4,55c42c7bcaea31d851ba4568e6e9d187e426bb2a,2018-05-04 14:39:36,2,user1,1525459176
5fa93e867ce95e580bef64cf,1,55c42c7bcaea31d851ba4568e6e9d187e426bb2a,2018-05-04 14:41:27,2,user1,1525459287
5fa93e867ce95e580bef64d0,2,8e19dd0e86ebfa151a467b12a5af36bdac81cee4,2018-05-04 14:42:13,2,user1,1525459333
5fa93e867ce95e580bef64d1,33,8e19dd0e86ebfa151a467b12a5af36bdac81cee4,2018-05-04 14:43:03,2,user1,1525459383
5fa93e867ce95e580bef64d2,0,1ea1a7062ba95dd2adb6bfeae40e4e69b761d8a,2018-05-04 19:35:15,6503,user1,1525476915
5fa93e867ce95e580bef64d3,562,1ea1a7062ba95dd2adb6bfeae40e4e69b761d8a,2018-05-04 19:46:23,2,user1,1525477583
5fa93e867ce95e580bef64d4,43,55c42c7bcaea31d851ba4568e6e9d187e426bb2a,2018-05-05 12:38:01,1,user1,1525538281
5fa93e867ce95e580bef64d5,0,55c42c7bcaea31d851ba4568e6e9d187e426bb2a,2018-05-05 15:18:37,6503,user1,1525547917
5fa93e867ce95e580bef64d6,24,55c42c7bcaea31d851ba4568e6e9d187e426bb2a,2018-05-05 15:19:19,2,user1,1525547959
5fa93e867ce95e580bef64d7,12,f4749d9c13e63d543c11895826a055f1735c6420,2018-05-05 15:19:57,2,user1,1525547997
5fa93e867ce95e580bef64d8,62,55c42c7bcaea31d851ba4568e6e9d187e426bb2a,2018-05-05 17:13:04,2,user1,1525554784
5fa93e867ce95e580bef64d9,0,74da722617c3d07f2097d5cab9094a7e89bb4478,2018-05-05 17:23:24,10,user1,1525555404
5fa93e867ce95e580bef64da,5009,4671ffbdd7a25b627a96191ca649b99e917dc35,2018-05-05 23:10:40,1,user1,1525576240
5fa93e867ce95e580bef64db,31,b7463156884923194d6046b2544df1b716160ee8,2018-05-06 10:47:55,2,user1,1525618075
5fa93e867ce95e580bef64dc,17,5a6780f582ca414e828b65e0d405de58aa540ca7,2018-05-06 10:49:01,2,user1,1525618141
5fa93e867ce95e580bef64dd,5,4671ffbdd7a25b627a96191ca649b99e917dc35,2018-05-06 11:01:03,2,user1,1525618863
5fa93e867ce95e580bef64de,0,55c42c7bcaea31d851ba4568e6e9d187e426bb2a,2018-05-06 11:02:53,2,user1,1525618973
5fa93e867ce95e580bef64df,73,55c42c7bcaea31d851ba4568e6e9d187e426bb2a,2018-05-06 13:53:35,2,user1,1525629215
5fa93e867ce95e580bef64e0,0,10002a31320e099689975a3d80b1522bd9fc2150,2018-05-06 19:21:10,6503,user1,1525648870
5fa93e867ce95e580bef64e1,50,10002a31320e099689975a3d80b1522bd9fc2150,2018-05-06 19:23:57,2,user1,1525649037
5fa93e867ce95e580bef64e2,93,1ea1a7062ba95dd2adb6bfeae40e4e69b761d8a,2018-05-06 19:27:13,1,user1,1525649233
5fa93e867ce95e580bef64e3,628,1ea1a7062ba95dd2adb6bfeae40e4e69b761d8a,2018-05-06 21:07:02,2,user1,1525655222
5fa93e867ce95e580bef64e4,287,4671ffbdd7a25b627a96191ca649b99e917dc35,2018-05-06 22:31:31,1,user1,1525660291
5fa93e867ce95e580bef64e5,72,55c42c7bcaea31d851ba4568e6e9d187e426bb2a,2018-05-07 13:06:53,2,user1,1525712813
5fa93e867ce95e580bef64e6,31,55c42c7bcaea31d851ba4568e6e9d187e426bb2a,2018-05-07 18:46:57,1,user1,1525733217
5fa93e867ce95e580bef64e7,834,4671ffbdd7a25b627a96191ca649b99e917dc35,2018-05-07 19:24:06,1,user1,1525735446
5fa93e867ce95e580bef64e8,17,55c42c7bcaea31d851ba4568e6e9d187e426bb2a,2018-05-07 20:38:02,1,user1,1525739882
5fa93e867ce95e580bef64e9,0,f22f197fe2fcfb242af05d29696e1722368239c3,2018-05-08 16:27:11,1,user1,1525811231
5fa93e867ce95e580bef64ea,1569,4671ffbdd7a25b627a96191ca649b99e917dc35,2018-05-08 23:12:15,2,user1,1525835535
5fa93e867ce95e580bef64eb,0,4671ffbdd7a25b627a96191ca649b99e917dc35,2018-05-09 20:20:54,6503,user1,1525911654
5fa93e867ce95e580bef64ec,4926,4671ffbdd7a25b627a96191ca649b99e917dc35,2018-05-09 20:21:50,2,user1,1525911710
5fa93e867ce95e580bef64ed,0,b10df12280795ad3af44f9db8d3eb63a28ae8576,2018-05-10 11:29:51,3,user1,1525966191
5fa93e867ce95e580bef64ee,0,c8f6945025589b0b0afbf1bf35da99fb53fde489,2018-05-10 11:56:00,6503,user1,1525967760
5fa93e867ce95e580bef64ef,3,8e19dd0e86ebfa151a467b12a5af36bdac81cee4,2018-05-10 16:32:13,2,user1,1525984333
5fa93e867ce95e580bef64f0,15,8e19dd0e86ebfa151a467b12a5af36bdac81cee4,2018-05-10 17:26:51,1,user1,1525987611
5fa93e867ce95e580bef64f1,80,55c42c7bcaea31d851ba4568e6e9d187e426bb2a,2018-05-10 17:41:15,1,user1,1525988475
5fa93e867ce95e580bef64f2,98,1ea1a7062ba95dd2adb6bfeae40e4e69b761d8a,2018-05-11 18:19:32,2,user1,1526077172
5fa93e867ce95e580bef64f3,48,4671ffbdd7a25b627a96191ca649b99e917dc35,2018-05-11 20:52:25,2,user1,1526086345
5fa93e867ce95e580bef64f4,154,55c42c7bcaea31d851ba4568e6e9d187e426bb2a,2018-05-12 11:19:15,1,user1,1526138355
5fa93e867ce95e580bef64f5,176,4671ffbdd7a25b627a96191ca649b99e917dc35,2018-05-12 11:26:18,1,user1,1526138778
5fa93e867ce95e580bef64f6,119,55c42c7bcaea31d851ba4568e6e9d187e426bb2a,2018-05-12 11:42:46,1,user1,1526139766
5fa93e867ce95e580bef64f7,139,f22f197fe2fcfb242af05d29696e1722368239c3,2018-05-12 13:14:07,2,user1,1526145247
5fa93e867ce95e580bef64f8,1,f22f197fe2fcfb242af05d29696e1722368239c3,2018-05-12 13:24:46,2,user1,1526145886
5fa93e867ce95e580bef64f9,102,f22f197fe2fcfb242af05d29696e1722368239c3,2018-05-12 13:26:30,1,user1,1526145990
5fa93e867ce95e580bef64fa,0,22c1ee095071e5e4be2d51bc9b705b5aac9c5f22,2018-05-14 14:30:38,6503,user1,1526322638
5fa93e867ce95e580bef64fb,0,4671ffbdd7a25b627a96191ca649b99e917dc35,2018-05-14 15:02:59,6503,user1,1526324579
5fa93e867ce95e580bef64fc,1111,4671ffbdd7a25b627a96191ca649b99e917dc35,2018-05-14 15:17:26,2,user1,1526325446
5fa93e867ce95e580bef64fd,3108,4671ffbdd7a25b627a96191ca649b99e917dc35,2018-05-14 15:45:01,1,user1,1526327101
5fa93e867ce95e580bef64fe,74,55c42c7bcaea31d851ba4568e6e9d187e426bb2a,2018-05-14 16:36:55,1,user1,1526330215
5fa93e867ce95e580bef64ff,35,1ea1a7062ba95dd2adb6bfeae40e4e69b761d8a,2018-05-14 18:27:55,2,user1,1526336875
5fa93e867ce95e580bef6500,138,10002a31320e099689975a3d80b1522bd9fc2150,2018-05-15 17:23:23,1,user1,1526419403
5fa93e867ce95e580bef6502,3229,4671ffbdd7a25b627a96191ca649b99e917dc35,2018-05-15 17:37:48,1,user1,1526420268
5fa93e867ce95e580bef6501,114,55c42c7bcaea31d851ba4568e6e9d187e426bb2a,2018-05-15 17:45:44,1,user1,1526420744
5fa93e867ce95e580bef6503,0,10002a31320e099689975a3d80b1522bd9fc2150,2018-05-15 20:26:58,6503,user1,1526430418
5fa93e867ce95e580bef6504,628,1ea1a7062ba95dd2adb6bfeae40e4e69b761d8a,2018-05-15 21:34:15,1,user1,1526434455
5fa93e867ce95e580bef6505,39,55c42c7bcaea31d851ba4568e6e9d187e426bb2a,2018-05-16 14:35:20,2,user1,1526495720
5fa93e867ce95e580bef6506,29,55c42c7bcaea31d851ba4568e6e9d187e426bb2a,2018-05-16 14:40:21,2,user1,1526496021
5fa93e867ce95e580bef6507,5,55c42c7bcaea31d851ba4568e6e9d187e426bb2a,2018-05-16 14:51:18,2,user1,1526496678
5fa93e867ce95e580bef6508,0,55c42c7bcaea31d851ba4568e6e9d187e426bb2a,2018-05-16 15:30:08,6503,user1,1526499008
5fa93e867ce95e580bef6509,93,55c42c7bcaea31d851ba4568e6e9d187e426bb2a,2018-05-16 17:50:31,1,user1,1526507431
5fa93e867ce95e580bef650a,809,4671ffbdd7a25b627a96191ca649b99e917dc35,2018-05-16 20:39:32,2,user1,1526517572
5fa93e867ce95e580bef650b,0,1ea1a7062ba95dd2adb6bfeae40e4e69b761d8a,2018-05-17 18:21:33,6503,user1,1526595693
5fa93e867ce95e580bef650c,26,1ea1a7062ba95dd2adb6bfeae40e4e69b761d8a,2018-05-17 18:22:32,2,user1,1526595752
5fa93e867ce95e580bef650d,0,fe488f6ee62667d58d1be195b2cec004f93a2869,2018-05-18 10:39:28,6503,user1,1526654368
5fa93e867ce95e580bef650e,10,55c42c7bcaea31d851ba4568e6e9d187e426bb2a,2018-05-18 12:44:34,1,user1,1526661874
5fa93e867ce95e580bef650f,18,1ea1a7062ba95dd2adb6bfeae40e4e69b761d8a,2018-05-21 18:27:01,2,user1,1526941621
5fa93e867ce95e580bef6510,46,10002a31320e099689975a3d80b1522bd9fc2150,2018-05-21 20:35:12,1,user1,1526949312
5fa93e867ce95e580bef6511,0,22f924a71051b7235d06e2f8650c496d1d181c52,2018-05-22 11:09:53,6503,user1,1527001793
5fa93e867ce95e580bef6512,136,55c42c7bcaea31d851ba4568e6e9d187e426bb2a,2018-05-22 14:24:12,1,user1,1527013452
5fa93e867ce95e580bef6513,0,b10df12280795ad3af44f9db8d3eb63a28ae8576,2018-05-22 16:22:14,6503,user1,1527020534
5fa93e867ce95e580bef6514,2,55c42c7bcaea31d851ba4568e6e9d187e426bb2a,2018-05-23 14:47:51,1,user1,1527101271
5fa93e867ce95e580bef6515,263,55c42c7bcaea31d851ba4568e6e9d187e426bb2a,2018-05-23 14:53:18,2,user1,1527101598
5fa93e867ce95e580bef6516,106,55c42c7bcaea31d851ba4568e6e9d187e426bb2a,2018-05-23 19:38:27,1,user1,1527118707
5fa93e867ce95e580bef6517,538,4671ffbdd7a25b627a96191ca649b99e917dc35,2018-05-23 22:09:08,1,user1,1527127748
5fa93e867ce95e580bef6518,709,4671ffbdd7a25b627a96191ca649b99e917dc35,2018-05-23 22:20:20,2,user1,1527128420
5fa93e867ce95e580bef6519,117,4671ffbdd7a25b627a96191ca649b99e917dc35,2018-05-24 21:08:38,2,user1,1527210518
5fa93e867ce95e580bef651a,0,9a6f2cffba86d66ecff914a94bfc2bc5c0104c3a,2018-05-25 02:49:12,6503,user1,1527230952
5fa93e867ce95e580bef651b,93,55c42c7bcaea31d851ba4568e6e9d187e426bb2a,2018-05-25 14:18:17,2,user1,1527272297
5fa93e867ce95e580bef651c,226,55c42c7bcaea31d851ba4568e6e9d187e426bb2a,2018-05-25 14:34:52,2,user1,1527273292
5fa93e867ce95e580bef651d,57,fec5ae2c6a147531bda6cbc9a226223cb0bbd7dd,2018-05-25 15:08:47,2,user1,1527275327
5fa93e867ce95e580bef651e,37,fec5ae2c6a147531bda6cbc9a226223cb0bbd7dd,2018-05-25 15:54:53,2,user1,1527278093
5fa93e867ce95e580bef651f,0,1ea1a7062ba95dd2adb6bfeae40e4e69b761d8a,2018-05-27 13:47:30,6503,user1,1527443250
5fa93e867ce95e580bef6520,305,1ea1a7062ba95dd2adb6bfeae40e4e69b761d8a,2018-05-27 14:01:26,2,user1,1527444086
5fa93e867ce95e580bef6521,0,1ea1a7062ba95dd2adb6bfeae40e4e69b761d8a,2018-05-27 14:12:00,6503,user1,1527444720
5fa93e867ce95e580bef6522,22,1ea1a7062ba95dd2adb6bfeae40e4e69b761d8a,2018-05-27 14:16:22,2,user1,1527444982
5fa93e867ce95e580bef6523,5,1ea1a7062ba95dd2adb6bfeae40e4e69b761d8a,2018-05-27 14:49:48,2,user1,1527446988
5fa93e867ce95e580bef6524,27,4671ffbdd7a25b627a96191ca649b99e917dc35,2018-05-27 17:07:12,1,user1,1527455232
5fa93e867ce95e580bef6525,10,1ea1a7062ba95dd2adb6bfeae40e4e69b761d8a,2018-05-27 21:11:27,2,user1,1527469887
5fa93e867ce95e580bef6526,217,55c42c7bcaea31d851ba4568e6e9d187e426bb2a,2018-05-27 22:40:08,1,user1,1527475208
5fa93e867ce95e580bef6527,2,55c42c7bcaea31d851ba4568e6e9d187e426bb2a,2018-05-28 12:52:04,2,user1,1527526324
5fa93e867ce95e580bef6528,0,55c42c7bcaea31d851ba4568e6e9d187e426bb2a,2018-05-28 18:27:13,2,user1,1527546433
5fa93e867ce95e580bef6529,119,55c42c7bcaea31d851ba4568e6e9d187e426bb2a,2018-05-28 19:14:55,2,user1,1527549295
5fa93e867ce95e580bef652a,0,cbe95008517d41555cdf058f6db69483cc36da18,2018-05-29 09:57:40,6503,user1,1527602260
5fa93e867ce95e580bef652b,85,55c42c7bcaea31d851ba4568e6e9d187e426bb2a,2018-05-29 15:45:42,1,user1,1527623142
5fa93e867ce95e580bef652c,0,55c42c7bcaea31d851ba4568e6e9d187e426bb2a,2018-05-29 18:09:54,6503,user1,1527631794
5fa93e867ce95e580bef652d,13,55c42c7bcaea31d851ba4568e6e9d187e426bb2a,2018-05-29 18:10:31,2,user1,1527631831
5fa93e867ce95e580bef652e,76,55c42c7bcaea31d851ba4568e6e9d187e426bb2a,2018-05-29 18:10:51,1,user1,1527631851
5fa93e867ce95e580bef652f,554,4671ffbdd7a25b627a96191ca649b99e917dc35,2018-05-29 20:15:58,2,user1,1527639358
5fa93e867ce95e580bef6530,18,4671ffbdd7a25b627a96191ca649b99e917dc35,2018-05-29 20:44:03,1,user1,1527641043
5fa93e867ce95e580bef6531,48,4671ffbdd7a25b627a96191ca649b99e917dc35,2018-05-29 20:53:06,2,user1,1527641586
5fa93e867ce95e580bef6532,24,1ea1a7062ba95dd2adb6bfeae40e4e69b761d8a,2018-05-30 08:54:50,2,user1,1527684890
5fa93e867ce95e580bef6533,4,4671ffbdd7a25b627a96191ca649b99e917dc35,2018-05-30 21:00:11,2,user1,1527728411
5fa93e867ce95e580bef6534,63,1ea1a7062ba95dd2adb6bfeae40e4e69b761d8a,2018-05-30 21:01:00,2,user1,1527728460
5fa93e867ce95e580bef6535,1064,4671ffbdd7a25b627a96191ca649b99e917dc35,2018-05-30 21:20:48,1,user1,1527729648
5fa93e867ce95e580bef6536,147,55c42c7bcaea31d851ba4568e6e9d187e426bb2a,2018-05-31 14:21:12,2,user1,1527790872
5fa93e867ce95e580bef6537,0,1ea1a7062ba95dd2adb6bfeae40e4e69b761d8a,2018-05-31 16:35:00,6503,user1,1527798900
5fa93e867ce95e580bef6538,21,1ea1a7062ba95dd2adb6bfeae40e4e69b761d8a,2018-05-31 16:35:48,1,user1,1527798948
5fa93e867ce95e580bef6539,0,1ea1a7062ba95dd2adb6bfeae40e4e69b761d8a,2018-05-31 16:40:49,6503,user1,1527799249
5fa93e867ce95e580bef653a,0,1ea1a7062ba95dd2adb6bfeae40e4e69b761d8a,2018-05-31 16:41:29,6503,user1,1527799289
5fa93e867ce95e580bef653b,27,1ea1a7062ba95dd2adb6bfeae40e4e69b761d8a,2018-05-31 16:43:30,2,user1,1527799410
5fa93e867ce95e580bef653c,0,1ea1a7062ba95dd2adb6bfeae40e4e69b761d8a,2018-05-31 16:58:42,6503,user1,1527800322
5fa93e867ce95e580bef653d,0,1ea1a7062ba95dd2adb6bfeae40e4e69b761d8a,2018-06-01 14:44:55,2,user1,1527878695
5fa93e867ce95e580bef653e,1,55c42c7bcaea31d851ba4568e6e9d187e426bb2a,2018-06-01 15:09:26,1,user1,1527880166
5fa93e867ce95e580bef653f,181,55c42c7bcaea31d851ba4568e6e9d187e426bb2a,2018-06-01 15:11:29,2,user1,1527880289
5fa93e867ce95e580bef6540,323,4671ffbdd7a25b627a96191ca649b99e917dc35,2018-06-01 21:30:52,2,user1,1527903052
5fa93e867ce95e580bef6541,36,55c42c7bcaea31d851ba4568e6e9d187e426bb2a,2018-06-02 13:32:56,1,user1,1527960776
5fa93e867ce95e580bef6542,12,55c42c7bcaea31d851ba4568e6e9d187e426bb2a,2018-06-02 13:35:11,2,user1,1527960911
5fa93e867ce95e580bef6543,181,55c42c7bcaea31d851ba4568e6e9d187e426bb2a,2018-06-02 15:59:34,1,user1,1527969574
5fa93e867ce95e580bef6544,86,10002a31320e099689975a3d80b1522bd9fc2150,2018-06-02 19:55:40,1,user1,1527983740
5fa93e867ce95e580bef6545,65,1ea1a7062ba95dd2adb6bfeae40e4e69b761d8a,2018-06-03 14:20:04,1,user1,1528050004
5fa93e867ce95e580bef6546,0,1ea1a7062ba95dd2adb6bfeae40e4e69b761d8a,2018-06-03 14:42:22,6503,user1,1528051342
5fa93e867ce95e580bef6547,37,1ea1a7062ba95dd2adb6bfeae40e4e69b761d8a,2018-06-03 14:43:17,2,user1,1528051397
5fa93e867ce95e580bef6548,7,1ea1a7062ba95dd2adb6bfeae40e4e69b761d8a,2018-06-03 14:56:57,2,user1,1528052217
5fa93e867ce95e580bef6549,70,55c42c7bcaea31d851ba4568e6e9d187e426bb2a,2018-06-03 17:12:21,2,user1,1528060341
5fa93e867ce95e580bef654a,291,55c42c7bcaea31d851ba4568e6e9d187e426bb2a,2018-06-04 15:20:34,2,user1,1528140034
5fa93e867ce95e580bef654b,11,55c42c7bcaea31d851ba4568e6e9d187e426bb2a,2018-06-04 19:50:40,2,user1,1528156240
5fa93e867ce95e580bef654c,226,55c42c7bcaea31d851ba4568e6e9d187e426bb2a,2018-06-05 09:40:51,1,user1,1528206051
5fa93e867ce95e580bef654d,414,30483514cea42f0a907c710c2095cfe902377235,2018-06-05 15:51:19,2,user1,1528228279
5fa93e867ce95e580bef654e,170,55c42c7bcaea31d851ba4568e6e9d187e426bb2a,2018-06-05 15:58:41,2,user1,1528228721
5fa93e867ce95e580bef654f,58,55c42c7bcaea31d851ba4568e6e9d187e426bb2a,2018-06-05 18:52:21,1,user1,1528239141
5fa93e867ce95e580bef6550,0,4671ffbdd7a25b627a96191ca649b99e917dc35,2018-06-05 23:19:40,6503,user1,1528255180
5fa93e867ce95e580bef6551,441,4671ffbdd7a25b627a96191ca649b99e917dc35,2018-06-05 23:29:39,2,user1,1528255779
5fa93e867ce95e580bef6552,0,7eba6b2a74a1d203b402106dd9aff21139ab2a7a,2018-06-06 14:35:22,6503,user1,1528310122
5fa93e867ce95e580bef6553,70,55c42c7bcaea31d851ba4568e6e9d187e426bb2a,2018-06-06 14:35:37,1,user1,1528310137
5fa93e867ce95e580bef6554,0,7eba6b2a74a1d203b402106dd9aff21139ab2a7a,2018-06-06 16:13:32,6503,user1,1528316012
5fa93e867ce95e580bef6555,16,8e19dd0e86ebfa151a467b12a5af36bdac81cee4,2018-06-06 17:57:01,2,user1,1528322221
5fa93e867ce95e580bef6556,207,55c42c7bcaea31d851ba4568e6e9d187e426bb2a,2018-06-07 09:56:33,2,user1,1528379793
5fa93e867ce95e580bef6557,0,1ea1a7062ba95dd2adb6bfeae40e4e69b761d8a,2018-06-07 10:31:52,2,user1,1528381912
5fa93e867ce95e580bef6558,17,1ea1a7062ba95dd2adb6bfeae40e4e69b761d8a,2018-06-07 10:33:41,2,user1,1528382021
5fa93e867ce95e580bef6559,68,55c42c7bcaea31d851ba4568e6e9d187e426bb2a,2018-06-07 13:28:42,1,user1,1528392522
5fa93e867ce95e580bef655a,59,55c42c7bcaea31d851ba4568e6e9d187e426bb2a,2018-06-07 15:27:49,2,user1,1528399669
5fa93e867ce95e580bef655b,11,8e19dd0e86ebfa151a467b12a5af36bdac81cee4,2018-06-07 15:57:15,2,user1,1528401435
5fa93e867ce95e580bef655c,0,4671ffbdd7a25b627a96191ca649b99e917dc35,2018-06-07 20:25:02,3,user1,1528417502
5fa93e867ce95e580bef655d,0,4671ffbdd7a25b627a96191ca649b99e917dc35,2018-06-07 20:28:44,6503,user1,1528417724
5fa93e867ce95e580bef655e,3657,4671ffbdd7a25b627a96191ca649b99e917dc35,2018-06-07 20:30:47,2,user1,1528417847
5fa93e867ce95e580bef655f,50,10002a31320e099689975a3d80b1522bd9fc2150,2018-06-08 09:24:43,1,user1,1528464283
5fa93e867ce95e580bef6560,74,55c42c7bcaea31d851ba4568e6e9d187e426bb2a,2018-06-08 15:15:04,1,user1,1528485304
5fa93e867ce95e580bef6561,23,1ea1a7062ba95dd2adb6bfeae40e4e69b761d8a,2018-06-09 10:33:21,1,user1,1528554801
5fa93e867ce95e580bef6562,22,1ea1a7062ba95dd2adb6bfeae40e4e69b761d8a,2018-06-09 10:52:40,1,user1,1528555960
5fa93e867ce95e580bef6563,2,55c42c7bcaea31d851ba4568e6e9d187e426bb2a,2018-06-09 12:48:55,2,user1,1528562935
5fa93e867ce95e580bef6564,1115,4671ffbdd7a25b627a96191ca649b99e917dc35,2018-06-09 22:18:31,1,user1,1528597111
5fa93e867ce95e580bef6565,1042,4671ffbdd7a25b627a96191ca649b99e917dc35,2018-06-09 22:38:14,1,user1,1528598294
5fa93e867ce95e580bef6566,3304,4671ffbdd7a25b627a96191ca649b99e917dc35,2018-06-09 23:10:32,1,user1,1528600232
5fa93e867ce95e580bef6567,0,5882b56dade6997da766543d854916063defd39a,2018-06-10 17:22:19,6503,user1,1528665739
5fa93e867ce95e580bef6568,1,4671ffbdd7a25b627a96191ca649b99e917dc35,2018-06-11 11:13:27,2,user1,1528730007
5fa93e867ce95e580bef6569,118,f22f197fe2fcfb242af05d29696e1722368239c3,2018-06-11 11:14:13,2,user1,1528730053
5fa93e867ce95e580bef656a,16,5a6780f582ca414e828b65e0d405de58aa540ca7,2018-06-11 12:39:52,2,user1,1528735192
5fa93e867ce95e580bef656b,3,8e19dd0e86ebfa151a467b12a5af36bdac81cee4,2018-06-11 15:39:31,2,user1,1528745971
5fa93e867ce95e580bef656c,21,8e19dd0e86ebfa151a467b12a5af36bdac81cee4,2018-06-11 15:40:14,1,user1,1528746014
5fa93e867ce95e580bef656d,17,8e19dd0e86ebfa151a467b12a5af36bdac81cee4,2018-06-11 15:42:17,2,user1,1528746137
5fa93e867ce95e580bef656e,49,55c42c7bcaea31d851ba4568e6e9d187e426bb2a,2018-06-11 17:48:55,1,user1,1528753735
5fa93e867ce95e580bef656f,575,4671ffbdd7a25b627a96191ca649b99e917dc35,2018-06-11 19:41:23,1,user1,1528760483
5fa93e867ce95e580bef6570,0,1ea1a7062ba95dd2adb6bfeae40e4e69b761d8a,2018-06-11 22:01:36,2,user1,1528768896
5fa93e867ce95e580bef6571,2,f22f197fe2fcfb242af05d29696e1722368239c3,2018-06-11 22:01:40,2,user1,1528768900
5fa93e867ce95e580bef6572,0,4671ffbdd7a25b627a96191ca649b99e917dc35,2018-06-12 08:47:20,6503,user1,1528807640
5fa93e867ce95e580bef6573,314,55c42c7bcaea31d851ba4568e6e9d187e426bb2a,2018-06-12 11:22:40,1,user1,1528816960
5fa93e867ce95e580bef6574,0,55c42c7bcaea31d851ba4568e6e9d187e426bb2a,2018-06-12 16:21:34,6503,user1,1528834894
5fa93e867ce95e580bef6575,61,55c42c7bcaea31d851ba4568e6e9d187e426bb2a,2018-06-12 16:28:11,1,user1,1528835291
5fa93e867ce95e580bef6576,0,8e19dd0e86ebfa151a467b12a5af36bdac81cee4,2018-06-12 16:39:24,2,user1,1528835964
5fa93e867ce95e580bef6577,0,8e19dd0e86ebfa151a467b12a5af36bdac81cee4,2018-06-12 16:40:04,2,user1,1528836004
5fa93e867ce95e580bef6578,39,55c42c7bcaea31d851ba4568e6e9d187e426bb2a,2018-06-12 17:48:37,2,user1,1528840117
5fa93e867ce95e580bef6579,30,55c42c7bcaea31d851ba4568e6e9d187e426bb2a,2018-06-12 18:00:20,1,user1,1528840820
5fa93e867ce95e580bef657a,2,f22f197fe2fcfb242af05d29696e1722368239c3,2018-06-12 21:26:02,2,user1,1528853162
5fa93e867ce95e580bef657b,717,f22f197fe2fcfb242af05d29696e1722368239c3,2018-06-12 22:02:04,1,user1,1528855324
5fa93e867ce95e580bef657c,0,55c42c7bcaea31d851ba4568e6e9d187e426bb2a,2018-06-13 12:41:49,6503,user1,1528908109
5fa93e867ce95e580bef657d,0,55c42c7bcaea31d851ba4568e6e9d187e426bb2a,2018-06-13 12:53:46,6503,user1,1528908826
5fa93e867ce95e580bef657e,1,55c42c7bcaea31d851ba4568e6e9d187e426bb2a,2018-06-13 13:02:23,2,user1,1528909343
5fa93e867ce95e580bef657f,195,10002a31320e099689975a3d80b1522bd9fc2150,2018-06-13 15:23:42,1,user1,1528917822
5fa93e867ce95e580bef6580,0,f22f197fe2fcfb242af05d29696e1722368239c3,2018-06-13 19:40:03,2,user1,1528933203
5fa93e867ce95e580bef6581,31,4671ffbdd7a25b627a96191ca649b99e917dc35,2018-06-14 10:00:46,1,user1,1528984846
5fa93e867ce95e580bef6582,248,f22f197fe2fcfb242af05d29696e1722368239c3,2018-06-14 10:13:50,1,user1,1528985630
5fa93e867ce95e580bef6583,140,4671ffbdd7a25b627a96191ca649b99e917dc35,2018-06-14 10:24:55,1,user1,1528986295
5fa93e867ce95e580bef6584,86,46f99b85906f59efaa460db1b0f4eab59ba4482f,2018-06-14 10:32:21,2,user1,1528986741
5fa93e867ce95e580bef6585,119,46f99b85906f59efaa460db1b0f4eab59ba4482f,2018-06-14 10:40:59,2,user1,1528987259
5fa93e867ce95e580bef6586,222,55c42c7bcaea31d851ba4568e6e9d187e426bb2a,2018-06-14 10:47:04,2,user1,1528987624
5fa93e867ce95e580bef6587,210,55c42c7bcaea31d851ba4568e6e9d187e426bb2a,2018-06-14 11:29:49,2,user1,1528990189
5fa93e867ce95e580bef6588,10,8e19dd0e86ebfa151a467b12a5af36bdac81cee4,2018-06-14 12:13:35,2,user1,1528992815
5fa93e867ce95e580bef6589,47,55c42c7bcaea31d851ba4568e6e9d187e426bb2a,2018-06-14 14:24:16,1,user1,1529000656
5fa93e867ce95e580bef658a,0,4ccc14d874d3c638682dded3994d5a6e0cb1a4d1,2018-06-14 14:58:22,2,user1,1529002702
5fa93e867ce95e580bef658b,39,4ccc14d874d3c638682dded3994d5a6e0cb1a4d1,2018-06-14 14:58:46,2,user1,1529002726
5fa93e867ce95e580bef658c,66,10002a31320e099689975a3d80b1522bd9fc2150,2018-06-14 15:10:39,1,user1,1529003439
5fa93e867ce95e580bef658d,0,55c42c7bcaea31d851ba4568e6e9d187e426bb2a,2018-06-14 19:27:01,6503,user1,1529018821
5fa93e867ce95e580bef658e,0,fe065744bde1b8b3560940c5b6488a538eb2a10f,2018-06-15 09:14:33,6503,user1,1529068473
5fa93e867ce95e580bef658f,138,55c42c7bcaea31d851ba4568e6e9d187e426bb2a,2018-06-15 11:10:45,1,user1,1529075445
5fa93e867ce95e580bef6590,186,10002a31320e099689975a3d80b1522bd9fc2150,2018-06-15 13:17:05,1,user1,1529083025
5fa93e867ce95e580bef6591,133,55c42c7bcaea31d851ba4568e6e9d187e426bb2a,2018-06-15 16:08:26,1,user1,1529093306
5fa93e867ce95e580bef6592,60,10002a31320e099689975a3d80b1522bd9fc2150,2018-06-15 17:09:23,1,user1,1529096963
5fa93e867ce95e580bef6593,13,55c42c7bcaea31d851ba4568e6e9d187e426bb2a,2018-06-16 11:17:04,1,user1,1529162224
5fa93e867ce95e580bef6594,155,55c42c7bcaea31d851ba4568e6e9d187e426bb2a,2018-06-16 12:45:42,1,user1,1529167542
5fa93e867ce95e580bef6595,91,55c42c7bcaea31d851ba4568e6e9d187e426bb2a,2018-06-16 13:08:13,1,user1,1529168893
5fa93e867ce95e580bef6596,119,55c42c7bcaea31d851ba4568e6e9d187e426bb2a,2018-06-16 17:01:46,1,user1,1529182906
5fa93e867ce95e580bef6597,83,55c42c7bcaea31d851ba4568e6e9d187e426bb2a,2018-06-16 20:41:33,1,user1,1529196093
5fa93e867ce95e580bef6598,8,1ea1a7062ba95dd2adb6bfeae40e4e69b761d8a,2018-06-17 01:05:38,2,user1,1529211938
5fa93e867ce95e580bef6599,37,55c42c7bcaea31d851ba4568e6e9d187e426bb2a,2018-06-17 14:47:00,1,user1,1529261220
5fa93e867ce95e580bef659a,96,55c42c7bcaea31d851ba4568e6e9d187e426bb2a,2018-06-17 15:24:32,1,user1,1529263472
5fa93e867ce95e580bef659b,107,55c42c7bcaea31d851ba4568e6e9d187e426bb2a,2018-06-17 15:38:56,1,user1,1529264336
5fa93e867ce95e580bef659c,28,55c42c7bcaea31d851ba4568e6e9d187e426bb2a,2018-06-17 16:15:39,2,user1,1529266539
5fa93e867ce95e580bef659d,16,55c42c7bcaea31d851ba4568e6e9d187e426bb2a,2018-06-17 16:22:12,2,user1,1529266932
5fa93e867ce95e580bef659e,32,10002a31320e099689975a3d80b1522bd9fc2150,2018-06-17 17:40:25,1,user1,1529271625
5fa93e867ce95e580bef659f,7,55c42c7bcaea31d851ba4568e6e9d187e426bb2a,2018-06-18 09:23:50,1,user1,1529328230
5fa93e867ce95e580bef65a0,68,55c42c7bcaea31d851ba4568e6e9d187e426bb2a,2018-06-18 09:25:44,1,user1,1529328344
5fa93e867ce95e580bef65a1,54,55c42c7bcaea31d851ba4568e6e9d187e426bb2a,2018-06-18 10:16:44,2,user1,1529331404
5fa93e867ce95e580bef65a2,61,55c42c7bcaea31d851ba4568e6e9d187e426bb2a,2018-06-18 11:45:50,2,user1,1529336750
5fa93e867ce95e580bef65a3,0,55c42c7bcaea31d851ba4568e6e9d187e426bb2a,2018-06-18 11:55:29,2,user1,1529337329
5fa93e867ce95e580bef65a4,290,55c42c7bcaea31d851ba4568e6e9d187e426bb2a,2018-06-18 12:09:12,2,user1,1529338152
5fa93e867ce95e580bef65a5,0,7eba6b2a74a1d203b402106dd9aff21139ab2a7a,2018-06-18 15:10:19,6503,user1,1529349019
5fa93e867ce95e580bef65a6,84,55c42c7bcaea31d851ba4568e6e9d187e426bb2a,2018-06-18 15:30:21,1,user1,1529350221
5fa93e867ce95e580bef65a7,2,4671ffbdd7a25b627a96191ca649b99e917dc35,2018-06-18 15:54:09,2,user1,1529351649
5fa93e867ce95e580bef65a8,1,f22f197fe2fcfb242af05d29696e1722368239c3,2018-06-18 16:25:56,2,user1,1529353556
5fa93e867ce95e580bef65a9,33,55c42c7bcaea31d851ba4568e6e9d187e426bb2a,2018-06-18 17:32:19,1,user1,1529357539
5fa93e867ce95e580bef65ab,1471,4671ffbdd7a25b627a96191ca649b99e917dc35,2018-06-18 18:26:56,1,user1,1529360816
5fa93e867ce95e580bef65aa,15,55c42c7bcaea31d851ba4568e6e9d187e426bb2a,2018-06-18 18:44:32,1,user1,1529361872
5fa93e867ce95e580bef65ac,72,10002a31320e099689975a3d80b1522bd9fc2150,2018-06-19 13:01:21,1,user1,1529427681
5fa93e867ce95e580bef65ad,70,bd6dd3fb6369445be2f39d22ed8207025a403658,2018-06-19 13:40:07,1,user1,1529430007
5fa93e867ce95e580bef65ae,0,337ae2c0011c12aa32f267ed60aa950c9e475850,2018-06-19 16:25:53,6503,user1,1529439953
5fa93e867ce95e580bef65af,0,1ea1a7062ba95dd2adb6bfeae40e4e69b761d8a,2018-06-19 23:02:06,6503,user1,1529463726
5fa93e867ce95e580bef65b0,0,1ea1a7062ba95dd2adb6bfeae40e4e69b761d8a,2018-06-19 23:13:11,2,user1,1529464391
5fa93e867ce95e580bef65b1,1459,1ea1a7062ba95dd2adb6bfeae40e4e69b761d8a,2018-06-19 23:13:34,2,user1,1529464414
5fa93e867ce95e580bef65b2,312,55c42c7bcaea31d851ba4568e6e9d187e426bb2a,2018-06-20 13:56:19,1,user1,1529517379
5fa93e867ce95e580bef65b3,7,9aaeeeed127801d2fe1b2fdb13876a426537c28b,2018-06-20 18:45:06,1,user1,1529534706
5fa93e867ce95e580bef65b4,331,4671ffbdd7a25b627a96191ca649b99e917dc35,2018-06-20 22:37:29,1,user1,1529548649
5fa93e867ce95e580bef65b5,1048,1ea1a7062ba95dd2adb6bfeae40e4e69b761d8a,2018-06-21 00:08:34,1,user1,1529554114
5fa93e867ce95e580bef65b6,0,964aa7a6bc4f42cf2fb67c4dcd37bfe2bd206317,2018-06-21 10:37:46,6503,user1,1529591866
5fa93e867ce95e580bef65b7,48,964aa7a6bc4f42cf2fb67c4dcd37bfe2bd206317,2018-06-21 10:39:07,2,user1,1529591947
5fa93e867ce95e580bef65b8,105,f22f197fe2fcfb242af05d29696e1722368239c3,2018-06-21 11:04:20,2,user1,1529593460
5fa93e867ce95e580bef65b9,0,20c5a5cee9ba4c607571afb1eea3d7eac52663a4,2018-06-21 12:26:07,2,user1,1529598367
5fa93e867ce95e580bef65ba,1376,4671ffbdd7a25b627a96191ca649b99e917dc35,2018-06-21 14:06:05,1,user1,1529604365
5fa93e867ce95e580bef65bb,369,1ea1a7062ba95dd2adb6bfeae40e4e69b761d8a,2018-06-21 20:32:59,1,user1,1529627579
5fa93e867ce95e580bef65bc,560,55c42c7bcaea31d851ba4568e6e9d187e426bb2a,2018-06-22 10:20:16,2,user1,1529677216
5fa93e867ce95e580bef65bd,5,964aa7a6bc4f42cf2fb67c4dcd37bfe2bd206317,2018-06-22 10:45:19,2,user1,1529678719
5fa93e867ce95e580bef65be,0,964aa7a6bc4f42cf2fb67c4dcd37bfe2bd206317,2018-06-22 11:05:58,6503,user1,1529679958
5fa93e867ce95e580bef65bf,0,1ea1a7062ba95dd2adb6bfeae40e4e69b761d8a,2018-06-22 12:31:12,6503,user1,1529685072
5fa93e867ce95e580bef65c0,70,55c42c7bcaea31d851ba4568e6e9d187e426bb2a,2018-06-22 18:23:48,2,user1,1529706228
5fa93e867ce95e580bef65c1,21,4671ffbdd7a25b627a96191ca649b99e917dc35,2018-06-22 18:52:47,1,user1,1529707967
5fa93e867ce95e580bef65c2,109,55c42c7bcaea31d851ba4568e6e9d187e426bb2a,2018-06-22 21:24:59,2,user1,1529717099
5fa93e867ce95e580bef65c3,45,55c42c7bcaea31d851ba4568e6e9d187e426bb2a,2018-06-22 21:27:19,1,user1,1529717239
5fa93e867ce95e580bef65c4,0,55c42c7bcaea31d851ba4568e6e9d187e426bb2a,2018-06-22 21:51:59,2,user1,1529718719
5fa93e867ce95e580bef65c5,58,10002a31320e099689975a3d80b1522bd9fc2150,2018-06-22 21:52:41,2,user1,1529718761
5fa93e867ce95e580bef65c6,214,4671ffbdd7a25b627a96191ca649b99e917dc35,2018-06-22 23:54:00,2,user1,1529726040
5fa93e867ce95e580bef65c7,80,55c42c7bcaea31d851ba4568e6e9d187e426bb2a,2018-06-23 10:33:51,1,user1,1529764431
5fa93e867ce95e580bef65c8,0,10002a31320e099689975a3d80b1522bd9fc2150,2018-06-23 12:01:23,6503,user1,1529769683
5fa93e867ce95e580bef65c9,83,10002a31320e099689975a3d80b1522bd9fc2150,2018-06-23 12:03:11,2,user1,1529769791
5fa93e867ce95e580bef65ca,80,10002a31320e099689975a3d80b1522bd9fc2150,2018-06-23 12:13:23,1,user1,1529770403
5fa93e867ce95e580bef65cb,4,55c42c7bcaea31d851ba4568e6e9d187e426bb2a,2018-06-23 18:08:39,2,user1,1529791719
5fa93e867ce95e580bef65cc,0,5807cb8a8e380c90ab38c8d901a5c3ef6ae000c2,2018-06-23 19:44:15,6503,user1,1529797455
5fa93e867ce95e580bef65cd,0,5807cb8a8e380c90ab38c8d901a5c3ef6ae000c2,2018-06-23 19:46:38,6503,user1,1529797598
5fa93e867ce95e580bef65ce,0,66789d333a48170efd1b048ab1c7c32ae64675f2,2018-06-23 19:48:32,6503,user1,1529797712
5fa93e867ce95e580bef65cf,49,55c42c7bcaea31d851ba4568e6e9d187e426bb2a,2018-06-24 13:54:18,1,user1,1529862858
5fa93e867ce95e580bef65d0,89,1ea1a7062ba95dd2adb6bfeae40e4e69b761d8a,2018-06-24 19:26:34,1,user1,1529882794
5fa93e867ce95e580bef65d1,396,4671ffbdd7a25b627a96191ca649b99e917dc35,2018-06-25 19:12:31,1,user1,1529968351
5fa93e867ce95e580bef65d2,3068,4671ffbdd7a25b627a96191ca649b99e917dc35,2018-06-25 19:20:13,1,user1,1529968813
5fa93e867ce95e580bef65d3,13,4671ffbdd7a25b627a96191ca649b99e917dc35,2018-06-26 09:36:49,2,user1,1530020209
5fa93e867ce95e580bef65d4,0,55c42c7bcaea31d851ba4568e6e9d187e426bb2a,2018-06-26 17:39:41,6503,user1,1530049181
5fa93e867ce95e580bef65d5,4,55c42c7bcaea31d851ba4568e6e9d187e426bb2a,2018-06-26 18:01:53,2,user1,1530050513
5fa93e867ce95e580bef65d6,121,1ea1a7062ba95dd2adb6bfeae40e4e69b761d8a,2018-06-26 22:19:50,2,user1,1530065990
5fa93e867ce95e580bef65d7,128,55c42c7bcaea31d851ba4568e6e9d187e426bb2a,2018-06-27 13:34:50,1,user1,1530120890
5fa93e867ce95e580bef65d8,88,55c42c7bcaea31d851ba4568e6e9d187e426bb2a,2018-06-27 14:01:09,1,user1,1530122469
5fa93e867ce95e580bef65d9,18,10002a31320e099689975a3d80b1522bd9fc2150,2018-06-27 14:47:12,2,user1,1530125232
5fa93e867ce95e580bef65da,55,55c42c7bcaea31d851ba4568e6e9d187e426bb2a,2018-07-02 11:15:20,1,user1,1530544520
5fa93e867ce95e580bef65db,0,55c42c7bcaea31d851ba4568e6e9d187e426bb2a,2018-07-02 11:50:02,6503,user1,1530546602
5fa93e867ce95e580bef65dc,0,55c42c7bcaea31d851ba4568e6e9d187e426bb2a,2018-07-02 12:35:16,1,user1,1530549316
5fa93e867ce95e580bef65dd,100,55c42c7bcaea31d851ba4568e6e9d187e426bb2a,2018-07-02 12:35:53,2,user1,1530549353
5fa93e867ce95e580bef65de,75,55c42c7bcaea31d851ba4568e6e9d187e426bb2a,2018-07-02 14:01:22,1,user1,1530554482
5fa93e867ce95e580bef65df,223,10002a31320e099689975a3d80b1522bd9fc2150,2018-07-02 14:02:15,1,user1,1530554535
5fa93e867ce95e580bef65e0,66,55c42c7bcaea31d851ba4568e6e9d187e426bb2a,2018-07-02 16:38:19,1,user1,1530563899
5fa93e867ce95e580bef65e1,174,10002a31320e099689975a3d80b1522bd9fc2150,2018-07-03 12:59:46,1,user1,1530637186
5fa93e867ce95e580bef65e2,92,55c42c7bcaea31d851ba4568e6e9d187e426bb2a,2018-07-03 13:31:00,1,user1,1530639060
5fa93e867ce95e580bef65e3,3,55c42c7bcaea31d851ba4568e6e9d187e426bb2a,2018-07-04 18:54:04,2,user1,1530744844
5fa93e867ce95e580bef65e4,3,55c42c7bcaea31d851ba4568e6e9d187e426bb2a,2018-07-05 18:01:47,2,user1,1530828107
5fa93e867ce95e580bef65e5,10,55c42c7bcaea31d851ba4568e6e9d187e426bb2a,2018-07-05 18:02:31,2,user1,1530828151
5fa93e867ce95e580bef65e6,14,55c42c7bcaea31d851ba4568e6e9d187e426bb2a,2018-07-05 18:05:44,1,user1,1530828344
5fa93e867ce95e580bef65e7,28,55c42c7bcaea31d851ba4568e6e9d187e426bb2a,2018-07-05 18:27:44,1,user1,1530829664
5fa93e867ce95e580bef65e8,16,55c42c7bcaea31d851ba4568e6e9d187e426bb2a,2018-07-05 18:41:35,2,user1,1530830495
5fa93e867ce95e580bef65e9,41,55c42c7bcaea31d851ba4568e6e9d187e426bb2a,2018-07-06 10:47:57,1,user1,1530888477
5fa93e867ce95e580bef65ea,97,247d3fbe752a7c3b0c3135c49b15389b4ef12b9,2018-07-06 10:49:11,2,user1,1530888551
5fa93e867ce95e580bef65eb,91,55c42c7bcaea31d851ba4568e6e9d187e426bb2a,2018-07-06 13:56:55,1,user1,1530899815
5fa93e867ce95e580bef65ec,2,f22f197fe2fcfb242af05d29696e1722368239c3,2018-07-06 14:01:24,2,user1,1530900084
5fa93e867ce95e580bef65ee,252,247d3fbe752a7c3b0c3135c49b15389b4ef12b9,2018-07-06 14:04:27,1,user1,1530900267
5fa93e867ce95e580bef65ed,0,f22f197fe2fcfb242af05d29696e1722368239c3,2018-07-06 14:05:47,6503,user1,1530900347
5fa93e867ce95e580bef65ef,1537,f22f197fe2fcfb242af05d29696e1722368239c3,2018-07-06 14:11:05,2,user1,1530900665
5fa93e867ce95e580bef65f0,0,10002a31320e099689975a3d80b1522bd9fc2150,2018-07-06 15:46:02,6503,user1,1530906362
5fa93e867ce95e580bef65f1,19,10002a31320e099689975a3d80b1522bd9fc2150,2018-07-06 16:06:49,2,user1,1530907609
5fa93e867ce95e580bef65f2,0,964aa7a6bc4f42cf2fb67c4dcd37bfe2bd206317,2018-07-07 11:04:17,2,user1,1530975857
5fa93e867ce95e580bef65f3,107,55c42c7bcaea31d851ba4568e6e9d187e426bb2a,2018-07-07 12:13:36,2,user1,1530980016
5fa93e867ce95e580bef65f4,0,55c42c7bcaea31d851ba4568e6e9d187e426bb2a,2018-07-07 17:26:36,6503,user1,1530998796
5fa93e867ce95e580bef65f5,0,55c42c7bcaea31d851ba4568e6e9d187e426bb2a,2018-07-07 17:29:56,2,user1,1530998996
5fa93e867ce95e580bef65f6,1,55c42c7bcaea31d851ba4568e6e9d187e426bb2a,2018-07-07 18:41:44,2,user1,1531003304
5fa93e867ce95e580bef65f7,58,55c42c7bcaea31d851ba4568e6e9d187e426bb2a,2018-07-07 18:42:50,1,user1,1531003370
5fa93e867ce95e580bef65f8,2,55c42c7bcaea31d851ba4568e6e9d187e426bb2a,2018-07-07 19:03:29,2,user1,1531004609
5fa93e867ce95e580bef65f9,0,55c42c7bcaea31d851ba4568e6e9d187e426bb2a,2018-07-07 19:05:52,6503,user1,1531004752
5fa93e867ce95e580bef65fa,14,247d3fbe752a7c3b0c3135c49b15389b4ef12b9,2018-07-08 12:43:19,1,user1,1531068199
5fa93e867ce95e580bef65fb,224,55c42c7bcaea31d851ba4568e6e9d187e426bb2a,2018-07-09 15:07:50,2,user1,1531163270
5fa93e867ce95e580bef65fc,260,55c42c7bcaea31d851ba4568e6e9d187e426bb2a,2018-07-09 16:13:02,1,user1,1531167182
5fa93e867ce95e580bef65fd,0,1ea1a7062ba95dd2adb6bfeae40e4e69b761d8a,2018-07-10 00:26:25,6503,user1,1531196785
5fa93e867ce95e580bef65fe,0,55c42c7bcaea31d851ba4568e6e9d187e426bb2a,2018-07-10 16:04:31,6503,user1,1531253071
5fa93e867ce95e580bef65ff,0,55c42c7bcaea31d851ba4568e6e9d187e426bb2a,2018-07-10 16:40:21,6503,user1,1531255221
5fa93e867ce95e580bef6600,310,55c42c7bcaea31d851ba4568e6e9d187e426bb2a,2018-07-10 16:43:10,2,user1,1531255390
5fa93e867ce95e580bef6601,120,10002a31320e099689975a3d80b1522bd9fc2150,2018-07-10 17:41:00,1,user1,1531258860
5fa93e867ce95e580bef6602,0,55c42c7bcaea31d851ba4568e6e9d187e426bb2a,2018-07-10 19:07:10,6503,user1,1531264030
5fa93e867ce95e580bef6603,41,55c42c7bcaea31d851ba4568e6e9d187e426bb2a,2018-07-10 19:09:41,2,user1,1531264181
5fa93e867ce95e580bef6604,1372,1ea1a7062ba95dd2adb6bfeae40e4e69b761d8a,2018-07-10 22:52:22,2,user1,1531277542
5fa93e867ce95e580bef6605,0,55c42c7bcaea31d851ba4568e6e9d187e426bb2a,2018-07-11 08:01:16,6503,user1,1531310476
5fa93e867ce95e580bef6606,10,55c42c7bcaea31d851ba4568e6e9d187e426bb2a,2018-07-11 08:07:51,2,user1,1531310871
5fa93e867ce95e580bef6607,0,55c42c7bcaea31d851ba4568e6e9d187e426bb2a,2018-07-11 16:06:35,6503,user1,1531339595
5fa93e867ce95e580bef6608,0,55c42c7bcaea31d851ba4568e6e9d187e426bb2a,2018-07-11 16:07:14,6503,user1,1531339634
5fa93e867ce95e580bef6609,171,55c42c7bcaea31d851ba4568e6e9d187e426bb2a,2018-07-11 16:13:21,2,user1,1531340001
5fa93e867ce95e580bef660a,22,55c42c7bcaea31d851ba4568e6e9d187e426bb2a,2018-07-13 17:31:27,1,user1,1531517487
5fa93e867ce95e580bef660b,6,55c42c7bcaea31d851ba4568e6e9d187e426bb2a,2018-07-13 17:34:17,2,user1,1531517657
5fa93e867ce95e580bef660c,9,55c42c7bcaea31d851ba4568e6e9d187e426bb2a,2018-07-13 17:35:01,2,user1,1531517701
5fa93e867ce95e580bef660e,3,4ccc14d874d3c638682dded3994d5a6e0cb1a4d1,2018-07-14 19:10:10,2,user1,1531609810
5fa93e867ce95e580bef660d,0,4ccc14d874d3c638682dded3994d5a6e0cb1a4d1,2018-07-14 19:10:11,2,user1,1531609811
5fa93e867ce95e580bef660f,32,4ccc14d874d3c638682dded3994d5a6e0cb1a4d1,2018-07-14 19:10:49,2,user1,1531609849
5fa93e867ce95e580bef6610,0,55c42c7bcaea31d851ba4568e6e9d187e426bb2a,2018-07-15 15:06:18,3,user1,1531681578
5fa93e867ce95e580bef6611,30,55c42c7bcaea31d851ba4568e6e9d187e426bb2a,2018-07-15 16:46:42,1,user1,1531687602
5fa93e867ce95e580bef6612,27,55c42c7bcaea31d851ba4568e6e9d187e426bb2a,2018-07-15 17:06:00,2,user1,1531688760
5fa93e867ce95e580bef6613,148,55c42c7bcaea31d851ba4568e6e9d187e426bb2a,2018-07-16 15:13:05,2,user1,1531768385
5fa93e867ce95e580bef6614,0,b10df12280795ad3af44f9db8d3eb63a28ae8576,2018-07-16 18:26:30,6503,user1,1531779990
5fa93e867ce95e580bef6615,21,55c42c7bcaea31d851ba4568e6e9d187e426bb2a,2018-07-17 16:10:19,1,user1,1531858219
5fa93e867ce95e580bef6616,49,64c074ccd3abea80da477df652cfeed7c1cd6a71,2018-07-18 14:59:48,2,user1,1531940388
5fa93e867ce95e580bef6617,3867,64c074ccd3abea80da477df652cfeed7c1cd6a71,2018-07-18 15:01:06,2,user1,1531940466
5fa93e867ce95e580bef6618,253,55c42c7bcaea31d851ba4568e6e9d187e426bb2a,2018-07-18 16:08:30,2,user1,1531944510
5fa93e867ce95e580bef6619,63,55c42c7bcaea31d851ba4568e6e9d187e426bb2a,2018-07-18 18:00:39,1,user1,1531951239
5fa93e867ce95e580bef661a,0,55c42c7bcaea31d851ba4568e6e9d187e426bb2a,2018-07-18 20:52:10,6503,user1,1531961530
5fa93e867ce95e580bef661b,0,55c42c7bcaea31d851ba4568e6e9d187e426bb2a,2018-07-18 20:59:26,6503,user1,1531961966
5fa93e867ce95e580bef661c,358,55c42c7bcaea31d851ba4568e6e9d187e426bb2a,2018-07-19 17:42:48,1,user1,1532036568
5fa93e867ce95e580bef661d,40,55c42c7bcaea31d851ba4568e6e9d187e426bb2a,2018-07-19 18:02:12,1,user1,1532037732
5fa93e867ce95e580bef661e,0,4671ffbdd7a25b627a96191ca649b99e917dc35,2018-07-20 22:38:25,6503,user1,1532140705
5fa93e867ce95e580bef661f,3722,4671ffbdd7a25b627a96191ca649b99e917dc35,2018-07-20 22:39:33,2,user1,1532140773
5fa93e867ce95e580bef6620,0,10002a31320e099689975a3d80b1522bd9fc2150,2018-07-21 09:52:18,6503,user1,1532181138
5fa93e867ce95e580bef6621,0,10002a31320e099689975a3d80b1522bd9fc2150,2018-07-21 09:53:55,6503,user1,1532181235
5fa93e867ce95e580bef6622,2,55c42c7bcaea31d851ba4568e6e9d187e426bb2a,2018-07-21 13:10:31,2,user1,1532193031
5fa93e867ce95e580bef6623,3,55c42c7bcaea31d851ba4568e6e9d187e426bb2a,2018-07-21 13:12:49,2,user1,1532193169
5fa93e867ce95e580bef6624,0,55c42c7bcaea31d851ba4568e6e9d187e426bb2a,2018-07-21 13:26:45,6503,user1,1532194005
5fa93e867ce95e580bef6625,176,55c42c7bcaea31d851ba4568e6e9d187e426bb2a,2018-07-21 13:27:53,2,user1,1532194073
5fa93e867ce95e580bef6626,161,55c42c7bcaea31d851ba4568e6e9d187e426bb2a,2018-07-21 17:11:45,1,user1,1532207505
5fa93e867ce95e580bef6627,37,4ccc14d874d3c638682dded3994d5a6e0cb1a4d1,2018-07-21 18:14:59,2,user1,1532211299
5fa93e867ce95e580bef6628,73,55c42c7bcaea31d851ba4568e6e9d187e426bb2a,2018-07-22 14:49:19,1,user1,1532285359
5fa93e867ce95e580bef6629,143,10002a31320e099689975a3d80b1522bd9fc2150,2018-07-22 16:52:13,2,user1,1532292733
5fa93e867ce95e580bef662a,1262,1ea1a7062ba95dd2adb6bfeae40e4e69b761d8a,2018-07-22 20:34:30,2,user1,1532306070
5fa93e867ce95e580bef662b,111,55c42c7bcaea31d851ba4568e6e9d187e426bb2a,2018-07-24 17:05:33,1,user1,1532466333
5fa93e867ce95e580bef662c,207,55c42c7bcaea31d851ba4568e6e9d187e426bb2a,2018-07-24 18:23:58,2,user1,1532471038
5fa93e867ce95e580bef662d,0,55c42c7bcaea31d851ba4568e6e9d187e426bb2a,2018-07-24 18:31:15,6503,user1,1532471475
5fa93e867ce95e580bef662e,0,55c42c7bcaea31d851ba4568e6e9d187e426bb2a,2018-07-24 18:47:30,2,user1,1532472450
5fa93e867ce95e580bef662f,42,10002a31320e099689975a3d80b1522bd9fc2150,2018-07-25 09:33:35,2,user1,1532525615
5fa93e867ce95e580bef6630,168,55c42c7bcaea31d851ba4568e6e9d187e426bb2a,2018-07-25 10:53:17,2,user1,1532530397
5fa93e867ce95e580bef6631,2,55c42c7bcaea31d851ba4568e6e9d187e426bb2a,2018-07-25 13:29:18,2,user1,1532539758
5fa93e867ce95e580bef6632,192,55c42c7bcaea31d851ba4568e6e9d187e426bb2a,2018-07-25 13:33:01,1,user1,1532539981
5fa93e867ce95e580bef6633,0,964aa7a6bc4f42cf2fb67c4dcd37bfe2bd206317,2018-07-26 13:07:18,6503,user1,1532624838
5fa93e867ce95e580bef6634,4,55c42c7bcaea31d851ba4568e6e9d187e426bb2a,2018-07-26 15:12:08,2,user1,1532632328
5fa93e867ce95e580bef6635,59,55c42c7bcaea31d851ba4568e6e9d187e426bb2a,2018-07-26 18:07:21,2,user1,1532642841
5fa93e867ce95e580bef6636,45,55c42c7bcaea31d851ba4568e6e9d187e426bb2a,2018-07-26 18:15:50,1,user1,1532643350
5fa93e867ce95e580bef6637,46,55c42c7bcaea31d851ba4568e6e9d187e426bb2a,2018-07-26 18:51:52,1,user1,1532645512
5fa93e867ce95e580bef6638,0,55c42c7bcaea31d851ba4568e6e9d187e426bb2a,2018-07-26 18:54:48,2,user1,1532645688
5fa93e867ce95e580bef6639,0,10002a31320e099689975a3d80b1522bd9fc2150,2018-07-26 19:55:18,6503,user1,1532649318
5fa93e867ce95e580bef663a,0,10002a31320e099689975a3d80b1522bd9fc2150,2018-07-26 19:55:49,6503,user1,1532649349
5fa93e867ce95e580bef663b,59,10002a31320e099689975a3d80b1522bd9fc2150,2018-07-26 20:06:38,2,user1,1532649998
5fa93e867ce95e580bef663c,87,964aa7a6bc4f42cf2fb67c4dcd37bfe2bd206317,2018-07-26 21:01:56,2,user1,1532653316
5fa93e867ce95e580bef663d,86,964aa7a6bc4f42cf2fb67c4dcd37bfe2bd206317,2018-07-26 21:03:49,2,user1,1532653429
5fa93e867ce95e580bef663e,2535,f22f197fe2fcfb242af05d29696e1722368239c3,2018-07-26 23:21:20,1,user1,1532661680
5fa93e867ce95e580bef663f,1608,f22f197fe2fcfb242af05d29696e1722368239c3,2018-07-27 00:04:08,1,user1,1532664248
5fa93e867ce95e580bef6640,28,55c42c7bcaea31d851ba4568e6e9d187e426bb2a,2018-07-27 08:14:00,1,user1,1532693640
5fa93e867ce95e580bef6641,0,55c42c7bcaea31d851ba4568e6e9d187e426bb2a,2018-07-27 08:15:16,2,user1,1532693716
5fa93e867ce95e580bef6642,0,10002a31320e099689975a3d80b1522bd9fc2150,2018-07-27 15:56:50,6503,user1,1532721410
5fa93e867ce95e580bef6643,62,10002a31320e099689975a3d80b1522bd9fc2150,2018-07-27 15:57:27,2,user1,1532721447
5fa93e867ce95e580bef6644,2,55c42c7bcaea31d851ba4568e6e9d187e426bb2a,2018-07-27 17:15:44,2,user1,1532726144
5fa93e867ce95e580bef6645,3,55c42c7bcaea31d851ba4568e6e9d187e426bb2a,2018-07-27 17:22:21,2,user1,1532726541
5fa93e867ce95e580bef6646,141,55c42c7bcaea31d851ba4568e6e9d187e426bb2a,2018-07-29 15:35:14,2,user1,1532892914
5fa93e867ce95e580bef6647,0,4861f3a7fafa6cd1b2f6b478d6b18c5e5e99e06f,2018-07-30 13:25:37,6503,user1,1532971537
5fa93e867ce95e580bef6648,0,55c42c7bcaea31d851ba4568e6e9d187e426bb2a,2018-07-30 16:52:57,6503,user1,1532983977
5fa93e867ce95e580bef6649,0,55c42c7bcaea31d851ba4568e6e9d187e426bb2a,2018-07-30 17:30:00,6503,user1,1532986200
5fa93e867ce95e580bef664a,170,55c42c7bcaea31d851ba4568e6e9d187e426bb2a,2018-07-30 17:31:19,2,user1,1532986279
5fa93e867ce95e580bef664b,39,55c42c7bcaea31d851ba4568e6e9d187e426bb2a,2018-07-30 20:57:24,1,user1,1532998644
5fa93e867ce95e580bef664c,45,55c42c7bcaea31d851ba4568e6e9d187e426bb2a,2018-07-31 17:24:13,1,user1,1533072253
5fa93e867ce95e580bef664d,0,55c42c7bcaea31d851ba4568e6e9d187e426bb2a,2018-07-31 17:58:40,6503,user1,1533074320
5fa93e867ce95e580bef664e,0,3a21de97108e339d8601253599a35d8b89e7d710,2018-08-01 10:26:35,6503,user1,1533133595
5fa93e867ce95e580bef664f,0,5f0b073d5a39c636a40425fa309e62629080bb40,2018-08-01 12:29:02,6503,user1,1533140942
5fa93e867ce95e580bef6650,0,8d229724ef218dadae7b997842c4dd2d430a9998,2018-08-01 13:21:36,6503,user1,1533144096
5fa93e867ce95e580bef6651,3,55c42c7bcaea31d851ba4568e6e9d187e426bb2a,2018-08-01 16:28:09,2,user1,1533155289
5fa93e867ce95e580bef6652,49,55c42c7bcaea31d851ba4568e6e9d187e426bb2a,2018-08-01 16:33:36,1,user1,1533155616
5fa93e867ce95e580bef6653,0,55c42c7bcaea31d851ba4568e6e9d187e426bb2a,2018-08-01 17:25:32,6503,user1,1533158732
5fa93e867ce95e580bef6654,73,55c42c7bcaea31d851ba4568e6e9d187e426bb2a,2018-08-01 17:27:34,2,user1,1533158854
5fa93e867ce95e580bef6655,80,55c42c7bcaea31d851ba4568e6e9d187e426bb2a,2018-08-02 17:21:57,1,user1,1533244917
5fa93e867ce95e580bef6656,5635,b18763b8356388a049663daf98bd5a11871da7f9,2018-08-02 20:08:40,1,user1,1533254920
5fa93e867ce95e580bef6657,16,8e19dd0e86ebfa151a467b12a5af36bdac81cee4,2018-08-03 16:24:01,2,user1,1533327841
5fa93e867ce95e580bef6658,3,55c42c7bcaea31d851ba4568e6e9d187e426bb2a,2018-08-03 16:24:40,2,user1,1533327880
5fa93e867ce95e580bef6659,10,55c42c7bcaea31d851ba4568e6e9d187e426bb2a,2018-08-03 16:25:27,2,user1,1533327927
5fa93e867ce95e580bef665a,14,8e19dd0e86ebfa151a467b12a5af36bdac81cee4,2018-08-03 16:27:14,2,user1,1533328034
5fa93e867ce95e580bef665b,0,55c42c7bcaea31d851ba4568e6e9d187e426bb2a,2018-08-03 16:28:50,6503,user1,1533328130
5fa93e867ce95e580bef665c,59,55c42c7bcaea31d851ba4568e6e9d187e426bb2a,2018-08-03 16:38:41,1,user1,1533328721
5fa93e867ce95e580bef665d,0,10002a31320e099689975a3d80b1522bd9fc2150,2018-08-04 11:21:07,6503,user1,1533396067
5fa93e867ce95e580bef665e,111,247d3fbe752a7c3b0c3135c49b15389b4ef12b9,2018-08-05 12:06:44,1,user1,1533485204
5fa93e867ce95e580bef665f,230,55c42c7bcaea31d851ba4568e6e9d187e426bb2a,2018-08-06 11:48:56,2,user1,1533570536
5fa93e867ce95e580bef6660,277,55c42c7bcaea31d851ba4568e6e9d187e426bb2a,2018-08-06 11:55:08,2,user1,1533570908
5fa93e867ce95e580bef6661,219,55c42c7bcaea31d851ba4568e6e9d187e426bb2a,2018-08-07 11:06:30,1,user1,1533654390
5fa93e867ce95e580bef6662,5564,b18763b8356388a049663daf98bd5a11871da7f9,2018-08-07 12:01:38,1,user1,1533657698
5fa93e867ce95e580bef6663,204,55c42c7bcaea31d851ba4568e6e9d187e426bb2a,2018-08-07 17:09:51,1,user1,1533676191
5fa93e867ce95e580bef6664,0,813c6a945dc4592bc9b52b5d538451314d5f8088,2018-08-08 09:36:09,6503,user1,1533735369
5fa93e867ce95e580bef6665,45,55c42c7bcaea31d851ba4568e6e9d187e426bb2a,2018-08-08 10:10:53,1,user1,1533737453
5fa93e867ce95e580bef6666,2,55c42c7bcaea31d851ba4568e6e9d187e426bb2a,2018-08-08 14:05:05,2,user1,1533751505
5fa93e867ce95e580bef6667,49,55c42c7bcaea31d851ba4568e6e9d187e426bb2a,2018-08-08 14:12:47,1,user1,1533751967
5fa93e867ce95e580bef6668,24,55c42c7bcaea31d851ba4568e6e9d187e426bb2a,2018-08-09 13:23:50,1,user1,1533835430
5fa93e867ce95e580bef6669,43,55c42c7bcaea31d851ba4568e6e9d187e426bb2a,2018-08-09 13:34:45,2,user1,1533836085
5fa93e867ce95e580bef666a,0,f22f197fe2fcfb242af05d29696e1722368239c3,2018-08-09 17:04:53,6503,user1,1533848693
5fa93e867ce95e580bef666b,346,55c42c7bcaea31d851ba4568e6e9d187e426bb2a,2018-08-09 17:24:54,1,user1,1533849894
5fa93e867ce95e580bef666c,6,f22f197fe2fcfb242af05d29696e1722368239c3,2018-08-09 17:34:40,2,user1,1533850480
5fa93e867ce95e580bef666d,1989,f22f197fe2fcfb242af05d29696e1722368239c3,2018-08-09 18:27:17,1,user1,1533853637
5fa93e867ce95e580bef666e,47,4ccc14d874d3c638682dded3994d5a6e0cb1a4d1,2018-08-10 18:03:53,2,user1,1533938633
5fa93e867ce95e580bef666f,0,10002a31320e099689975a3d80b1522bd9fc2150,2018-08-10 18:19:04,6503,user1,1533939544
5fa93e867ce95e580bef6670,63,10002a31320e099689975a3d80b1522bd9fc2150,2018-08-10 18:19:51,2,user1,1533939591
5fa93e867ce95e580bef6671,0,10002a31320e099689975a3d80b1522bd9fc2150,2018-08-10 18:25:01,2,user1,1533939901
5fa93e867ce95e580bef6672,33,10002a31320e099689975a3d80b1522bd9fc2150,2018-08-10 18:26:25,2,user1,1533939985
5fa93e867ce95e580bef6673,82,55c42c7bcaea31d851ba4568e6e9d187e426bb2a,2018-08-10 20:07:34,1,user1,1533946054
5fa93e867ce95e580bef6674,533,ac8634ab4a2d9d936771298cc7f4888f68487d19,2018-08-10 22:30:18,2,user1,1533954618
5fa93e867ce95e580bef6675,81,f22f197fe2fcfb242af05d29696e1722368239c3,2018-08-11 12:22:48,2,user1,1534004568
5fa93e867ce95e580bef6676,73,f22f197fe2fcfb242af05d29696e1722368239c3,2018-08-11 12:27:03,2,user1,1534004823
5fa93e867ce95e580bef6677,151,f22f197fe2fcfb242af05d29696e1722368239c3,2018-08-11 12:35:34,2,user1,1534005334
5fa93e867ce95e580bef6678,123,55c42c7bcaea31d851ba4568e6e9d187e426bb2a,2018-08-11 12:53:55,2,user1,1534006435
5fa93e867ce95e580bef6679,17,55c42c7bcaea31d851ba4568e6e9d187e426bb2a,2018-08-12 15:54:30,1,user1,1534103670
5fa93e867ce95e580bef667a,0,10002a31320e099689975a3d80b1522bd9fc2150,2018-08-12 17:31:16,6503,user1,1534109476
5fa93e867ce95e580bef667b,18,10002a31320e099689975a3d80b1522bd9fc2150,2018-08-13 09:11:03,1,user1,1534165863
5fa93e867ce95e580bef667c,84,55c42c7bcaea31d851ba4568e6e9d187e426bb2a,2018-08-13 12:59:40,1,user1,1534179580
5fa93e867ce95e580bef667d,72,10002a31320e099689975a3d80b1522bd9fc2150,2018-08-13 13:22:13,1,user1,1534180933
5fa93e867ce95e580bef667e,103,55c42c7bcaea31d851ba4568e6e9d187e426bb2a,2018-08-13 16:14:23,1,user1,1534191263
5fa93e867ce95e580bef667f,36,55c42c7bcaea31d851ba4568e6e9d187e426bb2a,2018-08-13 19:26:45,1,user1,1534202805
5fa93e867ce95e580bef6680,46,55c42c7bcaea31d851ba4568e6e9d187e426bb2a,2018-08-14 10:34:11,1,user1,1534257251
5fa93e867ce95e580bef6681,41,10002a31320e099689975a3d80b1522bd9fc2150,2018-08-14 16:25:41,1,user1,1534278341
5fa93e867ce95e580bef6682,5,f22f197fe2fcfb242af05d29696e1722368239c3,2018-08-14 22:18:29,2,user1,1534299509
5fa93e867ce95e580bef6683,6,f22f197fe2fcfb242af05d29696e1722368239c3,2018-08-14 22:19:14,2,user1,1534299554
5fa93e867ce95e580bef6684,1997,f22f197fe2fcfb242af05d29696e1722368239c3,2018-08-14 22:45:43,1,user1,1534301143
5fa93e867ce95e580bef6685,0,6e2b984ec6fde4b25f8fc504a961889379301f25,2018-08-15 13:00:08,6503,user1,1534352408
5fa93e867ce95e580bef6686,135,55c42c7bcaea31d851ba4568e6e9d187e426bb2a,2018-08-15 14:02:58,1,user1,1534356178
5fa93e867ce95e580bef6687,136,55c42c7bcaea31d851ba4568e6e9d187e426bb2a,2018-08-15 15:14:44,1,user1,1534360484
5fa93e867ce95e580bef6688,521,55c42c7bcaea31d851ba4568e6e9d187e426bb2a,2018-08-15 16:21:53,1,user1,1534364513
5fa93e867ce95e580bef6689,38,964aa7a6bc4f42cf2fb67c4dcd37bfe2bd206317,2018-08-16 09:51:46,1,user1,1534427506
5fa93e867ce95e580bef668a,24,964aa7a6bc4f42cf2fb67c4dcd37bfe2bd206317,2018-08-16 09:52:50,1,user1,1534427570
5fa93e867ce95e580bef668b,0,964aa7a6bc4f42cf2fb67c4dcd37bfe2bd206317,2018-08-16 09:53:27,2,user1,1534427607
5fa93e867ce95e580bef668c,0,55c42c7bcaea31d851ba4568e6e9d187e426bb2a,2018-08-16 15:03:53,6503,user1,1534446233
5fa93e867ce95e580bef668d,12,55c42c7bcaea31d851ba4568e6e9d187e426bb2a,2018-08-16 15:08:17,2,user1,1534446497
5fa93e867ce95e580bef668e,0,a497ec33ab27ff640ecd9fc6cb11575156b0591a,2018-08-17 12:43:47,6503,user1,1534524227
5fa93e867ce95e580bef668f,149,55c42c7bcaea31d851ba4568e6e9d187e426bb2a,2018-08-17 13:57:02,1,user1,1534528622
5fa93e867ce95e580bef6690,133,55c42c7bcaea31d851ba4568e6e9d187e426bb2a,2018-08-17 16:23:48,1,user1,1534537428
5fa93e867ce95e580bef6691,0,1f50a0c5c24086541eba35b0d72741c7fe835f81,2018-08-17 16:46:17,6503,user1,1534538777
5fa93e867ce95e580bef6692,139,55c42c7bcaea31d851ba4568e6e9d187e426bb2a,2018-08-18 10:48:14,1,user1,1534603694
5fa93e867ce95e580bef6693,22,55c42c7bcaea31d851ba4568e6e9d187e426bb2a,2018-08-18 14:02:36,1,user1,1534615356
5fa93e867ce95e580bef6694,36,55c42c7bcaea31d851ba4568e6e9d187e426bb2a,2018-08-18 14:06:24,1,user1,1534615584
5fa93e867ce95e580bef6695,33,55c42c7bcaea31d851ba4568e6e9d187e426bb2a,2018-08-20 13:26:22,1,user1,1534785982
5fa93e867ce95e580bef6696,126,10002a31320e099689975a3d80b1522bd9fc2150,2018-08-20 13:41:38,1,user1,1534786898
5fa93e867ce95e580bef6697,2,55c42c7bcaea31d851ba4568e6e9d187e426bb2a,2018-08-20 13:48:59,2,user1,1534787339
5fa93e867ce95e580bef6698,79,10002a31320e099689975a3d80b1522bd9fc2150,2018-08-20 14:06:03,1,user1,1534788363
5fa93e867ce95e580bef6699,768,55c42c7bcaea31d851ba4568e6e9d187e426bb2a,2018-08-20 14:42:28,1,user1,1534790548
5fa93e867ce95e580bef669a,0,3d0c7311ca54dcd830166817e1c7be8bd3c8a790,2018-08-20 15:24:17,6503,user1,1534793057
5fa93e867ce95e580bef669b,141,10002a31320e099689975a3d80b1522bd9fc2150,2018-08-20 16:04:46,1,user1,1534795486
5fa93e867ce95e580bef669c,17,1ea1a7062ba95dd2adb6bfeae40e4e69b761d8a,2018-08-20 19:07:20,1,user1,1534806440
5fa93e867ce95e580bef669d,31,55c42c7bcaea31d851ba4568e6e9d187e426bb2a,2018-08-20 20:23:10,1,user1,1534810990
5fa93e867ce95e580bef669e,42,1ea1a7062ba95dd2adb6bfeae40e4e69b761d8a,2018-08-20 20:27:44,1,user1,1534811264
5fa93e867ce95e580bef669f,4,1ea1a7062ba95dd2adb6bfeae40e4e69b761d8a,2018-08-20 20:37:46,2,user1,1534811866
5fa93e867ce95e580bef66a0,32,1ea1a7062ba95dd2adb6bfeae40e4e69b761d8a,2018-08-20 20:39:11,1,user1,1534811951
5fa93e867ce95e580bef66a1,272,55c42c7bcaea31d851ba4568e6e9d187e426bb2a,2018-08-20 23:22:23,2,user1,1534821743
5fa93e867ce95e580bef66a2,501,55c42c7bcaea31d851ba4568e6e9d187e426bb2a,2018-08-21 13:46:32,1,user1,1534873592
5fa93e867ce95e580bef66a3,0,4671ffbdd7a25b627a96191ca649b99e917dc35,2018-08-21 14:59:46,2,user1,1534877986
5fa93e867ce95e580bef66a4,0,98e08d75cbf72e9b5fadc85bcdbf7113b158af2a,2018-08-22 11:04:15,6503,user1,1534950255
5fa93e867ce95e580bef66a5,61,964aa7a6bc4f42cf2fb67c4dcd37bfe2bd206317,2018-08-22 11:06:23,2,user1,1534950383
5fa93e867ce95e580bef66a6,143,55c42c7bcaea31d851ba4568e6e9d187e426bb2a,2018-08-22 11:47:17,2,user1,1534952837
5fa93e867ce95e580bef66a7,46,964aa7a6bc4f42cf2fb67c4dcd37bfe2bd206317,2018-08-22 11:52:45,2,user1,1534953165
5fa93e867ce95e580bef66a8,0,55c42c7bcaea31d851ba4568e6e9d187e426bb2a,2018-08-22 14:14:45,6503,user1,1534961685
5fa93e867ce95e580bef66a9,101,55c42c7bcaea31d851ba4568e6e9d187e426bb2a,2018-08-22 14:29:49,2,user1,1534962589
5fa93e867ce95e580bef66aa,145,55c42c7bcaea31d851ba4568e6e9d187e426bb2a,2018-08-22 17:58:35,1,user1,1534975115
5fa93e867ce95e580bef66ab,0,55c42c7bcaea31d851ba4568e6e9d187e426bb2a,2018-08-23 10:59:15,6503,user1,1535036355
5fa93e867ce95e580bef66ac,209,55c42c7bcaea31d851ba4568e6e9d187e426bb2a,2018-08-23 11:00:44,1,user1,1535036444
5fa93e867ce95e580bef66ad,71,10002a31320e099689975a3d80b1522bd9fc2150,2018-08-23 11:26:31,1,user1,1535037991
5fa93e867ce95e580bef66ae,38,55c42c7bcaea31d851ba4568e6e9d187e426bb2a,2018-08-23 11:55:03,1,user1,1535039703
5fa93e867ce95e580bef66af,0,55c42c7bcaea31d851ba4568e6e9d187e426bb2a,2018-08-23 12:14:00,6503,user1,1535040840
5fa93e867ce95e580bef66b0,67,55c42c7bcaea31d851ba4568e6e9d187e426bb2a,2018-08-23 12:22:24,2,user1,1535041344
5fa93e867ce95e580bef66b1,0,55c42c7bcaea31d851ba4568e6e9d187e426bb2a,2018-08-23 12:25:09,6503,user1,1535041509
5fa93e867ce95e580bef66b2,3,55c42c7bcaea31d851ba4568e6e9d187e426bb2a,2018-08-23 12:32:22,2,user1,1535041942
5fa93e867ce95e580bef66b3,3,55c42c7bcaea31d851ba4568e6e9d187e426bb2a,2018-08-23 13:43:33,2,user1,1535046213
5fa93e867ce95e580bef66b4,11,55c42c7bcaea31d851ba4568e6e9d187e426bb2a,2018-08-23 13:44:21,2,user1,1535046261
5fa93e867ce95e580bef66b5,0,55c42c7bcaea31d851ba4568e6e9d187e426bb2a,2018-08-23 13:51:32,6503,user1,1535046692
5fa93e867ce95e580bef66b6,30,55c42c7bcaea31d851ba4568e6e9d187e426bb2a,2018-08-23 13:52:13,1,user1,1535046733
5fa93e867ce95e580bef66b7,3,55c42c7bcaea31d851ba4568e6e9d187e426bb2a,2018-08-23 13:59:50,2,user1,1535047190
5fa93e867ce95e580bef66b8,0,55c42c7bcaea31d851ba4568e6e9d187e426bb2a,2018-08-23 14:02:40,6503,user1,1535047360
5fa93e867ce95e580bef66b9,44,55c42c7bcaea31d851ba4568e6e9d187e426bb2a,2018-08-23 14:03:19,2,user1,1535047399
5fa93e867ce95e580bef66ba,16,55c42c7bcaea31d851ba4568e6e9d187e426bb2a,2018-08-23 17:04:26,2,user1,1535058266
5fa93e867ce95e580bef66bb,42,55c42c7bcaea31d851ba4568e6e9d187e426bb2a,2018-08-24 15:27:36,1,user1,1535138856
5fa93e867ce95e580bef66bc,51,55c42c7bcaea31d851ba4568e6e9d187e426bb2a,2018-08-24 15:35:24,1,user1,1535139324
5fa93e867ce95e580bef66bd,1713,ddde85cff5f151482e937a3a5b40f54a3f1312f4,2018-08-24 15:39:49,2,user1,1535139589
5fa93e867ce95e580bef66be,3203,b18763b8356388a049663daf98bd5a11871da7f9,2018-08-24 16:58:15,1,user1,1535144295
5fa93e867ce95e580bef66bf,68,55c42c7bcaea31d851ba4568e6e9d187e426bb2a,2018-08-25 16:24:50,2,user1,1535228690
5fa93e867ce95e580bef66c0,0,55c42c7bcaea31d851ba4568e6e9d187e426bb2a,2018-08-25 18:21:20,6503,user1,1535235680
5fa93e867ce95e580bef66c1,59,55c42c7bcaea31d851ba4568e6e9d187e426bb2a,2018-08-25 18:21:48,1,user1,1535235708
5fa93e867ce95e580bef66c2,0,55c42c7bcaea31d851ba4568e6e9d187e426bb2a,2018-08-27 07:23:11,6503,user1,1535368991
5fa93e867ce95e580bef66c3,38,55c42c7bcaea31d851ba4568e6e9d187e426bb2a,2018-08-27 07:24:32,2,user1,1535369072
5fa93e867ce95e580bef66c4,69,10002a31320e099689975a3d80b1522bd9fc2150,2018-08-27 08:23:31,1,user1,1535372611
5fa93e867ce95e580bef66c5,336,55c42c7bcaea31d851ba4568e6e9d187e426bb2a,2018-08-27 08:30:20,2,user1,1535373020
5fa93e867ce95e580bef66c6,2,55c42c7bcaea31d851ba4568e6e9d187e426bb2a,2018-08-27 13:26:17,2,user1,1535390777
5fa93e867ce95e580bef66c7,0,55c42c7bcaea31d851ba4568e6e9d187e426bb2a,2018-08-27 13:49:40,6503,user1,1535392180
5fa93e867ce95e580bef66c8,0,55c42c7bcaea31d851ba4568e6e9d187e426bb2a,2018-08-27 13:51:56,6503,user1,1535392316
5fa93e867ce95e580bef66c9,159,55c42c7bcaea31d851ba4568e6e9d187e426bb2a,2018-08-27 14:44:21,2,user1,1535395461
5fa93e867ce95e580bef66ca,6,55c42c7bcaea31d851ba4568e6e9d187e426bb2a,2018-08-31 16:58:21,2,user1,1535749101
5fa93e867ce95e580bef66cb,111,55c42c7bcaea31d851ba4568e6e9d187e426bb2a,2018-08-31 17:02:08,1,user1,1535749328
5fa93e867ce95e580bef66cc,34,55c42c7bcaea31d851ba4568e6e9d187e426bb2a,2018-08-31 21:07:37,1,user1,1535764057
5fa93e867ce95e580bef66cd,65,55c42c7bcaea31d851ba4568e6e9d187e426bb2a,2018-08-31 21:12:24,1,user1,1535764344
5fa93e867ce95e580bef66cf,1527,55c42c7bcaea31d851ba4568e6e9d187e426bb2a,2018-08-31 21:21:29,2,user1,1535764889
5fa93e867ce95e580bef66ce,48,b18763b8356388a049663daf98bd5a11871da7f9,2018-08-31 21:41:14,1,user1,1535766074
5fa93e867ce95e580bef66d0,0,b18763b8356388a049663daf98bd5a11871da7f9,2018-08-31 22:00:10,2,user1,1535767210
5fa93e867ce95e580bef66d1,133,55c42c7bcaea31d851ba4568e6e9d187e426bb2a,2018-09-01 10:51:21,1,user1,1535813481
5fa93e867ce95e580bef66d2,0,10002a31320e099689975a3d80b1522bd9fc2150,2018-09-01 22:36:53,2,user1,1535855813
5fa93e867ce95e580bef66d3,605,10002a31320e099689975a3d80b1522bd9fc2150,2018-09-01 22:37:02,2,user1,1535855822
5fa93e867ce95e580bef66d4,41,b18763b8356388a049663daf98bd5a11871da7f9,2018-09-02 12:55:13,2,user1,1535907313
5fa93e867ce95e580bef66d5,5,55c42c7bcaea31d851ba4568e6e9d187e426bb2a,2018-09-02 22:10:56,2,user1,1535940656
5fa93e867ce95e580bef66d6,0,55c42c7bcaea31d851ba4568e6e9d187e426bb2a,2018-09-02 22:12:04,2,user1,1535940724
5fa93e867ce95e580bef66d7,4,10002a31320e099689975a3d80b1522bd9fc2150,2018-09-02 22:12:38,2,user1,1535940758
5fa93e867ce95e580bef66d8,16,10002a31320e099689975a3d80b1522bd9fc2150,2018-09-02 22:13:26,2,user1,1535940806
5fa93e867ce95e580bef66d9,1881,55c42c7bcaea31d851ba4568e6e9d187e426bb2a,2018-09-02 22:16:13,1,user1,1535940973
5fa93e867ce95e580bef66da,1,55c42c7bcaea31d851ba4568e6e9d187e426bb2a,2018-09-03 17:21:45,2,user1,1536009705
5fa93e867ce95e580bef66db,23,55c42c7bcaea31d851ba4568e6e9d187e426bb2a,2018-09-03 17:22:31,1,user1,1536009751
5fa93e867ce95e580bef66dc,21,10002a31320e099689975a3d80b1522bd9fc2150,2018-09-03 17:29:05,1,user1,1536010145
5fa93e867ce95e580bef66dd,5,10002a31320e099689975a3d80b1522bd9fc2150,2018-09-03 17:31:17,2,user1,1536010277
5fa93e867ce95e580bef66de,34,55c42c7bcaea31d851ba4568e6e9d187e426bb2a,2018-09-03 17:31:44,2,user1,1536010304
5fa93e867ce95e580bef66df,1247,55c42c7bcaea31d851ba4568e6e9d187e426bb2a,2018-09-04 22:14:51,2,user1,1536113691
5fa93e867ce95e580bef66e0,0,b18763b8356388a049663daf98bd5a11871da7f9,2018-09-05 09:05:29,2,user1,1536152729
5fa93e867ce95e580bef66e1,0,bd45f767f3bf39272be658ceeaa2c2214bd4da05,2018-09-05 15:35:51,2,user1,1536176151
5fa93e867ce95e580bef66e2,0,bd45f767f3bf39272be658ceeaa2c2214bd4da05,2018-09-05 15:35:59,2,user1,1536176159
5fa93e867ce95e580bef66e3,45,bd45f767f3bf39272be658ceeaa2c2214bd4da05,2018-09-05 15:38:01,1,user1,1536176281
5fa93e867ce95e580bef66e4,402,55c42c7bcaea31d851ba4568e6e9d187e426bb2a,2018-09-05 21:56:34,2,user1,1536198994
5fa93e867ce95e580bef66e5,20,b18763b8356388a049663daf98bd5a11871da7f9,2018-09-05 22:10:28,2,user1,1536199828
5fa93e867ce95e580bef66e6,4,55c42c7bcaea31d851ba4568e6e9d187e426bb2a,2018-09-06 19:54:58,2,user1,1536278098
5fa93e867ce95e580bef66e7,9,55c42c7bcaea31d851ba4568e6e9d187e426bb2a,2018-09-06 19:56:20,2,user1,1536278180
5fa93e867ce95e580bef66e8,601,55c42c7bcaea31d851ba4568e6e9d187e426bb2a,2018-09-06 20:00:26,1,user1,1536278426
5fa93e867ce95e580bef66e9,585,55c42c7bcaea31d851ba4568e6e9d187e426bb2a,2018-09-07 12:50:16,2,user1,1536339016
5fa93e867ce95e580bef66ea,719,55c42c7bcaea31d851ba4568e6e9d187e426bb2a,2018-09-08 13:36:00,2,user1,1536428160
5fa93e867ce95e580bef66eb,5,4671ffbdd7a25b627a96191ca649b99e917dc35,2018-09-08 22:49:32,2,user1,1536461372
5fa93e867ce95e580bef66ec,3003,4671ffbdd7a25b627a96191ca649b99e917dc35,2018-09-08 22:50:27,1,user1,1536461427
5fa93e867ce95e580bef66ed,93,b18763b8356388a049663daf98bd5a11871da7f9,2018-09-09 01:18:41,2,user1,1536470321
5fa93e867ce95e580bef66ee,181,55c42c7bcaea31d851ba4568e6e9d187e426bb2a,2018-09-09 12:54:39,2,user1,1536512079
5fa93e867ce95e580bef66ef,0,bd45f767f3bf39272be658ceeaa2c2214bd4da05,2018-09-09 16:19:57,2,user1,1536524397
5fa93e867ce95e580bef66f0,4,b18763b8356388a049663daf98bd5a11871da7f9,2018-09-10 10:37:59,2,user1,1536590279
5fa93e867ce95e580bef66f1,0,25137d804c829cf32634a664e719d6d587797248,2018-09-10 11:48:53,3,user1,1536594533
5fa93e867ce95e580bef66f2,734,55c42c7bcaea31d851ba4568e6e9d187e426bb2a,2018-09-10 16:04:52,2,user1,1536609892
5fa93e867ce95e580bef66f3,5,55c42c7bcaea31d851ba4568e6e9d187e426bb2a,2018-09-11 20:08:52,2,user1,1536710932
5fa93e867ce95e580bef66f4,698,55c42c7bcaea31d851ba4568e6e9d187e426bb2a,2018-09-11 20:16:42,1,user1,1536711402
5fa93e867ce95e580bef66f5,0,55c42c7bcaea31d851ba4568e6e9d187e426bb2a,2018-09-12 16:30:38,2,user1,1536784238
5fa93e867ce95e580bef66f6,352,55c42c7bcaea31d851ba4568e6e9d187e426bb2a,2018-09-12 16:31:01,1,user1,1536784261
5fa93e867ce95e580bef66f7,128,ef63221a28c56edb6246f593ee8e3d3387b9793,2018-09-12 16:37:24,2,user1,1536784644
5fa93e867ce95e580bef66f8,88,ef63221a28c56edb6246f593ee8e3d3387b9793,2018-09-12 16:39:43,2,user1,1536784783
5fa93e867ce95e580bef66f9,161,55c42c7bcaea31d851ba4568e6e9d187e426bb2a,2018-09-12 16:42:30,2,user1,1536784950
5fa93e867ce95e580bef66fa,258,ef63221a28c56edb6246f593ee8e3d3387b9793,2018-09-12 17:00:04,2,user1,1536786004
5fa93e867ce95e580bef66fb,5,55c42c7bcaea31d851ba4568e6e9d187e426bb2a,2018-09-12 20:40:41,2,user1,1536799241
5fa93e867ce95e580bef66fc,0,55c42c7bcaea31d851ba4568e6e9d187e426bb2a,2018-09-12 20:41:34,2,user1,1536799294
5fa93e867ce95e580bef66fd,216,55c42c7bcaea31d851ba4568e6e9d187e426bb2a,2018-09-12 21:26:37,1,user1,1536801997
5fa93e867ce95e580bef66fe,22,4671ffbdd7a25b627a96191ca649b99e917dc35,2018-09-13 00:47:51,2,user1,1536814071
5fa93e867ce95e580bef66ff,0,4671ffbdd7a25b627a96191ca649b99e917dc35,2018-09-13 00:48:39,2,user1,1536814119
5fa93e867ce95e580bef6700,1267,4671ffbdd7a25b627a96191ca649b99e917dc35,2018-09-13 00:49:35,1,user1,1536814175
5fa93e867ce95e580bef6701,66,55c42c7bcaea31d851ba4568e6e9d187e426bb2a,2018-09-13 09:56:38,2,user1,1536846998
5fa93e867ce95e580bef6702,4,55c42c7bcaea31d851ba4568e6e9d187e426bb2a,2018-09-14 20:13:20,2,user1,1536970400
5fa93e867ce95e580bef6703,0,55c42c7bcaea31d851ba4568e6e9d187e426bb2a,2018-09-14 20:15:29,3,user1,1536970529
5fa93e867ce95e580bef6704,658,55c42c7bcaea31d851ba4568e6e9d187e426bb2a,2018-09-14 20:20:39,2,user1,1536970839
5fa93e867ce95e580bef6705,2,55c42c7bcaea31d851ba4568e6e9d187e426bb2a,2018-09-15 20:59:21,2,user1,1537059561
5fa93e867ce95e580bef6706,660,55c42c7bcaea31d851ba4568e6e9d187e426bb2a,2018-09-15 21:05:52,1,user1,1537059952
5fa93e867ce95e580bef6707,0,10002a31320e099689975a3d80b1522bd9fc2150,2018-09-16 20:21:33,3,user1,1537143693
5fa93e867ce95e580bef6708,556,10002a31320e099689975a3d80b1522bd9fc2150,2018-09-16 20:47:22,2,user1,1537145242
5fa93e867ce95e580bef6709,2699,1ea1a7062ba95dd2adb6bfeae40e4e69b761d8a,2018-09-17 00:47:04,2,user1,1537159624
5fa93e867ce95e580bef670a,402,55c42c7bcaea31d851ba4568e6e9d187e426bb2a,2018-09-17 22:52:15,2,user1,1537239135
5fa93e867ce95e580bef670b,36,55c42c7bcaea31d851ba4568e6e9d187e426bb2a,2018-09-18 13:33:38,1,user1,1537292018
5fa93e867ce95e580bef670c,31,55c42c7bcaea31d851ba4568e6e9d187e426bb2a,2018-09-18 13:46:00,1,user1,1537292760
5fa93e867ce95e580bef670d,394,55c42c7bcaea31d851ba4568e6e9d187e426bb2a,2018-09-19 12:36:36,2,user1,1537374996
5fa93e867ce95e580bef670e,331,55c42c7bcaea31d851ba4568e6e9d187e426bb2a,2018-09-21 12:38:37,2,user1,1537547917
5fa93e867ce95e580bef670f,685,55c42c7bcaea31d851ba4568e6e9d187e426bb2a,2018-09-21 20:09:18,2,user1,1537574958
5fa93e867ce95e580bef6710,51,3ea119d62ee7c7322e37127edff76b86f20aa870,2018-09-21 21:07:35,1,user1,1537578455
5fa93e867ce95e580bef6711,35,3ea119d62ee7c7322e37127edff76b86f20aa870,2018-09-21 21:08:41,1,user1,1537578521
5fa93e867ce95e580bef6712,32,3ea119d62ee7c7322e37127edff76b86f20aa870,2018-09-21 21:12:32,1,user1,1537578752
5fa93e867ce95e580bef6713,2,bd45f767f3bf39272be658ceeaa2c2214bd4da05,2018-09-22 00:04:22,2,user1,1537589062
5fa93e867ce95e580bef6714,0,bd45f767f3bf39272be658ceeaa2c2214bd4da05,2018-09-22 00:05:13,2,user1,1537589113
5fa93e867ce95e580bef6715,3,bd45f767f3bf39272be658ceeaa2c2214bd4da05,2018-09-22 00:13:07,2,user1,1537589587
5fa93e867ce95e580bef6716,153,4671ffbdd7a25b627a96191ca649b99e917dc35,2018-09-22 00:16:30,2,user1,1537589790
5fa93e867ce95e580bef6717,2109,4671ffbdd7a25b627a96191ca649b99e917dc35,2018-09-22 00:19:30,1,user1,1537589970
5fa93e867ce95e580bef6718,1671,1ea1a7062ba95dd2adb6bfeae40e4e69b761d8a,2018-09-22 13:04:28,2,user1,1537635868
5fa93e867ce95e580bef6719,35,dc671da27a4958205c61514ece426405b706a770,2018-09-22 16:00:52,2,user1,1537646452
5fa93e867ce95e580bef671a,19,dc671da27a4958205c61514ece426405b706a770,2018-09-22 16:15:44,2,user1,1537647344
5fa93e867ce95e580bef671b,126,3ea119d62ee7c7322e37127edff76b86f20aa870,2018-09-22 21:56:53,1,user1,1537667813
5fa93e867ce95e580bef671c,57,3ea119d62ee7c7322e37127edff76b86f20aa870,2018-09-22 22:01:42,1,user1,1537668102
5fa93e867ce95e580bef671d,41,3ea119d62ee7c7322e37127edff76b86f20aa870,2018-09-22 22:11:09,1,user1,1537668669
5fa93e867ce95e580bef671e,3,55c42c7bcaea31d851ba4568e6e9d187e426bb2a,2018-09-22 22:47:18,2,user1,1537670838
5fa93e867ce95e580bef671f,3,ae1fd91cc68e13c0740f7d11c775c9d0efc74851,2018-09-22 23:30:14,2,user1,1537673414
5fa93e867ce95e580bef6720,16,95721c5585db4bfa1722c7edc039bba1131037b3,2018-09-23 13:05:46,2,user1,1537722346
5fa93e867ce95e580bef6721,27,dc671da27a4958205c61514ece426405b706a770,2018-09-23 13:22:28,2,user1,1537723348
5fa93e867ce95e580bef6722,1035,55c42c7bcaea31d851ba4568e6e9d187e426bb2a,2018-09-23 22:16:22,2,user1,1537755382
5fa93e867ce95e580bef6723,0,f1802b83b14c76badf4498ee696e3ab8ddb545c7,2018-09-24 13:13:45,3,user1,1537809225
5fa93e867ce95e580bef6724,5,55c42c7bcaea31d851ba4568e6e9d187e426bb2a,2018-09-24 19:47:34,2,user1,1537832854
5fa93e867ce95e580bef6725,0,55c42c7bcaea31d851ba4568e6e9d187e426bb2a,2018-09-24 19:59:08,3,user1,1537833548
5fa93e867ce95e580bef6726,400,55c42c7bcaea31d851ba4568e6e9d187e426bb2a,2018-09-24 19:59:47,2,user1,1537833587
5fa93e867ce95e580bef6727,4,bd45f767f3bf39272be658ceeaa2c2214bd4da05,2018-09-24 22:46:29,2,user1,1537843589
5fa93e867ce95e580bef6728,58,b18763b8356388a049663daf98bd5a11871da7f9,2018-09-25 13:09:21,1,user1,1537895361
5fa93e867ce95e580bef6729,77,b18763b8356388a049663daf98bd5a11871da7f9,2018-09-26 01:18:00,2,user1,1537939080
5fa93e867ce95e580bef672a,2,bd45f767f3bf39272be658ceeaa2c2214bd4da05,2018-09-26 11:10:45,2,user1,1537974645
5fa93e867ce95e580bef672b,523,55c42c7bcaea31d851ba4568e6e9d187e426bb2a,2018-09-26 12:36:37,2,user1,1537979797
5fa93e867ce95e580bef672c,242,55c42c7bcaea31d851ba4568e6e9d187e426bb2a,2018-09-27 11:11:54,2,user1,1538061114
5fa93e867ce95e580bef672d,142,b18763b8356388a049663daf98bd5a11871da7f9,2018-09-27 14:27:46,1,user1,1538072866
5fa93e867ce95e580bef672e,1955,4671ffbdd7a25b627a96191ca649b99e917dc35,2018-09-27 20:18:53,1,user1,1538093933
5fa93e867ce95e580bef672f,5,55c42c7bcaea31d851ba4568e6e9d187e426bb2a,2018-09-28 11:07:02,2,user1,1538147222
5fa93e867ce95e580bef6730,523,55c42c7bcaea31d851ba4568e6e9d187e426bb2a,2018-09-28 11:10:45,2,user1,1538147445
5fa93e867ce95e580bef6731,24,bd45f767f3bf39272be658ceeaa2c2214bd4da05,2018-09-28 19:28:07,2,user1,1538177287
5fa93e867ce95e580bef6732,0,3ddb55fdc0d81b8dcd38627e7e7634016ea0f8c3,2018-09-29 11:24:24,3,user1,1538234664
5fa93e867ce95e580bef6733,0,55c42c7bcaea31d851ba4568e6e9d187e426bb2a,2018-09-29 16:23:57,2,user1,1538252637
5fa93e867ce95e580bef6734,0,55c42c7bcaea31d851ba4568e6e9d187e426bb2a,2018-09-29 16:24:39,2,user1,1538252679
5fa93e867ce95e580bef6735,29,dc671da27a4958205c61514ece426405b706a770,2018-09-29 20:40:05,2,user1,1538268005
5fa93e867ce95e580bef6736,330,55c42c7bcaea31d851ba4568e6e9d187e426bb2a,2018-09-29 23:52:16,2,user1,1538279536
5fa93e867ce95e580bef6737,13,b18763b8356388a049663daf98bd5a11871da7f9,2018-09-29 23:59:15,2,user1,1538279955
5fa93e867ce95e580bef6738,2,b18763b8356388a049663daf98bd5a11871da7f9,2018-09-29 23:59:52,2,user1,1538279992
5fa93e867ce95e580bef6739,440,55c42c7bcaea31d851ba4568e6e9d187e426bb2a,2018-10-01 22:01:52,2,user1,1538445712
5fa93e867ce95e580bef673a,0,7c5541acebabea3ddd0acdf62e4a979ddeb8560e,2018-10-02 15:35:38,2,user1,1538508938
5fa93e867ce95e580bef673b,613,55c42c7bcaea31d851ba4568e6e9d187e426bb2a,2018-10-04 10:59:25,2,user1,1538665165
5fa93e867ce95e580bef673c,1171,bd45f767f3bf39272be658ceeaa2c2214bd4da05,2018-10-04 23:33:29,2,user1,1538710409
5fa93e867ce95e580bef673d,4,b18763b8356388a049663daf98bd5a11871da7f9,2018-10-05 01:12:42,2,user1,1538716362
5fa93e867ce95e580bef673e,0,4455cd9ac7ab442972b73b999288538dbad68514,2018-10-05 09:44:01,3,user1,1538747041
5fa93e867ce95e580bef673f,0,dc671da27a4958205c61514ece426405b706a770,2018-10-05 22:13:29,2,user1,1538792009
5fa93e867ce95e580bef6740,3,3ea119d62ee7c7322e37127edff76b86f20aa870,2018-10-06 00:48:27,2,user1,1538801307
5fa93e867ce95e580bef6741,35,3ea119d62ee7c7322e37127edff76b86f20aa870,2018-10-06 00:49:16,2,user1,1538801356
5fa93e867ce95e580bef6742,1105,55c42c7bcaea31d851ba4568e6e9d187e426bb2a,2018-10-06 13:00:20,2,user1,1538845220
5fa93e867ce95e580bef6743,160,dc671da27a4958205c61514ece426405b706a770,2018-10-06 22:43:27,2,user1,1538880207
5fa93e867ce95e580bef6744,0,f3d10310e722b0827103964e0dee3be796159b7a,2018-10-08 09:55:38,3,user1,1539006938
5fa93e867ce95e580bef6745,12,55c42c7bcaea31d851ba4568e6e9d187e426bb2a,2018-10-08 12:36:40,2,user1,1539016600
5fa93e867ce95e580bef6746,0,b2009eb41665d166f9aa7f8577e5aeb26cb9596f,2018-10-08 12:53:30,3,user1,1539017610
5fa93e867ce95e580bef6747,914,55c42c7bcaea31d851ba4568e6e9d187e426bb2a,2018-10-08 16:15:59,2,user1,1539029759
5fa93e867ce95e580bef6748,0,7eb661b50e4996443126be41b3ae08eec54a4e3a,2018-10-08 17:14:00,3,user1,1539033240
5fa93e867ce95e580bef6749,3,ae1fd91cc68e13c0740f7d11c775c9d0efc74851,2018-10-08 18:23:52,2,user1,1539037432
5fa93e867ce95e580bef674a,3,ae1fd91cc68e13c0740f7d11c775c9d0efc74851,2018-10-08 18:25:59,2,user1,1539037559
5fa93e867ce95e580bef674b,21,3ea119d62ee7c7322e37127edff76b86f20aa870,2018-10-09 00:26:54,1,user1,1539059214
5fa93e867ce95e580bef674c,57,bd45f767f3bf39272be658ceeaa2c2214bd4da05,2018-10-09 10:29:41,2,user1,1539095381
5fa93e867ce95e580bef674d,16,b18763b8356388a049663daf98bd5a11871da7f9,2018-10-09 10:37:05,2,user1,1539095825
5fa93e867ce95e580bef674e,0,b18763b8356388a049663daf98bd5a11871da7f9,2018-10-09 10:38:08,2,user1,1539095888
5fa93e867ce95e580bef674f,0,33a85476d23264dcae1317eacaae9c12033b8328,2018-10-09 11:27:29,3,user1,1539098849
5fa93e867ce95e580bef6750,0,543110710536e4a5d7e6950cb3b68750bb3535c9,2018-10-09 16:02:56,3,user1,1539115376
5fa93e867ce95e580bef6751,693,55c42c7bcaea31d851ba4568e6e9d187e426bb2a,2018-10-11 22:21:16,2,user1,1539310876
5faa29b8ebc99f60adf990e7,0,55c42c7bcaea31d851ba4568e6e9d187e426bb2a,2018-10-12 22:06:16,2,user1,1539396376
5faa29b8ebc99f60adf990e8,945,55c42c7bcaea31d851ba4568e6e9d187e426bb2a,2018-10-12 22:06:33,1,user1,1539396393
5faa29b8ebc99f60adf990e9,0,bd45f767f3bf39272be658ceeaa2c2214bd4da05,2018-10-12 23:56:24,2,user1,1539402984
5faa29b7daf31a74a0cfb764,118,bd45f767f3bf39272be658ceeaa2c2214bd4da05,2018-10-13 00:05:38,2,user1,1539403538
5faa29b7daf31a74a0cfb765,0,3ea119d62ee7c7322e37127edff76b86f20aa870,2018-10-13 00:11:20,2,user1,1539403880
5faa29b7daf31a74a0cfb766,47,3ea119d62ee7c7322e37127edff76b86f20aa870,2018-10-13 00:38:57,2,user1,1539405537
5faa29b7daf31a74a0cfb767,144,4671ffbdd7a25b627a96191ca649b99e917dc35,2018-10-13 00:48:23,2,user1,1539406103
5faa29b7daf31a74a0cfb768,0,4671ffbdd7a25b627a96191ca649b99e917dc35,2018-10-13 00:55:44,3,user1,1539406544
5faa29b7daf31a74a0cfb769,2,bd45f767f3bf39272be658ceeaa2c2214bd4da05,2018-10-13 01:49:03,2,user1,1539409743
5faa29b7daf31a74a0cfb76a,2,3ea119d62ee7c7322e37127edff76b86f20aa870,2018-10-13 01:49:47,2,user1,1539409787
5faa29b7daf31a74a0cfb76c,278,bd45f767f3bf39272be658ceeaa2c2214bd4da05,2018-10-13 01:50:39,2,user1,1539409839
5faa29b7daf31a74a0cfb76b,0,3ea119d62ee7c7322e37127edff76b86f20aa870,2018-10-13 01:52:41,3,user1,1539409961
5faa29b7daf31a74a0cfb76d,2,3ea119d62ee7c7322e37127edff76b86f20aa870,2018-10-13 01:55:42,2,user1,1539410142
5faa29b7daf31a74a0cfb76e,246,3ea119d62ee7c7322e37127edff76b86f20aa870,2018-10-13 01:56:25,2,user1,1539410185
5faa29b7daf31a74a0cfb76f,55,b4ff651a52a0ae5d87308270d62f42963f7e752d,2018-10-13 14:13:02,1,user1,1539454382
5faa29b7daf31a74a0cfb770,1,a8147dbc0397ca9ca77b3bce95f18963f02207ed,2018-10-13 14:20:06,2,user1,1539454806
5faa29b7daf31a74a0cfb771,0,b4ff651a52a0ae5d87308270d62f42963f7e752d,2018-10-13 14:23:46,2,user1,1539455026
5faa29b480c065cb070d15f7,59,3ea119d62ee7c7322e37127edff76b86f20aa870,2018-10-14 00:46:24,1,user1,1539492384
5faa29b480c065cb070d15f8,0,b18763b8356388a049663daf98bd5a11871da7f9,2018-10-14 01:27:55,3,user1,1539494875
5faa29b480c065cb070d15f9,0,b18763b8356388a049663daf98bd5a11871da7f9,2018-10-14 01:46:38,3,user1,1539495998
5faa29b480c065cb070d15fa,0,b18763b8356388a049663daf98bd5a11871da7f9,2018-10-14 01:51:59,3,user1,1539496319
5faa29b480c065cb070d15fb,4,dc671da27a4958205c61514ece426405b706a770,2018-10-14 18:47:10,2,user1,1539557230
5faa29b480c065cb070d15fc,351,55c42c7bcaea31d851ba4568e6e9d187e426bb2a,2018-10-14 22:07:25,2,user1,1539569245
5faa29b480c065cb070d15fd,61,55c42c7bcaea31d851ba4568e6e9d187e426bb2a,2018-10-16 10:07:50,1,user1,1539698870
5faa29b480c065cb070d15fe,1322,3ea119d62ee7c7322e37127edff76b86f20aa870,2018-10-17 00:41:26,1,user1,1539751286
5faa29b480c065cb070d15ff,481,55c42c7bcaea31d851ba4568e6e9d187e426bb2a,2018-10-17 20:24:27,2,user1,1539822267
5faa29b480c065cb070d1600,0,22242e31872dd9f2fe6d3b065ee33cb570f236ac,2018-10-18 10:19:25,3,user1,1539872365
5faa29b480c065cb070d1601,0,70f226887121b0425c69c4af2d0419f0c8caa746,2018-10-18 14:12:34,3,user1,1539886354
5faa29b480c065cb070d1602,0,1e0df522e76b661e61e60efd57e82dfa42a16496,2018-10-19 00:49:12,2,user1,1539924552
5faa29b480c065cb070d1603,0,dc671da27a4958205c61514ece426405b706a770,2018-10-19 23:24:30,2,user1,1540005870
5faa29b480c065cb070d1604,111,dc671da27a4958205c61514ece426405b706a770,2018-10-19 23:25:20,2,user1,1540005920
5faa29b480c065cb070d1605,99,3ea119d62ee7c7322e37127edff76b86f20aa870,2018-10-19 23:42:08,1,user1,1540006928
5faa29b480c065cb070d1606,0,7eba6b2a74a1d203b402106dd9aff21139ab2a7a,2018-10-20 06:55:05,3,user1,1540032905
5faa29b480c065cb070d1607,0,3ea119d62ee7c7322e37127edff76b86f20aa870,2018-10-20 11:51:41,3,user1,1540050701
5faa29b480c065cb070d1608,0,3ea119d62ee7c7322e37127edff76b86f20aa870,2018-10-20 11:53:40,2,user1,1540050820
5faa29b480c065cb070d1609,197,3ea119d62ee7c7322e37127edff76b86f20aa870,2018-10-20 16:42:20,1,user1,1540068140
5faa29b480c065cb070d160a,94,3ea119d62ee7c7322e37127edff76b86f20aa870,2018-10-21 00:37:10,1,user1,1540096630
5faa29b480c065cb070d160b,15,3ea119d62ee7c7322e37127edff76b86f20aa870,2018-10-21 00:45:45,1,user1,1540097145
5faa29b480c065cb070d160c,14,3ea119d62ee7c7322e37127edff76b86f20aa870,2018-10-21 00:47:25,2,user1,1540097245
5faa29b480c065cb070d160d,0,7eba6b2a74a1d203b402106dd9aff21139ab2a7a,2018-10-21 16:08:27,3,user1,1540152507
5faa29b480c065cb070d160e,0,7eba6b2a74a1d203b402106dd9aff21139ab2a7a,2018-10-21 16:09:21,3,user1,1540152561
5faa29b480c065cb070d160f,0,7eba6b2a74a1d203b402106dd9aff21139ab2a7a,2018-10-21 18:02:19,3,user1,1540159339
5faa29b480c065cb070d1610,0,4195957d98f2eff2e56b2f048eb2033c6daacc5f,2018-10-22 07:47:52,3,user1,1540208872
5faa29b480c065cb070d1611,0,7eba6b2a74a1d203b402106dd9aff21139ab2a7a,2018-10-22 09:54:58,3,user1,1540216498
5faa29b480c065cb070d1612,0,7eba6b2a74a1d203b402106dd9aff21139ab2a7a,2018-10-22 10:27:07,3,user1,1540218427
5faa29b480c065cb070d1613,0,7eba6b2a74a1d203b402106dd9aff21139ab2a7a,2018-10-22 12:32:48,3,user1,1540225968
5faa29b480c065cb070d1614,5,55c42c7bcaea31d851ba4568e6e9d187e426bb2a,2018-10-22 12:38:59,2,user1,1540226339
5faa29b480c065cb070d1616,293,55c42c7bcaea31d851ba4568e6e9d187e426bb2a,2018-10-22 12:39:46,1,user1,1540226386
5faa29b480c065cb070d1615,0,356a192b7913b04c54574d18c28d46e6395428ab,2018-10-22 12:43:06,3,user1,1540226586
5faa29b480c065cb070d1617,43,bd45f767f3bf39272be658ceeaa2c2214bd4da05,2018-10-22 22:28:13,2,user1,1540261693
5faa29b480c065cb070d1618,62,bd45f767f3bf39272be658ceeaa2c2214bd4da05,2018-10-22 22:29:23,2,user1,1540261763
5faa29b480c065cb070d1619,0,cbf6f2d4e8680f0f1e0e1e2826d8997d314b437b,2018-10-23 10:53:58,3,user1,1540306438
5faa29b480c065cb070d161a,0,84c0dde35cbee17465371fdeb6ff831f883fe996,2018-10-23 14:31:47,3,user1,1540319507
5faa29b7c4ada167e46ae082,397,55c42c7bcaea31d851ba4568e6e9d187e426bb2a,2018-10-24 12:40:54,2,user1,1540399254
5faa29b7c4ada167e46ae083,0,ce5c26430087fe3c8ca754856e7e83369cc872c2,2018-10-24 18:12:40,3,user1,1540419160
5faa29b75cface29df876420,1251,55c42c7bcaea31d851ba4568e6e9d187e426bb2a,2018-10-26 15:45:34,2,user1,1540583134
5faa29b75cface29df876421,0,ae1fd91cc68e13c0740f7d11c775c9d0efc74851,2018-10-27 00:26:35,3,user1,1540614395
5faa29b75cface29df876422,0,b18763b8356388a049663daf98bd5a11871da7f9,2018-10-27 00:44:12,3,user1,1540615452
5faa29b75cface29df876423,43,ae1fd91cc68e13c0740f7d11c775c9d0efc74851,2018-10-27 01:00:18,2,user1,1540616418
5faa29b75cface29df876424,3,b18763b8356388a049663daf98bd5a11871da7f9,2018-10-27 01:05:41,2,user1,1540616741
5faa29b75cface29df876425,3,b18763b8356388a049663daf98bd5a11871da7f9,2018-10-27 01:06:56,2,user1,1540616816
5faa29b75cface29df876426,45,b18763b8356388a049663daf98bd5a11871da7f9,2018-10-27 01:08:28,2,user1,1540616908
5faa29b75cface29df876427,23,b18763b8356388a049663daf98bd5a11871da7f9,2018-10-27 01:42:54,2,user1,1540618974
5faa29b75cface29df876428,0,4bd8f3526cd8b59271900446abe0956b18d707c0,2018-10-27 15:48:38,3,user1,1540669718
5faa29b75cface29df876429,22,4bd8f3526cd8b59271900446abe0956b18d707c0,2018-10-27 15:58:55,2,user1,1540670335
5faa29b75cface29df87642a,52,4bd8f3526cd8b59271900446abe0956b18d707c0,2018-10-27 15:59:40,2,user1,1540670380
5faa29b75cface29df87642b,424,dc671da27a4958205c61514ece426405b706a770,2018-10-27 22:04:12,1,user1,1540692252
5faa29b75cface29df87642c,139,3ea119d62ee7c7322e37127edff76b86f20aa870,2018-10-28 02:16:09,2,user1,1540707369
5faa29b75cface29df87642d,3,bd45f767f3bf39272be658ceeaa2c2214bd4da05,2018-10-28 02:19:04,2,user1,1540707544
5faa29b75cface29df87642e,0,94ad2fa39b50a0676001bd1d2f4b986fd862c7c6,2018-10-28 02:20:36,2,user1,1540707636
5faa29b75cface29df87642f,596,4671ffbdd7a25b627a96191ca649b99e917dc35,2018-10-28 02:20:40,2,user1,1540707640
5faa29b75cface29df876430,0,1ea1a7062ba95dd2adb6bfeae40e4e69b761d8a,2018-10-28 02:39:39,2,user1,1540708779
5faa29b75cface29df876431,139,3ea119d62ee7c7322e37127edff76b86f20aa870,2018-10-28 02:40:20,1,user1,1540708820
5faa29b75cface29df876432,417,1ea1a7062ba95dd2adb6bfeae40e4e69b761d8a,2018-10-28 02:42:51,1,user1,1540708971
5faa29b75cface29df876433,41,3ea119d62ee7c7322e37127edff76b86f20aa870,2018-10-28 02:49:34,1,user1,1540709374
5faa29b75cface29df876434,18,3ea119d62ee7c7322e37127edff76b86f20aa870,2018-10-28 02:51:44,2,user1,1540709504
5faa29b75cface29df876435,0,cb9c8a4a25fe0c17a290ad2c806010239a46ead6,2018-10-28 13:19:32,3,user1,1540747172
5faa29c35883f7d350024660,0,74f25bf41a601aa73fdf0f40b64f1cf9f8767f9b,2018-10-29 18:07:29,3,user1,1540850849
5faa29c4c43ed046b0d04c24,155,55c42c7bcaea31d851ba4568e6e9d187e426bb2a,2018-10-30 11:05:59,1,user1,1540911959
5faa29c4c43ed046b0d04c23,0,7eba6b2a74a1d203b402106dd9aff21139ab2a7a,2018-10-30 11:08:26,3,user1,1540912106
5faa29c4f12c53e6e0a6961c,162,55c42c7bcaea31d851ba4568e6e9d187e426bb2a,2018-10-31 15:58:21,1,user1,1541015901
5fb4cd8a3769968abba83646,443,55c42c7bcaea31d851ba4568e6e9d187e426bb2a,2018-11-01 12:37:53,2,user1,1541090273
5faa29d0c4f2b45c342a412d,303,10002a31320e099689975a3d80b1522bd9fc2150,2018-11-02 11:03:19,1,user1,1541170999
5faa29d0c4f2b45c342a412e,6,55c42c7bcaea31d851ba4568e6e9d187e426bb2a,2018-11-02 12:32:43,2,user1,1541176363
5fb4cd8a3769968abba83643,699,55c42c7bcaea31d851ba4568e6e9d187e426bb2a,2018-11-02 12:35:54,1,user1,1541176554
5faa29d0f585c008912f5694,194,55c42c7bcaea31d851ba4568e6e9d187e426bb2a,2018-11-02 16:56:38,2,user1,1541192198
5faa29d09894e817ae8a910c,0,e01099d28985857d305142b925d23ce241462edf,2018-11-02 19:05:31,3,user1,1541199931
5faa29cffc119a61fc4b829a,153,55c42c7bcaea31d851ba4568e6e9d187e426bb2a,2018-11-02 23:06:26,2,user1,1541214386
5faa29d05bdc6676ea609cdc,0,7eba6b2a74a1d203b402106dd9aff21139ab2a7a,2018-11-03 03:21:36,3,user1,1541229696
5faa29d023340bc643306f94,0,7eba6b2a74a1d203b402106dd9aff21139ab2a7a,2018-11-03 06:53:19,3,user1,1541242399
5faa29db9e71bb0a78a1e400,237,55c42c7bcaea31d851ba4568e6e9d187e426bb2a,2018-11-03 18:19:49,1,user1,1541283589
5faa29dbebd5e52f919456c6,85,3ea119d62ee7c7322e37127edff76b86f20aa870,2018-11-04 01:59:31,2,user1,1541311171
5faa29dbebd5e52f919456c7,33,3ea119d62ee7c7322e37127edff76b86f20aa870,2018-11-04 02:05:02,1,user1,1541315102
5faa29dbebd5e52f919456c8,41,3ea119d62ee7c7322e37127edff76b86f20aa870,2018-11-04 02:18:15,1,user1,1541315895
5faa29dbebd5e52f919456c9,2,3ea119d62ee7c7322e37127edff76b86f20aa870,2018-11-04 02:20:21,2,user1,1541316021
5faa29dbebd5e52f919456ca,21,3ea119d62ee7c7322e37127edff76b86f20aa870,2018-11-04 02:21:45,1,user1,1541316105
5faa29da59de13f19401ee13,859,55c42c7bcaea31d851ba4568e6e9d187e426bb2a,2018-11-04 22:18:21,1,user1,1541387901
5faa29db278fba48d5f477cf,0,55c42c7bcaea31d851ba4568e6e9d187e426bb2a,2018-11-05 12:37:53,2,user1,1541439473
5faa29db278fba48d5f477d0,288,55c42c7bcaea31d851ba4568e6e9d187e426bb2a,2018-11-05 12:38:31,1,user1,1541439511
5faa29e61b94d62c01d74377,0,256a5488ce6f1ce78f51b8b1bdda127e43105eae,2018-11-06 15:44:45,2,user1,1541537085
5fb4cd8a3769968abba83633,3,256a5488ce6f1ce78f51b8b1bdda127e43105eae,2018-11-06 15:44:58,2,user1,1541537098
5faa29e7ef4f1fcc073e093d,1,256a5488ce6f1ce78f51b8b1bdda127e43105eae,2018-11-06 15:47:05,2,user1,1541537225
5faa29e7ef4f1fcc073e093e,0,256a5488ce6f1ce78f51b8b1bdda127e43105eae,2018-11-06 15:49:40,3,user1,1541537380
5faa29e7ef4f1fcc073e093f,18,256a5488ce6f1ce78f51b8b1bdda127e43105eae,2018-11-06 15:55:43,2,user1,1541537743
5faa29e5fe90eaedfb1d662a,1347,55c42c7bcaea31d851ba4568e6e9d187e426bb2a,2018-11-07 15:39:03,2,user1,1541623143
5faa29e5fe90eaedfb1d662b,3260,f9f1b254c83507b9af4a3e22239d8478b5b53e13,2018-11-08 11:24:56,1,user1,1541694296
5faa29e5fe90eaedfb1d662c,2,bd45f767f3bf39272be658ceeaa2c2214bd4da05,2018-11-08 23:21:28,2,user1,1541737288
5faa29e5fe90eaedfb1d662d,1262,3ea119d62ee7c7322e37127edff76b86f20aa870,2018-11-08 23:26:18,2,user1,1541737578
5faa29e5fe90eaedfb1d662e,356,55c42c7bcaea31d851ba4568e6e9d187e426bb2a,2018-11-09 12:30:42,2,user1,1541784642
5faa29e5fe90eaedfb1d662f,5,dc671da27a4958205c61514ece426405b706a770,2018-11-09 21:58:47,2,user1,1541818727
5faa29e5fe90eaedfb1d6630,0,dc671da27a4958205c61514ece426405b706a770,2018-11-10 01:46:42,2,user1,1541832402
5faa29e5fe90eaedfb1d6631,3,3ea119d62ee7c7322e37127edff76b86f20aa870,2018-11-10 01:46:54,2,user1,1541832414
5faa29e5fe90eaedfb1d6632,105,dc671da27a4958205c61514ece426405b706a770,2018-11-10 01:49:02,2,user1,1541832542
5faa29e5fe90eaedfb1d6633,2,3ea119d62ee7c7322e37127edff76b86f20aa870,2018-11-10 01:51:14,2,user1,1541832674
5faa29e5fe90eaedfb1d6634,2,bd45f767f3bf39272be658ceeaa2c2214bd4da05,2018-11-10 01:52:18,2,user1,1541832738
5faa29e5fe90eaedfb1d6635,11,3ea119d62ee7c7322e37127edff76b86f20aa870,2018-11-10 01:53:40,1,user1,1541832820
5faa29e5fe90eaedfb1d6636,3,3ea119d62ee7c7322e37127edff76b86f20aa870,2018-11-10 01:54:14,2,user1,1541832854
5faa29e5fe90eaedfb1d6637,3,3ea119d62ee7c7322e37127edff76b86f20aa870,2018-11-10 01:54:47,2,user1,1541832887
5faa29e5fe90eaedfb1d6638,0,3ea119d62ee7c7322e37127edff76b86f20aa870,2018-11-10 02:02:09,2,user1,1541833329
5faa29e5fe90eaedfb1d6639,128,3ea119d62ee7c7322e37127edff76b86f20aa870,2018-11-10 02:06:29,1,user1,1541833589
5faa29e5fe90eaedfb1d663a,62,dc671da27a4958205c61514ece426405b706a770,2018-11-10 03:34:35,1,user1,1541838875
5faa29e5fe90eaedfb1d663b,0,dc671da27a4958205c61514ece426405b706a770,2018-11-11 22:32:39,3,user1,1541993559
5faa29e5fe90eaedfb1d663c,0,dc671da27a4958205c61514ece426405b706a770,2018-11-11 22:34:55,3,user1,1541993695
5faa29e5fe90eaedfb1d663d,0,dc671da27a4958205c61514ece426405b706a770,2018-11-11 22:37:05,3,user1,1541993825
5faa29e5fe90eaedfb1d663e,43,dc671da27a4958205c61514ece426405b706a770,2018-11-11 22:37:53,2,user1,1541993873
5faa29e5fe90eaedfb1d663f,28,dc671da27a4958205c61514ece426405b706a770,2018-11-11 22:39:10,1,user1,1541993950
5faa29e5fe90eaedfb1d6640,0,dc671da27a4958205c61514ece426405b706a770,2018-11-11 23:03:37,3,user1,1541995417
5faa29e5fe90eaedfb1d6641,3,dc671da27a4958205c61514ece426405b706a770,2018-11-11 23:21:13,2,user1,1541996473
5faa29e5fe90eaedfb1d6642,269,55c42c7bcaea31d851ba4568e6e9d187e426bb2a,2018-11-12 12:44:41,2,user1,1542044681
5faa29e5fe90eaedfb1d6643,0,7b4b9f7ce11d13b62f053cee35863002fa7bd00a,2018-11-12 13:32:36,3,user1,1542047556
5faa29e5fe90eaedfb1d6644,0,7b4b9f7ce11d13b62f053cee35863002fa7bd00a,2018-11-12 13:32:41,3,user1,1542047561
5faa29e5fe90eaedfb1d6645,1358,55c42c7bcaea31d851ba4568e6e9d187e426bb2a,2018-11-12 15:39:17,2,user1,1542055157
5faa29e78afe8305508d1e50,106,10002a31320e099689975a3d80b1522bd9fc2150,2018-11-13 16:02:30,1,user1,1542142950
5faa29e78afe8305508d1e51,26,55c42c7bcaea31d851ba4568e6e9d187e426bb2a,2018-11-13 16:04:32,2,user1,1542143072
5faa29e78afe8305508d1e52,143,10002a31320e099689975a3d80b1522bd9fc2150,2018-11-13 16:07:59,1,user1,1542143279
5faa29f382ecf63a7812ffca,0,406c1563d5936a275c14879fc43e38230c83a5c4,2018-11-14 09:23:55,6503,user1,1542205435
5fb4cd8a3769968abba83610,1033,55c42c7bcaea31d851ba4568e6e9d187e426bb2a,2018-11-14 15:39:57,2,user1,1542227997
5faa29f46205712c6570b3a4,0,1c680e923f3e6075ce55680041edb0ee4294f85e,2018-11-15 22:46:24,2,user1,1542339984
5faa29f4c5cb453245ae8c7f,0,dc671da27a4958205c61514ece426405b706a770,2018-11-16 15:22:49,6503,user1,1542399769
5faa2a000459dac7422026b0,0,dc671da27a4958205c61514ece426405b706a770,2018-11-16 18:20:35,2,user1,1542410435
5faa2a003ce70e28d44879ab,774,55c42c7bcaea31d851ba4568e6e9d187e426bb2a,2018-11-17 11:29:49,2,user1,1542472189
5faa2a0064e84fa498e2955e,110,e7524d9616098d03c4d1b09ade246c3ce41f564b,2018-11-17 14:10:07,2,user1,1542481807
5faa2a0064e84fa498e2955f,67,e7524d9616098d03c4d1b09ade246c3ce41f564b,2018-11-17 14:12:10,2,user1,1542481930
5faa2a0b023a7aa91f054073,4,55c42c7bcaea31d851ba4568e6e9d187e426bb2a,2018-11-19 15:49:58,2,user1,1542660598
5faa2a0b023a7aa91f054074,34,55c42c7bcaea31d851ba4568e6e9d187e426bb2a,2018-11-19 15:59:02,2,user1,1542661142
5faa2a0c2a569a587a12133d,627,55c42c7bcaea31d851ba4568e6e9d187e426bb2a,2018-11-19 20:32:14,2,user1,1542677534
5faa2a0ca1d3a93a2b5295ce,157,55c42c7bcaea31d851ba4568e6e9d187e426bb2a,2018-11-20 15:10:30,1,user1,1542744630
5faa2a0c30cb64399afd5feb,0,65cb9d2b56267fc3af3a0a28359edd158dc5b015,2018-11-21 09:30:05,6503,user1,1542810605
5faa2a0c8393c602eb4023b5,179,55c42c7bcaea31d851ba4568e6e9d187e426bb2a,2018-11-21 13:48:44,2,user1,1542826124
5faa2a172b5b4abfa58eacc6,51,10002a31320e099689975a3d80b1522bd9fc2150,2018-11-21 15:26:36,1,user1,1542831996
5faa2a172b5b4abfa58eacc7,0,55c42c7bcaea31d851ba4568e6e9d187e426bb2a,2018-11-21 15:47:07,6503,user1,1542833227
5faa2a172b5b4abfa58eacc8,0,55c42c7bcaea31d851ba4568e6e9d187e426bb2a,2018-11-21 15:51:04,2,user1,1542833464
5faa2a172b5b4abfa58eacc9,87,55c42c7bcaea31d851ba4568e6e9d187e426bb2a,2018-11-21 15:51:14,1,user1,1542833474
5faa2a172b5b4abfa58eacca,55,4671ffbdd7a25b627a96191ca649b99e917dc35,2018-11-21 16:14:11,2,user1,1542834851
5faa2a17e090eaaba83113b5,0,83eb893d3c82ea689df4c56dbe00f3075dd3ce54,2018-11-23 09:29:18,6503,user1,1542983358
5faa2a23346275b1883020fe,32,55c42c7bcaea31d851ba4568e6e9d187e426bb2a,2018-11-24 13:21:50,1,user1,1543083710
5faa2a2355ee8e423a9c5da6,103,55c42c7bcaea31d851ba4568e6e9d187e426bb2a,2018-11-24 16:58:28,1,user1,1543096708
5faa2a245adda9da8f9f0a3b,95,10002a31320e099689975a3d80b1522bd9fc2150,2018-11-24 17:22:20,1,user1,1543098140
5faa2a2339570ced3950cd73,60,55c42c7bcaea31d851ba4568e6e9d187e426bb2a,2018-11-25 11:09:27,1,user1,1543162167
5faa2a22cb78129dd3c6959d,0,7eba6b2a74a1d203b402106dd9aff21139ab2a7a,2018-11-26 07:42:12,6503,user1,1543236132
5faa2a22cb78129dd3c6959e,0,7eba6b2a74a1d203b402106dd9aff21139ab2a7a,2018-11-26 07:42:36,6503,user1,1543236156
5faa2a24d46232fbbfc7f0be,17,7eba6b2a74a1d203b402106dd9aff21139ab2a7a,2018-11-26 11:21:52,1,user1,1543249312
5faa2a24d46232fbbfc7f0bf,0,55c42c7bcaea31d851ba4568e6e9d187e426bb2a,2018-11-26 11:40:14,6503,user1,1543250414
5faa2a24d46232fbbfc7f0c0,132,55c42c7bcaea31d851ba4568e6e9d187e426bb2a,2018-11-26 11:40:23,1,user1,1543250423
5faa2a23127288b5b4811c05,88,55c42c7bcaea31d851ba4568e6e9d187e426bb2a,2018-11-26 13:10:55,1,user1,1543255855
5faa2a249163862f9b81928d,9,7eba6b2a74a1d203b402106dd9aff21139ab2a7a,2018-11-26 16:17:12,1,user1,1543267032
5faa2a24ee871998111b4cfa,172,55c42c7bcaea31d851ba4568e6e9d187e426bb2a,2018-11-26 18:40:14,1,user1,1543275614
5faa2a24ee871998111b4cfb,26,55c42c7bcaea31d851ba4568e6e9d187e426bb2a,2018-11-26 18:59:35,1,user1,1543276775
5faa2a2d40809f54cc689cde,0,b5ab600f77ec00b2176d0f5a2f01755fdc4e106e,2018-11-27 09:43:44,6503,user1,1543329824
5fb4cd8a3769968abba835ef,160,55c42c7bcaea31d851ba4568e6e9d187e426bb2a,2018-11-27 11:08:35,2,user1,1543334915
5faa2a303b6915139fd67b20,99,55c42c7bcaea31d851ba4568e6e9d187e426bb2a,2018-11-27 12:36:52,1,user1,1543340212
5faa2a2f789f5784aca75630,0,55c42c7bcaea31d851ba4568e6e9d187e426bb2a,2018-11-27 16:48:27,6503,user1,1543355307
5faa2a2f789f5784aca75631,5,55c42c7bcaea31d851ba4568e6e9d187e426bb2a,2018-11-27 16:49:07,2,user1,1543355347
5faa2a3087dceced74caf269,66,55c42c7bcaea31d851ba4568e6e9d187e426bb2a,2018-11-27 19:37:28,1,user1,1543365448
5faa2a3087dceced74caf26a,73,10002a31320e099689975a3d80b1522bd9fc2150,2018-11-27 19:42:36,1,user1,1543365756
5faa2a3087dceced74caf26b,0,55c42c7bcaea31d851ba4568e6e9d187e426bb2a,2018-11-27 20:02:35,6503,user1,1543366955
5faa2a3087dceced74caf26c,0,55c42c7bcaea31d851ba4568e6e9d187e426bb2a,2018-11-27 20:03:45,6503,user1,1543367025
5faa2a3087dceced74caf26d,0,55c42c7bcaea31d851ba4568e6e9d187e426bb2a,2018-11-27 20:04:21,6503,user1,1543367061
5faa2a30eaa6004a3727190c,112,55c42c7bcaea31d851ba4568e6e9d187e426bb2a,2018-11-28 13:56:15,1,user1,1543431375
5faa2a30eaa6004a3727190d,65,55c42c7bcaea31d851ba4568e6e9d187e426bb2a,2018-11-28 14:40:16,2,user1,1543434016
5faa2a30e0a6d937b55dcc4e,0,55c42c7bcaea31d851ba4568e6e9d187e426bb2a,2018-11-28 16:47:07,6503,user1,1543441627
5faa2a300322d4fb5f07c084,20,55c42c7bcaea31d851ba4568e6e9d187e426bb2a,2018-11-28 19:24:02,2,user1,1543451042
5faa2a3ca28f5538b3fb930e,134,55c42c7bcaea31d851ba4568e6e9d187e426bb2a,2018-11-29 13:24:08,1,user1,1543515848
5faa2a3cfe10c057ec6d62bd,118,55c42c7bcaea31d851ba4568e6e9d187e426bb2a,2018-11-29 16:34:49,1,user1,1543527289
5faa2a3c947cbf0bb1bdbe4d,4,fbc7d4140196eb71c978d04bb5fddcf502826278,2018-11-30 09:19:24,2,user1,1543587564
5faa2a3c947cbf0bb1bdbe4e,4,55c42c7bcaea31d851ba4568e6e9d187e426bb2a,2018-11-30 09:34:46,2,user1,1543588486
5faa2a3c947cbf0bb1bdbe4f,76,10002a31320e099689975a3d80b1522bd9fc2150,2018-11-30 09:39:38,1,user1,1543588778
5faa2a3c947cbf0bb1bdbe50,370,55c42c7bcaea31d851ba4568e6e9d187e426bb2a,2018-11-30 09:46:37,1,user1,1543589197
5faa2a490302c99d497efc1e,8,55c42c7bcaea31d851ba4568e6e9d187e426bb2a,2018-12-02 22:02:56,2,user1,1543806176
5faa2a49c9f2679e6dd4c0d7,0,55c42c7bcaea31d851ba4568e6e9d187e426bb2a,2018-12-03 13:59:04,6503,user1,1543863544
5faa2a49c9f2679e6dd4c0d8,33,55c42c7bcaea31d851ba4568e6e9d187e426bb2a,2018-12-03 14:39:34,2,user1,1543865974
5faa2a49c9f2679e6dd4c0d9,0,55c42c7bcaea31d851ba4568e6e9d187e426bb2a,2018-12-03 14:50:18,6503,user1,1543866618
5faa2a49c9f2679e6dd4c0da,0,55c42c7bcaea31d851ba4568e6e9d187e426bb2a,2018-12-03 14:50:28,6503,user1,1543866628
5faa2a49c9f2679e6dd4c0db,92,55c42c7bcaea31d851ba4568e6e9d187e426bb2a,2018-12-03 14:51:09,2,user1,1543866669
5faa2a49d69feebd9da5118d,417,55c42c7bcaea31d851ba4568e6e9d187e426bb2a,2018-12-03 16:35:39,1,user1,1543872939
5faa2a55f832c2adf36dffbc,82,b18763b8356388a049663daf98bd5a11871da7f9,2018-12-04 15:08:04,2,user1,1543954084
5faa2a552b603f10bb413217,223,55c42c7bcaea31d851ba4568e6e9d187e426bb2a,2018-12-04 21:09:58,1,user1,1543975798
5faa2a55d18e464005289ec4,809,55c42c7bcaea31d851ba4568e6e9d187e426bb2a,2018-12-05 12:23:06,2,user1,1544030586
5faa2a558d8b094d96137f3b,588,55c42c7bcaea31d851ba4568e6e9d187e426bb2a,2018-12-06 13:20:25,2,user1,1544120425
5faa2a619da4b636d715f741,55,55c42c7bcaea31d851ba4568e6e9d187e426bb2a,2018-12-07 12:24:51,1,user1,1544203491
5faa2a619da4b636d715f742,70,55c42c7bcaea31d851ba4568e6e9d187e426bb2a,2018-12-07 12:55:52,2,user1,1544205352
5fb4cd8a3769968abba835d0,331,55c42c7bcaea31d851ba4568e6e9d187e426bb2a,2018-12-07 12:56:34,1,user1,1544205394
5faa2a6193c2465efd7c05ae,0,e01099d28985857d305142b925d23ce241462edf,2018-12-07 17:31:13,6503,user1,1544221873
5faa2a6198be1c770f417893,342,55c42c7bcaea31d851ba4568e6e9d187e426bb2a,2018-12-08 16:42:28,2,user1,1544305348
5faa2a6dd13067b6130df796,202,10002a31320e099689975a3d80b1522bd9fc2150,2018-12-09 12:44:31,1,user1,1544377471
5faa2a6d236c09a51be68992,246,55c42c7bcaea31d851ba4568e6e9d187e426bb2a,2018-12-10 11:46:47,2,user1,1544460407
5faa2a6de03f87d431f6c27c,0,c8c24b9e653bf9ddad34447926746eb8a8aec197,2018-12-10 17:00:37,6503,user1,1544479237
5faa2a6d45779cdb290d3ff1,32,55c42c7bcaea31d851ba4568e6e9d187e426bb2a,2018-12-11 10:41:18,2,user1,1544542878
5faa2a6d2a560322cb4c7a56,107,10002a31320e099689975a3d80b1522bd9fc2150,2018-12-11 12:45:50,1,user1,1544550350
5faa2a78ed53e708c6d4965e,0,f9f1b254c83507b9af4a3e22239d8478b5b53e13,2018-12-12 13:24:48,6503,user1,1544639088
5faa2a78ed53e708c6d4965f,72,f9f1b254c83507b9af4a3e22239d8478b5b53e13,2018-12-12 13:25:34,2,user1,1544639134
5faa2a78ed53e708c6d49660,0,55c42c7bcaea31d851ba4568e6e9d187e426bb2a,2018-12-12 13:33:58,6503,user1,1544639638
5faa2a78ed53e708c6d49661,2,f9f1b254c83507b9af4a3e22239d8478b5b53e13,2018-12-12 14:09:14,2,user1,1544641754
5faa2a78ed53e708c6d49662,0,6009f6a96fadbde79872e3f9c8a41b38bed96bef,2018-12-12 14:44:33,6503,user1,1544643873
5faa2a787717c5c3bdecd87e,263,55c42c7bcaea31d851ba4568e6e9d187e426bb2a,2018-12-12 16:04:14,2,user1,1544648654
5faa2a787717c5c3bdecd87f,20,8e19dd0e86ebfa151a467b12a5af36bdac81cee4,2018-12-12 16:42:41,2,user1,1544650961
5faa2a787717c5c3bdecd880,0,55c42c7bcaea31d851ba4568e6e9d187e426bb2a,2018-12-12 16:52:36,6503,user1,1544651556
5faa2a784cd8375d0d8c19b3,5,55c42c7bcaea31d851ba4568e6e9d187e426bb2a,2018-12-12 17:20:06,2,user1,1544653206
5faa2a78fedcaeebc7127183,0,10002a31320e099689975a3d80b1522bd9fc2150,2018-12-14 09:44:56,6503,user1,1544798696
5faa2a78fedcaeebc7127184,24,10002a31320e099689975a3d80b1522bd9fc2150,2018-12-14 09:54:05,2,user1,1544799245
5faa2a78fedcaeebc7127185,0,1d03752e98bf2ae63ddcf014ff9bc4b024bf8b12,2018-12-14 10:45:47,6503,user1,1544802347
5faa2a78b6d349014f988149,170,55c42c7bcaea31d851ba4568e6e9d187e426bb2a,2018-12-14 14:31:06,1,user1,1544815866
5faa2a78875bf872c49de985,50,e7524d9616098d03c4d1b09ade246c3ce41f564b,2018-12-14 18:04:02,2,user1,1544828642
5faa2a78875bf872c49de986,125,e7524d9616098d03c4d1b09ade246c3ce41f564b,2018-12-14 18:05:06,2,user1,1544828706
5faa2a78875bf872c49de987,69,e7524d9616098d03c4d1b09ade246c3ce41f564b,2018-12-14 18:08:51,2,user1,1544828931
5faa2a843595e37c7448e892,54,55c42c7bcaea31d851ba4568e6e9d187e426bb2a,2018-12-14 20:09:44,1,user1,1544836184
5faa2a847f0b0aaf96c0b664,0,55c42c7bcaea31d851ba4568e6e9d187e426bb2a,2018-12-15 17:08:09,3,user1,1544911689
5fb4cd8a3769968abba835b6,1641,4bd8f3526cd8b59271900446abe0956b18d707c0,2018-12-15 20:59:19,2,user1,1544925559
5faa2a844f490ae86d97c0d8,45,55c42c7bcaea31d851ba4568e6e9d187e426bb2a,2018-12-16 14:33:48,2,user1,1544988828
5faa2a8de8af9722d45c0bfc,33,55c42c7bcaea31d851ba4568e6e9d187e426bb2a,2018-12-17 14:14:56,2,user1,1545074096
5faa2a8de8af9722d45c0bfd,39,8e19dd0e86ebfa151a467b12a5af36bdac81cee4,2018-12-17 14:55:20,2,user1,1545076520
5faa2a8eaafbd1b899aabdeb,14,8e19dd0e86ebfa151a467b12a5af36bdac81cee4,2018-12-17 15:07:38,2,user1,1545077258
5faa2a8eaafbd1b899aabdec,97,55c42c7bcaea31d851ba4568e6e9d187e426bb2a,2018-12-17 15:54:02,1,user1,1545080042
5faa2a8f29f789b98b32824d,4,55c42c7bcaea31d851ba4568e6e9d187e426bb2a,2018-12-17 17:17:30,2,user1,1545085050
5faa2a8fce4cf273417b55fc,448,55c42c7bcaea31d851ba4568e6e9d187e426bb2a,2018-12-18 15:38:47,2,user1,1545165527
5faa2a8f838baa1d8f23b7fe,0,8e19dd0e86ebfa151a467b12a5af36bdac81cee4,2018-12-18 17:32:40,2,user1,1545172360
5faa2a8f838baa1d8f23b7ff,10,8e19dd0e86ebfa151a467b12a5af36bdac81cee4,2018-12-18 17:32:47,2,user1,1545172367
5faa2a8fad123ef5ad1544ae,0,55c42c7bcaea31d851ba4568e6e9d187e426bb2a,2018-12-18 18:53:11,6503,user1,1545177191
5faa2a8fad123ef5ad1544af,54,55c42c7bcaea31d851ba4568e6e9d187e426bb2a,2018-12-18 18:53:53,1,user1,1545177233
5faa2a8f7adc7895df64bd74,112,55c42c7bcaea31d851ba4568e6e9d187e426bb2a,2018-12-19 10:26:26,2,user1,1545233186
5fb4cd8a3769968abba835a9,669,55c42c7bcaea31d851ba4568e6e9d187e426bb2a,2018-12-19 11:57:27,2,user1,1545238647
5faa2a8f25cf5f669aee858b,300,55c42c7bcaea31d851ba4568e6e9d187e426bb2a,2018-12-19 12:43:11,2,user1,1545241391
5faa2a8fef989bf3fe3f7f28,0,55c42c7bcaea31d851ba4568e6e9d187e426bb2a,2018-12-19 17:13:14,6503,user1,1545257594
5faa2a8fef989bf3fe3f7f29,6,55c42c7bcaea31d851ba4568e6e9d187e426bb2a,2018-12-19 17:28:29,2,user1,1545258509
5faa2a8f165221d3c6f0e127,29,55c42c7bcaea31d851ba4568e6e9d187e426bb2a,2018-12-20 08:15:29,1,user1,1545311729
5faa2a9b56f509979f265a41,146,55c42c7bcaea31d851ba4568e6e9d187e426bb2a,2018-12-20 11:42:32,2,user1,1545324152
5faa2a9bd1da1e08e3969f38,48,10002a31320e099689975a3d80b1522bd9fc2150,2018-12-21 09:31:10,1,user1,1545402670
5faa2a9b14a5c6a1cbf88ef6,0,4671ffbdd7a25b627a96191ca649b99e917dc35,2018-12-21 17:03:08,2,user1,1545429788
5faa2a9bea93e92a15ff09fb,90,55c42c7bcaea31d851ba4568e6e9d187e426bb2a,2018-12-21 20:41:50,2,user1,1545442910
5faa2a9b0ba9be3db4c78574,0,55c42c7bcaea31d851ba4568e6e9d187e426bb2a,2018-12-22 17:25:46,6503,user1,1545517546
5faa2a9b0ba9be3db4c78575,18,55c42c7bcaea31d851ba4568e6e9d187e426bb2a,2018-12-22 17:26:12,2,user1,1545517572
5faa2aa8fdcf3ec4f3325d72,57,55c42c7bcaea31d851ba4568e6e9d187e426bb2a,2018-12-23 09:17:47,1,user1,1545574667
5faa2aa8fdcf3ec4f3325d73,7,10002a31320e099689975a3d80b1522bd9fc2150,2018-12-23 09:27:59,1,user1,1545575279
5faa2aa638784d60e0e4f096,32,55c42c7bcaea31d851ba4568e6e9d187e426bb2a,2018-12-23 10:20:38,1,user1,1545578438
5faa2aa8677d36dec6fec418,135,55c42c7bcaea31d851ba4568e6e9d187e426bb2a,2018-12-24 13:06:03,1,user1,1545674763
5fabfd780ca73209a10d8041,132,55c42c7bcaea31d851ba4568e6e9d187e426bb2a,2018-12-27 12:11:35,1,user1,1545930695
5fabfd773adcb783e8ab01d6,75,1ea1a7062ba95dd2adb6bfeae40e4e69b761d8a,2018-12-27 13:28:40,1,user1,1545935320
5fabfd773adcb783e8ab01d7,87,55c42c7bcaea31d851ba4568e6e9d187e426bb2a,2018-12-27 14:17:06,1,user1,1545938226
5fabfd78219135e0c4b275c1,6,55c42c7bcaea31d851ba4568e6e9d187e426bb2a,2018-12-28 12:16:10,2,user1,1546017370
5fabfd78219135e0c4b275c2,212,55c42c7bcaea31d851ba4568e6e9d187e426bb2a,2018-12-28 12:29:38,1,user1,1546018178
5fabfd77700c1099cdbe05db,73,55c42c7bcaea31d851ba4568e6e9d187e426bb2a,2018-12-28 13:45:09,1,user1,1546022709
5fabfd7726ddcb0f4634933c,16,4671ffbdd7a25b627a96191ca649b99e917dc35,2018-12-28 20:43:01,1,user1,1546047781
5fabfd7726ddcb0f4634933d,22,4671ffbdd7a25b627a96191ca649b99e917dc35,2018-12-28 21:04:39,2,user1,1546049079
5fabfd7726ddcb0f4634933e,186,55c42c7bcaea31d851ba4568e6e9d187e426bb2a,2018-12-28 21:28:27,2,user1,1546050507
5fabfd83d15db5da24a16e56,159,55c42c7bcaea31d851ba4568e6e9d187e426bb2a,2018-12-29 13:35:28,2,user1,1546108528
5fabfd81791880269467ff0d,0,55c42c7bcaea31d851ba4568e6e9d187e426bb2a,2018-12-29 15:50:04,6503,user1,1546116604
5fabfd81791880269467ff0e,0,55c42c7bcaea31d851ba4568e6e9d187e426bb2a,2018-12-29 16:05:57,6503,user1,1546117557
5fabfd826db0fa090fb8cfd8,62,10002a31320e099689975a3d80b1522bd9fc2150,2018-12-29 18:43:43,1,user1,1546127023
5fabfd82eacb1802575d9776,55,55c42c7bcaea31d851ba4568e6e9d187e426bb2a,2018-12-30 09:36:22,2,user1,1546180582
5fabfd821ebd900935a10d0c,63,55c42c7bcaea31d851ba4568e6e9d187e426bb2a,2018-12-30 09:48:02,1,user1,1546181282
5fabfd821ebd900935a10d0d,33,55c42c7bcaea31d851ba4568e6e9d187e426bb2a,2018-12-30 09:49:56,1,user1,1546181396
5fabfd821ebd900935a10d0e,45,55c42c7bcaea31d851ba4568e6e9d187e426bb2a,2018-12-30 10:55:41,1,user1,1546185341
5fabfd821ebd900935a10d0f,0,62c67a60016135d1fb49586b9e2e67e73ef9255e,2018-12-30 11:37:10,3,user1,1546187830
5fabfd837373350ba4d810a3,13,55c42c7bcaea31d851ba4568e6e9d187e426bb2a,2018-12-30 12:11:52,2,user1,1546189912
5fabfd83f76c6b83ca4428b0,132,10002a31320e099689975a3d80b1522bd9fc2150,2018-12-31 12:28:49,1,user1,1546277329
5fabfd83f76c6b83ca4428b1,62,55c42c7bcaea31d851ba4568e6e9d187e426bb2a,2018-12-31 12:35:02,1,user1,1546277702
5fabfd8fbcb1ab3a9e21fda4,0,3ea119d62ee7c7322e37127edff76b86f20aa870,2019-01-01 01:15:55,6503,user1,1546323355
5fb4cd8a3769968abba83584,1724,3ea119d62ee7c7322e37127edff76b86f20aa870,2019-01-01 02:29:25,2,user1,1546327765
5fabfd8f676929dbace29927,43,f22f197fe2fcfb242af05d29696e1722368239c3,2019-01-02 12:31:11,2,user1,1546450271
5fabfd8f676929dbace29928,137,f22f197fe2fcfb242af05d29696e1722368239c3,2019-01-02 12:40:07,2,user1,1546450807
5fabfd9c1c61a984b88f29ef,58,10002a31320e099689975a3d80b1522bd9fc2150,2019-01-03 08:12:21,1,user1,1546521141
5fabfd9c1c61a984b88f29f0,880,55c42c7bcaea31d851ba4568e6e9d187e426bb2a,2019-01-03 08:36:00,2,user1,1546522560
5fabfd9c589a7c824685754d,5,a7baf487418a7ad0209456e8d3c536fbb9251df6,2019-01-03 09:53:56,1,user1,1546527236
5fabfd9c55ae1e90a2c7b989,67,adc899d65e17fa3f121d8378194ed7b72086218f,2019-01-03 14:58:57,2,user1,1546545537
5fabfd9c78a3cef082161ec8,790,55c42c7bcaea31d851ba4568e6e9d187e426bb2a,2019-01-03 19:35:45,2,user1,1546562145
5fabfd9bc24ed20f13003acd,0,dc671da27a4958205c61514ece426405b706a770,2019-01-03 23:02:59,2,user1,1546574579
5fabfd9c59115a33eadef85e,26,dc671da27a4958205c61514ece426405b706a770,2019-01-04 11:17:49,1,user1,1546618669
5fabfd9c4f5a643d6630bbc9,369,55c42c7bcaea31d851ba4568e6e9d187e426bb2a,2019-01-04 14:34:52,2,user1,1546630492
5fabfd9bcd7bae8d2435fc58,49,4bd8f3526cd8b59271900446abe0956b18d707c0,2019-01-05 11:48:31,2,user1,1546706911
5fabfda880f3c65cf89840a4,0,4bd8f3526cd8b59271900446abe0956b18d707c0,2019-01-05 14:46:37,6503,user1,1546717597
5fabfda7b5e286d3916aa494,54,dc671da27a4958205c61514ece426405b706a770,2019-01-05 21:46:43,1,user1,1546742803
5fabfda854c0e75711e7dcd8,3,3ea119d62ee7c7322e37127edff76b86f20aa870,2019-01-06 01:15:28,2,user1,1546755328
5fabfda854c0e75711e7dcd9,2,3ea119d62ee7c7322e37127edff76b86f20aa870,2019-01-06 01:16:22,2,user1,1546755382
5fabfda854c0e75711e7dcda,77,3ea119d62ee7c7322e37127edff76b86f20aa870,2019-01-06 01:44:45,2,user1,1546757085
5fabfda854c0e75711e7dcdb,103,dc671da27a4958205c61514ece426405b706a770,2019-01-06 01:57:53,2,user1,1546757873
5fabfda854c0e75711e7dcdd,7,dc671da27a4958205c61514ece426405b706a770,2019-01-06 01:59:44,2,user1,1546757984
5fabfda854c0e75711e7dcdc,0,f9f1b254c83507b9af4a3e22239d8478b5b53e13,2019-01-06 01:59:54,2,user1,1546757994
5fabfda854c0e75711e7dcde,15,dc671da27a4958205c61514ece426405b706a770,2019-01-06 02:00:06,1,user1,1546758006
5fabfda854c0e75711e7dcdf,238,4671ffbdd7a25b627a96191ca649b99e917dc35,2019-01-06 02:01:06,2,user1,1546758066
5fabfda854c0e75711e7dce0,51,4671ffbdd7a25b627a96191ca649b99e917dc35,2019-01-06 02:13:08,2,user1,1546758788
5fabfda854c0e75711e7dce1,91,1c2dda74d292d0bb4378c158063769c5b04ce53,2019-01-06 02:17:15,2,user1,1546759035
5fabfda854c0e75711e7dce2,0,f22f197fe2fcfb242af05d29696e1722368239c3,2019-01-06 02:19:14,2,user1,1546759154
5fabfda854c0e75711e7dce3,208,dc671da27a4958205c61514ece426405b706a770,2019-01-06 02:19:58,2,user1,1546759198
5fabfda854c0e75711e7dce4,4,fbc7d4140196eb71c978d04bb5fddcf502826278,2019-01-06 02:30:52,2,user1,1546759852
5fabfda854c0e75711e7dce5,0,fbc7d4140196eb71c978d04bb5fddcf502826278,2019-01-06 02:33:42,2,user1,1546760022
5fabfda79341eccfd0dd44c4,33,adc899d65e17fa3f121d8378194ed7b72086218f,2019-01-07 07:00:04,2,user1,1546862404
5fabfda7e33e739ed2c2a989,646,55c42c7bcaea31d851ba4568e6e9d187e426bb2a,2019-01-07 15:21:33,2,user1,1546892493
5fabfdb3161b8c93b1b5f917,3,61aeb36fd05903276d01dbdbc24f1c7b8121539e,2019-01-09 10:00:58,1,user1,1547046058
5fabfdb43e133b4eb3760eba,4,55c42c7bcaea31d851ba4568e6e9d187e426bb2a,2019-01-09 14:01:25,2,user1,1547060485
5fabfdb43e133b4eb3760ebb,0,55c42c7bcaea31d851ba4568e6e9d187e426bb2a,2019-01-09 14:10:37,6503,user1,1547061037
5fb4cd8a3769968abba83563,429,55c42c7bcaea31d851ba4568e6e9d187e426bb2a,2019-01-09 21:14:00,2,user1,1547086440
5fabfdb44f9776d646d6cc98,1555,3ea119d62ee7c7322e37127edff76b86f20aa870,2019-01-09 21:23:16,2,user1,1547086996
5fabfdb4635b145db25fbea4,15,bcac2f48134cd87bd6fb8b33bcf9628277638d61,2019-01-10 12:05:21,1,user1,1547139921
5fb4cd8a3769968abba83560,1060,55c42c7bcaea31d851ba4568e6e9d187e426bb2a,2019-01-11 18:14:33,2,user1,1547248473
5fabfdcce3357936f4e5c349,0,7eba6b2a74a1d203b402106dd9aff21139ab2a7a,2019-01-15 07:07:05,6503,user1,1547554025
5fabfdcc5213ba459305cb04,0,970d6892e0dd4acca7d5e42615c88b48295f31b0,2019-01-15 12:42:43,6503,user1,1547574163
5fabfdd946bfa576cdd4362c,0,d0f6fa8a8c03d0c85f8a5f0b4aa662c98908c43,2019-01-15 15:22:39,6503,user1,1547583759
5fabfdd816cf3821f5efa124,1475,55c42c7bcaea31d851ba4568e6e9d187e426bb2a,2019-01-15 19:05:30,2,user1,1547597130
5fabfdd90e59af066aaea3a6,126,e7524d9616098d03c4d1b09ade246c3ce41f564b,2019-01-16 16:59:12,2,user1,1547675952
5fabfde590d618b79423d59e,0,7eba6b2a74a1d203b402106dd9aff21139ab2a7a,2019-01-18 05:38:08,6503,user1,1547807888
5fabfde4068b12cf1697d0eb,0,e01099d28985857d305142b925d23ce241462edf,2019-01-18 11:46:12,6503,user1,1547829972
5fb4cd8a3769968abba83558,1178,55c42c7bcaea31d851ba4568e6e9d187e426bb2a,2019-01-18 16:32:43,2,user1,1547847163
5fabfdf1633d8a839d42c6b2,0,e01099d28985857d305142b925d23ce241462edf,2019-01-20 09:36:10,6503,user1,1547994970
5fb4cd8a3769968abba83556,0,e01099d28985857d305142b925d23ce241462edf,2019-01-20 09:36:49,3,user1,1547995009
5fabfdf18b3a5406887d39d9,1872,55c42c7bcaea31d851ba4568e6e9d187e426bb2a,2019-01-20 12:37:41,2,user1,1548005861
5fabfdefbcea895af3880325,17,55c42c7bcaea31d851ba4568e6e9d187e426bb2a,2019-01-21 13:08:56,2,user1,1548094136
5fabfdefbcea895af3880326,53,55c42c7bcaea31d851ba4568e6e9d187e426bb2a,2019-01-21 13:09:25,1,user1,1548094165
5fabfdefbcea895af3880327,53,55c42c7bcaea31d851ba4568e6e9d187e426bb2a,2019-01-21 13:12:04,1,user1,1548094324
5fabfdfd0cea142a31a41325,0,9c03c2191143c29baac98d8e979bb6a35908e7f9,2019-01-23 09:55:50,6503,user1,1548255350
5fabfdfd0cea142a31a41326,0,9c03c2191143c29baac98d8e979bb6a35908e7f9,2019-01-23 09:55:52,6503,user1,1548255352
5fabfdfd1dede8f2530ca820,0,a121040c7929c41b88434f76eba6e6da04c8ce64,2019-01-23 12:29:22,6503,user1,1548264562
5fabfdfc2023e0a51e167dd6,502,55c42c7bcaea31d851ba4568e6e9d187e426bb2a,2019-01-24 21:28:20,2,user1,1548383300
5fabfe09d71fc3fef165b592,4,dc671da27a4958205c61514ece426405b706a770,2019-01-25 23:43:06,2,user1,1548477786
5fabfe09d71fc3fef165b593,0,1c2dda74d292d0bb4378c158063769c5b04ce53,2019-01-26 00:13:39,2,user1,1548479619
5fabfe09d71fc3fef165b594,8,1c2dda74d292d0bb4378c158063769c5b04ce53,2019-01-26 00:32:17,2,user1,1548480737
5fabfe09d71fc3fef165b595,126,1c2dda74d292d0bb4378c158063769c5b04ce53,2019-01-26 00:46:32,2,user1,1548481592
5fabfe09d71fc3fef165b596,4,dc671da27a4958205c61514ece426405b706a770,2019-01-26 00:54:43,2,user1,1548482083
5fabfe09d71fc3fef165b597,19,dc671da27a4958205c61514ece426405b706a770,2019-01-26 00:56:20,1,user1,1548482180
5fabfe0860dcf23a27f5f378,9,4671ffbdd7a25b627a96191ca649b99e917dc35,2019-01-26 01:52:36,2,user1,1548485556
5fb4cd8a3769968abba83547,1119,55c42c7bcaea31d851ba4568e6e9d187e426bb2a,2019-01-26 12:28:27,2,user1,1548523707
5fabfe087fca69a6f34c6b7d,294,55c42c7bcaea31d851ba4568e6e9d187e426bb2a,2019-01-27 12:09:17,2,user1,1548608957
5fabfe125958fb1830591a60,155,e7524d9616098d03c4d1b09ade246c3ce41f564b,2019-01-27 23:19:23,2,user1,1548649163
5fabfe149a4efb68d1f4bf05,131,e7524d9616098d03c4d1b09ade246c3ce41f564b,2019-01-29 17:01:43,2,user1,1548799303
5fabfe1f435bf7b7236ce4bf,0,bc397dcd0778e9e9a410e148374e1fae48d35059,2019-02-01 12:38:21,2,user1,1549042701
5fb4cd8a3769968abba83542,1313,55c42c7bcaea31d851ba4568e6e9d187e426bb2a,2019-02-01 22:33:13,2,user1,1549078393
5fabfe2aaf6157ab01983b9e,2,adc899d65e17fa3f121d8378194ed7b72086218f,2019-02-04 06:04:14,2,user1,1549278254
5fabfe2aaf6157ab01983b9f,0,adc899d65e17fa3f121d8378194ed7b72086218f,2019-02-04 06:10:14,2,user1,1549278614
5fabfe2a916381df653c9f25,5,55c42c7bcaea31d851ba4568e6e9d187e426bb2a,2019-02-04 15:00:05,2,user1,1549310405
5fabfe2a916381df653c9f26,5,55c42c7bcaea31d851ba4568e6e9d187e426bb2a,2019-02-04 15:04:55,2,user1,1549310695
5fabfe2a916381df653c9f27,797,55c42c7bcaea31d851ba4568e6e9d187e426bb2a,2019-02-04 15:06:41,1,user1,1549310801
5fabfe35450e2cfaa77da3b7,0,337ae2c0011c12aa32f267ed60aa950c9e475850,2019-02-05 07:52:01,6574,user1,1549371121
5fabfe35450e2cfaa77da3b8,0,337ae2c0011c12aa32f267ed60aa950c9e475850,2019-02-05 08:28:29,6574,user1,1549373309
5fabfe359dc9b543371ff3ba,0,337ae2c0011c12aa32f267ed60aa950c9e475850,2019-02-05 14:34:08,6574,user1,1549395248
5fabfe359dc9b543371ff3bb,0,337ae2c0011c12aa32f267ed60aa950c9e475850,2019-02-05 15:05:55,6574,user1,1549397155
5fb4cd8a3769968abba8353c,2692,f9f1b254c83507b9af4a3e22239d8478b5b53e13,2019-02-06 15:15:09,1,user1,1549484109
5fb4cd8a3769968abba8353b,536,55c42c7bcaea31d851ba4568e6e9d187e426bb2a,2019-02-08 12:38:52,2,user1,1549647532
5fabfe4188c17e4c61761d23,527,55c42c7bcaea31d851ba4568e6e9d187e426bb2a,2019-02-08 21:26:07,2,user1,1549679167
5fb4cd8a3769968abba83539,3093,4671ffbdd7a25b627a96191ca649b99e917dc35,2019-02-09 01:28:56,2,user1,1549693736
5fabfe41ac1a9f92f1aa6347,24,1c680e923f3e6075ce55680041edb0ee4294f85e,2019-02-09 16:17:16,1,user1,1549747036
5fabfe41ac1a9f92f1aa6348,2,1c680e923f3e6075ce55680041edb0ee4294f85e,2019-02-09 16:18:47,2,user1,1549747127
5fabfe41ac1a9f92f1aa6349,43,1c680e923f3e6075ce55680041edb0ee4294f85e,2019-02-09 16:19:26,1,user1,1549747166
5fabfe4e6fc0b66b03c0287a,13,55c42c7bcaea31d851ba4568e6e9d187e426bb2a,2019-02-11 14:57:15,2,user1,1549915035
5fabfe4e6fc0b66b03c0287b,9,55c42c7bcaea31d851ba4568e6e9d187e426bb2a,2019-02-11 14:57:41,2,user1,1549915061
5fabfe4e6fc0b66b03c0287c,1192,55c42c7bcaea31d851ba4568e6e9d187e426bb2a,2019-02-11 14:58:03,1,user1,1549915083
5fabfe4e6fc0b66b03c0287d,11,55c42c7bcaea31d851ba4568e6e9d187e426bb2a,2019-02-11 15:35:44,2,user1,1549917344
5fabfe4e6fc0b66b03c0287e,108,55c42c7bcaea31d851ba4568e6e9d187e426bb2a,2019-02-11 15:36:23,1,user1,1549917383
5fabfe4e365e09cd0f86dc9c,0,88d852bd2a44e946fc1e2d8c8cdd2eee22187fc5,2019-02-11 19:59:53,6503,user1,1549933193
5fabfe5b2c48dd80108c76a9,1201,55c42c7bcaea31d851ba4568e6e9d187e426bb2a,2019-02-12 15:24:00,2,user1,1550003040
5fabfe5b19b9c1c1a98109fb,401,55c42c7bcaea31d851ba4568e6e9d187e426bb2a,2019-02-14 12:24:06,2,user1,1550165046
5fabfe66e0a5583d26daaad9,238,55c42c7bcaea31d851ba4568e6e9d187e426bb2a,2019-02-14 21:00:18,2,user1,1550196018
5fabfe66984cf43fc8a12c47,263,b18763b8356388a049663daf98bd5a11871da7f9,2019-02-15 14:30:04,2,user1,1550259004
5fabfe672c80657b2d777116,0,7cdabff3a74eaa106c9f059e733d1b3f667d60cd,2019-02-16 01:31:13,6503,user1,1550298673
5fabfe673541efaa0c5cf82e,0,7cdabff3a74eaa106c9f059e733d1b3f667d60cd,2019-02-16 02:07:23,6503,user1,1550300843
5fabfe673541efaa0c5cf82f,60,b18763b8356388a049663daf98bd5a11871da7f9,2019-02-16 02:13:25,1,user1,1550301205
5fabfe74dc2d21d715857a20,811,55c42c7bcaea31d851ba4568e6e9d187e426bb2a,2019-02-17 13:55:37,2,user1,1550429737
5fabfe7fb2f9e71b09f9d569,986,55c42c7bcaea31d851ba4568e6e9d187e426bb2a,2019-02-20 15:30:27,2,user1,1550694627
5fabfe8d1e987e4e0d2fcc44,7,d148ee27a173598d1480afd36f844ae415b85bc7,2019-02-22 18:14:30,2,user1,1550877270
5fabfe8ce2c74132488bfbc6,85,dc671da27a4958205c61514ece426405b706a770,2019-02-22 22:44:25,2,user1,1550893465
5fabfe99441035005716cc96,0,38de29f6d79d9e81200afd1a6333ef2eef8d77cf,2019-02-25 10:38:39,3,user1,1551109119
5fabfe990f0af69c4a1083da,0,b18763b8356388a049663daf98bd5a11871da7f9,2019-02-25 23:32:09,2,user1,1551155529
5fabfe9965a623c72c1f1b09,6,63dcc013043f996028c5e1e5a01e19dc57ce43,2019-02-26 11:20:00,1,user1,1551198000
5fabfea5e9f4499d3e0cfa98,0,adc899d65e17fa3f121d8378194ed7b72086218f,2019-02-27 06:30:32,2,user1,1551267032
5fabfea50f715cf80069b38e,1216,55c42c7bcaea31d851ba4568e6e9d187e426bb2a,2019-02-27 20:13:40,2,user1,1551316420
5fabfeb0e89ed2aad326ad4c,0,6191c291631963ba75f395cc358201e25fe577c7,2019-03-01 16:18:58,3,user1,1551475138
5fabfeb03f57cbd942b0c47b,0,b5f0f637b63bf37f3fa55c3c95225430babb762d,2019-03-02 10:38:44,3,user1,1551541124
5fabfeb08a4826ac5e918402,3,dc671da27a4958205c61514ece426405b706a770,2019-03-02 21:51:17,2,user1,1551581477
5fabfeb08a4826ac5e918403,3,dc671da27a4958205c61514ece426405b706a770,2019-03-02 21:58:58,2,user1,1551581938
5fabfeb08a4826ac5e918404,0,dc671da27a4958205c61514ece426405b706a770,2019-03-02 22:21:52,3,user1,1551583312
5fabfeb08a4826ac5e918405,50,dc671da27a4958205c61514ece426405b706a770,2019-03-02 22:22:29,2,user1,1551583349
5fabfeb09a5dd486cb42c4e1,388,55c42c7bcaea31d851ba4568e6e9d187e426bb2a,2019-03-03 23:07:27,2,user1,1551672447
5fabfeb09a5dd486cb42c4e2,188,55c42c7bcaea31d851ba4568e6e9d187e426bb2a,2019-03-03 23:14:39,1,user1,1551672879
5fabfebaf51733b2d61004e7,0,6073973e0812e1ff5a11323130cc6bf1a52c5be1,2019-03-04 14:58:40,3,user1,1551729520
5fabfec7d331d7de879722e4,569,55c42c7bcaea31d851ba4568e6e9d187e426bb2a,2019-03-06 15:41:16,2,user1,1551904876
5fabfec7d331d7de879722e6,192,55c42c7bcaea31d851ba4568e6e9d187e426bb2a,2019-03-06 15:51:07,1,user1,1551905467
5fabfec7d331d7de879722e5,0,55c42c7bcaea31d851ba4568e6e9d187e426bb2a,2019-03-06 15:51:08,2,user1,1551905468
5fabfec841addac4f3d3020d,298,55c42c7bcaea31d851ba4568e6e9d187e426bb2a,2019-03-08 10:20:35,2,user1,1552058435
5fabfed4f2331ec7f3784853,61,b18763b8356388a049663daf98bd5a11871da7f9,2019-03-10 17:28:26,1,user1,1552253306
5fabfed4dd2b0e7cb31b17f2,559,55c42c7bcaea31d851ba4568e6e9d187e426bb2a,2019-03-10 20:01:06,2,user1,1552262466
5fabfedeb62f5752a537b584,108,55c42c7bcaea31d851ba4568e6e9d187e426bb2a,2019-03-12 11:17:10,2,user1,1552403830
5fabfedfc946f4c3ce00a184,39,10002a31320e099689975a3d80b1522bd9fc2150,2019-03-12 18:49:33,1,user1,1552430973
5fb4cd8a3769968abba8350e,193,55c42c7bcaea31d851ba4568e6e9d187e426bb2a,2019-03-13 12:58:32,2,user1,1552496312
5fabfeec674dd1aa9bdf2428,0,55c42c7bcaea31d851ba4568e6e9d187e426bb2a,2019-03-14 08:40:52,6503,user1,1552567252
5fabfeec674dd1aa9bdf2429,30,55c42c7bcaea31d851ba4568e6e9d187e426bb2a,2019-03-14 08:44:38,2,user1,1552567478
5fabfeeb90771779deaa1c6a,0,56b5a28e32f796ea3a35181b2ff0edf67130e645,2019-03-14 10:19:16,6503,user1,1552573156
5fabfeeb90771779deaa1c6b,0,56b5a28e32f796ea3a35181b2ff0edf67130e645,2019-03-14 10:19:22,6503,user1,1552573162
5fabfeec0633d20632679b1f,25,55c42c7bcaea31d851ba4568e6e9d187e426bb2a,2019-03-14 13:51:16,1,user1,1552585876
5fabfeec678ed1e90441a1f7,0,10002a31320e099689975a3d80b1522bd9fc2150,2019-03-15 10:04:57,6503,user1,1552658697
5fabfeec7b116e035863a055,34,55c42c7bcaea31d851ba4568e6e9d187e426bb2a,2019-03-15 13:32:20,1,user1,1552671140
5fabfeec620a2daef49384c8,46,10002a31320e099689975a3d80b1522bd9fc2150,2019-03-15 15:16:01,2,user1,1552677361
5fabfeec620a2daef49384c9,71,10002a31320e099689975a3d80b1522bd9fc2150,2019-03-15 16:04:13,1,user1,1552680253
5fabfeec620a2daef49384ca,0,10002a31320e099689975a3d80b1522bd9fc2150,2019-03-15 16:18:29,2,user1,1552681109
5fabfeec620a2daef49384cb,16,10002a31320e099689975a3d80b1522bd9fc2150,2019-03-15 16:21:18,2,user1,1552681278
5fabfeec17996074c2ca7523,0,1ea1a7062ba95dd2adb6bfeae40e4e69b761d8a,2019-03-16 13:05:21,6503,user1,1552755921
5fb4cd8a3769968abba83502,69,1ea1a7062ba95dd2adb6bfeae40e4e69b761d8a,2019-03-16 13:27:27,1,user1,1552757247
5fabfeecdf5d966a976fc335,17,1ea1a7062ba95dd2adb6bfeae40e4e69b761d8a,2019-03-16 14:03:52,1,user1,1552759432
5fabfeecdf5d966a976fc336,10,1ea1a7062ba95dd2adb6bfeae40e4e69b761d8a,2019-03-16 14:19:30,2,user1,1552760370
5fabfeecdf5d966a976fc337,0,55c42c7bcaea31d851ba4568e6e9d187e426bb2a,2019-03-16 15:27:09,6503,user1,1552764429
5fabfef953e10956312a58e3,0,10002a31320e099689975a3d80b1522bd9fc2150,2019-03-16 19:53:03,6503,user1,1552780383
5fabfef953e10956312a58e4,40,10002a31320e099689975a3d80b1522bd9fc2150,2019-03-16 20:08:57,2,user1,1552781337
5fabfef953e10956312a58e5,114,55c42c7bcaea31d851ba4568e6e9d187e426bb2a,2019-03-16 20:22:35,2,user1,1552782155
5fabfef8bd65eab2a6c7c6d9,79,55c42c7bcaea31d851ba4568e6e9d187e426bb2a,2019-03-17 11:32:30,1,user1,1552836750
5fabfef8ccfadc4f55725a03,147,55c42c7bcaea31d851ba4568e6e9d187e426bb2a,2019-03-18 12:36:57,2,user1,1552927017
5fabfef8ccfadc4f55725a04,0,ae596056e0e008d9f11d6f26dec8cdd557b0a8b2,2019-03-18 12:56:44,6503,user1,1552928204
5fabfef9d64249554342d847,25,55c42c7bcaea31d851ba4568e6e9d187e426bb2a,2019-03-18 18:28:21,1,user1,1552948101
5fabff052614526ccc8deb94,58,55c42c7bcaea31d851ba4568e6e9d187e426bb2a,2019-03-19 11:11:08,1,user1,1553008268
5fabff0580b779adba88c533,34,55c42c7bcaea31d851ba4568e6e9d187e426bb2a,2019-03-19 17:31:33,1,user1,1553031093
5fabff05f6cca9d6f8b6fab5,0,55c42c7bcaea31d851ba4568e6e9d187e426bb2a,2019-03-20 12:02:04,6503,user1,1553097724
5fabff05f6cca9d6f8b6fab6,3,55c42c7bcaea31d851ba4568e6e9d187e426bb2a,2019-03-20 12:02:46,2,user1,1553097766
5fabff05f6cca9d6f8b6fab7,0,55c42c7bcaea31d851ba4568e6e9d187e426bb2a,2019-03-20 12:07:43,6503,user1,1553098063
5fabff056dd9c818799a3418,0,55c42c7bcaea31d851ba4568e6e9d187e426bb2a,2019-03-20 14:26:11,6503,user1,1553106371
5fabff056dd9c818799a3419,283,55c42c7bcaea31d851ba4568e6e9d187e426bb2a,2019-03-20 14:27:52,2,user1,1553106472
5fabff0560e6567ac22076c4,0,293bfa2214f5f2a4b1d985f8b1cce68395049f1e,2019-03-20 17:10:27,6503,user1,1553116227
5fabff11c5d0c680e81562c6,285,55c42c7bcaea31d851ba4568e6e9d187e426bb2a,2019-03-21 12:19:30,1,user1,1553185170
5fabff11c5d0c680e81562c7,177,55c42c7bcaea31d851ba4568e6e9d187e426bb2a,2019-03-21 12:24:44,2,user1,1553185484
5fabff1108040243d9a0e151,56,55c42c7bcaea31d851ba4568e6e9d187e426bb2a,2019-03-21 15:23:43,1,user1,1553196223
5fabff111156e80c2df930f9,0,c1a64987fb0fd3c0daa4893af26bde174e28fa6e,2019-03-22 11:00:13,6503,user1,1553266813
5fabff111156e80c2df930fa,0,c1a64987fb0fd3c0daa4893af26bde174e28fa6e,2019-03-22 11:00:17,6503,user1,1553266817
5fabff11d3f5580e3b3d42a2,105,e7524d9616098d03c4d1b09ade246c3ce41f564b,2019-03-23 20:36:56,2,user1,1553387816
5fabff1e3adbcb458e29c037,49,55c42c7bcaea31d851ba4568e6e9d187e426bb2a,2019-03-24 10:17:16,1,user1,1553437036
5fabff1e7754b10d67e55eaa,38,55c42c7bcaea31d851ba4568e6e9d187e426bb2a,2019-03-24 13:14:12,1,user1,1553447652
5fabff1da593ffc29b4c28bb,583,55c42c7bcaea31d851ba4568e6e9d187e426bb2a,2019-03-24 21:00:45,2,user1,1553475645
5fabff1ef0a5c252a6f38c81,508,55c42c7bcaea31d851ba4568e6e9d187e426bb2a,2019-03-25 13:56:23,2,user1,1553536583
5fb4cd8a3769968abba834e6,210,55c42c7bcaea31d851ba4568e6e9d187e426bb2a,2019-03-25 14:29:21,2,user1,1553538561
5fabff1ef0a5c252a6f38c82,56,55c42c7bcaea31d851ba4568e6e9d187e426bb2a,2019-03-25 15:18:46,2,user1,1553541526
5fabff1ef0a5c252a6f38c83,0,55c42c7bcaea31d851ba4568e6e9d187e426bb2a,2019-03-25 15:29:32,6503,user1,1553542172
5fabff1e22c5d8d5d1b645e6,383,55c42c7bcaea31d851ba4568e6e9d187e426bb2a,2019-03-25 21:50:00,2,user1,1553565000
5fabff2aa867fadaebf9e3b4,0,55c42c7bcaea31d851ba4568e6e9d187e426bb2a,2019-03-26 13:44:08,6503,user1,1553622248
5fabff2aa867fadaebf9e3b5,29,55c42c7bcaea31d851ba4568e6e9d187e426bb2a,2019-03-26 14:02:18,1,user1,1553623338
5fabff2a1651c9b3b3734379,138,b18763b8356388a049663daf98bd5a11871da7f9,2019-03-26 20:53:14,2,user1,1553647994
5fb4cd8a3769968abba834df,1175,55c42c7bcaea31d851ba4568e6e9d187e426bb2a,2019-03-28 11:14:44,2,user1,1553786084
5fabff29ad11c44105d62550,0,cd57a42da0e378513b91421c27c02799145c5cff,2019-03-28 16:22:55,6503,user1,1553804575
5fabff35957faa29422b032b,0,215da8f3c99878525afb2599d34448e83ba7f63d,2019-03-29 13:00:50,6503,user1,1553878850
5fabff3580366dd81e7a17d3,117,827c38d15cf17fbbb659e40ee67f461efb85f40a,2019-03-29 14:12:16,2,user1,1553883136
5fabff3580366dd81e7a17d4,46,d4e90c4e7125951fd7fb7127932c6b03ef47cacf,2019-03-29 14:16:09,2,user1,1553883369
5fabff3580366dd81e7a17d5,45,b72a972c6fb08c14be1bc33c55a757ede049ee67,2019-03-29 14:18:59,2,user1,1553883539
5fabff357a56f1c2280d5398,4,55c42c7bcaea31d851ba4568e6e9d187e426bb2a,2019-03-29 16:15:20,2,user1,1553890520
5fb4cd8a3769968abba834d8,1067,55c42c7bcaea31d851ba4568e6e9d187e426bb2a,2019-03-29 16:29:35,1,user1,1553891375
5fabff357a56f1c2280d5399,61,554903d5acef9fd86797e85430da9034e5c32a3c,2019-03-29 17:18:12,2,user1,1553894292
5fabff357a56f1c2280d539a,149,554903d5acef9fd86797e85430da9034e5c32a3c,2019-03-29 17:19:24,2,user1,1553894364
5fabff357a56f1c2280d539b,74,554903d5acef9fd86797e85430da9034e5c32a3c,2019-03-29 17:23:54,2,user1,1553894634
5fabff357a56f1c2280d539c,134,554903d5acef9fd86797e85430da9034e5c32a3c,2019-03-29 17:27:42,2,user1,1553894862
5fabff3589eee61beeb35d5d,18,4bd8f3526cd8b59271900446abe0956b18d707c0,2019-03-29 23:20:11,1,user1,1553916011
5fabff3589eee61beeb35d5e,58,fbc7d4140196eb71c978d04bb5fddcf502826278,2019-03-29 23:27:59,2,user1,1553916479
5fabff35d13eca2d4b30d710,14,1c680e923f3e6075ce55680041edb0ee4294f85e,2019-03-30 00:41:22,2,user1,1553920882
5fabff35d13eca2d4b30d711,1,1c680e923f3e6075ce55680041edb0ee4294f85e,2019-03-30 01:20:11,2,user1,1553923211
5fabff35d13eca2d4b30d712,1,1c680e923f3e6075ce55680041edb0ee4294f85e,2019-03-30 01:20:46,2,user1,1553923246
5fabff351c4afb8676e19b59,51,1c680e923f3e6075ce55680041edb0ee4294f85e,2019-03-30 01:38:55,1,user1,1553924335
5fabff35474b0817b9838bc6,69,dc671da27a4958205c61514ece426405b706a770,2019-03-30 20:24:46,1,user1,1553991886
5fabff35474b0817b9838bc7,65,fbc7d4140196eb71c978d04bb5fddcf502826278,2019-03-30 20:26:19,2,user1,1553991979
5fabff35474b0817b9838bc8,36,dc671da27a4958205c61514ece426405b706a770,2019-03-30 21:07:03,1,user1,1553994423
5fabff41a0525db1093176e5,0,e01099d28985857d305142b925d23ce241462edf,2019-03-31 10:01:32,6503,user1,1554040892
5fabff417df466fab443d81f,2,55c42c7bcaea31d851ba4568e6e9d187e426bb2a,2019-03-31 20:37:53,2,user1,1554079073
5fb4cd8a3769968abba834c8,751,55c42c7bcaea31d851ba4568e6e9d187e426bb2a,2019-03-31 20:38:30,1,user1,1554079110
5fabff41ee03bbf52f83f7db,0,a8f3accdfdd3ff51b7f3c6fb2e7c3084f332e6d8,2019-04-02 09:58:12,6503,user1,1554213492
5fabff4ca58ae7ee95c58804,4,55c42c7bcaea31d851ba4568e6e9d187e426bb2a,2019-04-03 12:20:10,2,user1,1554308410
5fabff4bd1cfb41501a77063,0,55c42c7bcaea31d851ba4568e6e9d187e426bb2a,2019-04-03 12:58:25,6503,user1,1554310705
5fabff4b3f2484c4d19fb672,607,55c42c7bcaea31d851ba4568e6e9d187e426bb2a,2019-04-03 19:39:54,2,user1,1554334794
5fabff4b3f2484c4d19fb673,289,55c42c7bcaea31d851ba4568e6e9d187e426bb2a,2019-04-03 19:50:20,1,user1,1554335420
5fabff4c899167a62b5bb1c9,0,83a2d1ffcf623f98a63aa64aac37d8c197fee1d5,2019-04-04 09:56:49,6503,user1,1554386209
5fabff4ad4de00cdb1487268,0,f8c2cc15499ee9e92c366124cff3ef1b14f791c,2019-04-04 16:29:58,6503,user1,1554409798
5fabff56742dae983204b86d,53,3ea119d62ee7c7322e37127edff76b86f20aa870,2019-04-05 23:02:06,1,user1,1554519726
5fabff56742dae983204b86e,67,3ea119d62ee7c7322e37127edff76b86f20aa870,2019-04-05 23:08:41,1,user1,1554520121
5fabff5621e6cb71f862d530,959,55c42c7bcaea31d851ba4568e6e9d187e426bb2a,2019-04-06 14:42:08,2,user1,1554576128
5fabff5621e6cb71f862d531,137,55c42c7bcaea31d851ba4568e6e9d187e426bb2a,2019-04-06 15:03:31,1,user1,1554577411
5fabff576e42e9b97e2b3db4,30,3ea119d62ee7c7322e37127edff76b86f20aa870,2019-04-07 01:03:54,2,user1,1554613434
5fabff557fa64349d56313d9,0,4671ffbdd7a25b627a96191ca649b99e917dc35,2019-04-07 02:25:17,2,user1,1554618317
5fb4cd8a3769968abba834ba,2956,4671ffbdd7a25b627a96191ca649b99e917dc35,2019-04-07 02:25:42,1,user1,1554618342
5fad582cd0a5f95d3a519235,32,1c680e923f3e6075ce55680041edb0ee4294f85e,2019-04-07 16:36:55,1,user1,1554669415
5fad58298ec61979d538e075,256,e175e0a55d9a18fc0b025f1f0629c55d32217937,2019-04-08 15:13:55,2,user1,1554750835
5fad58298ec61979d538e076,0,383422c65908753c2ec946bc099211f0988a7b47,2019-04-10 12:29:25,6503,user1,1554913765
5fad58298ec61979d538e077,1164,55c42c7bcaea31d851ba4568e6e9d187e426bb2a,2019-04-10 14:34:07,2,user1,1554921247
5fad58298ec61979d538e078,8,50244411cdce252af32423cfc53f12cea83065f9,2019-04-12 13:00:35,1,user1,1555088435
5fad58298ec61979d538e079,80,a309428ac39bbebea523f6ee87ad8db402435608,2019-04-12 14:35:46,1,user1,1555094146
5fad58298ec61979d538e07a,141,4bd8f3526cd8b59271900446abe0956b18d707c0,2019-04-12 21:23:06,1,user1,1555118586
5fad58298ec61979d538e07b,0,dde8188dba148fa86943558a88d5305be14a2c6b,2019-04-13 17:45:28,10,user1,1555191928
5fad58298ec61979d538e07c,144,55c42c7bcaea31d851ba4568e6e9d187e426bb2a,2019-04-14 14:58:24,1,user1,1555268304
5fad58298ec61979d538e07d,0,c1461d198e5bffbd435e9daa730685c7ebc71299,2019-04-16 12:31:55,6503,user1,1555432315
5fad58298ec61979d538e07e,944,55c42c7bcaea31d851ba4568e6e9d187e426bb2a,2019-04-17 11:35:05,2,user1,1555515305
5fad58298ec61979d538e07f,0,4bd8f3526cd8b59271900446abe0956b18d707c0,2019-04-19 18:18:19,6503,user1,1555712299
5fad58298ec61979d538e080,96,4bd8f3526cd8b59271900446abe0956b18d707c0,2019-04-19 18:23:05,2,user1,1555712585
5fad58298ec61979d538e081,870,55c42c7bcaea31d851ba4568e6e9d187e426bb2a,2019-04-20 15:11:43,1,user1,1555787503
5fad58298ec61979d538e082,2,3ea119d62ee7c7322e37127edff76b86f20aa870,2019-04-21 00:36:47,2,user1,1555821407
5fad58298ec61979d538e083,59,3ea119d62ee7c7322e37127edff76b86f20aa870,2019-04-21 00:39:40,2,user1,1555821580
5fad58298ec61979d538e084,30,b18763b8356388a049663daf98bd5a11871da7f9,2019-04-21 01:32:35,2,user1,1555824755
5fad58298ec61979d538e085,70,b18763b8356388a049663daf98bd5a11871da7f9,2019-04-21 01:38:07,1,user1,1555825087
5fad58298ec61979d538e086,34,b18763b8356388a049663daf98bd5a11871da7f9,2019-04-21 01:51:14,1,user1,1555825874
5fad58298ec61979d538e087,0,b18763b8356388a049663daf98bd5a11871da7f9,2019-04-21 01:56:06,6503,user1,1555826166
5fad58298ec61979d538e088,46,1c680e923f3e6075ce55680041edb0ee4294f85e,2019-04-21 02:02:06,1,user1,1555826526
5fad58298ec61979d538e089,243,4bd8f3526cd8b59271900446abe0956b18d707c0,2019-04-21 17:38:29,1,user1,1555882709
5fad58298ec61979d538e08a,1172,55c42c7bcaea31d851ba4568e6e9d187e426bb2a,2019-04-23 10:08:21,2,user1,1556028501
5fad58298ec61979d538e08b,0,af3e110282e10b6fcfc0d5eeb72ba827b4aa3f0c,2019-04-23 13:46:52,6503,user1,1556041612
5fad58298ec61979d538e08c,9,8572366139a884267ad1a9ba3142cc998da2e46b,2019-04-23 18:57:34,1,user1,1556060254
5fad58298ec61979d538e08d,29,1c680e923f3e6075ce55680041edb0ee4294f85e,2019-04-23 19:00:17,2,user1,1556060417
5fad58298ec61979d538e08e,0,8572366139a884267ad1a9ba3142cc998da2e46b,2019-04-23 21:03:44,6503,user1,1556067824
5fad58298ec61979d538e08f,602,478a6dbeb8fb519df7e2c7a349e8fef0a14c0c0a,2019-04-24 14:30:34,1,user1,1556130634
5fad58298ec61979d538e090,0,1c680e923f3e6075ce55680041edb0ee4294f85e,2019-04-24 17:52:36,6503,user1,1556142756
5fad58298ec61979d538e091,39,1c680e923f3e6075ce55680041edb0ee4294f85e,2019-04-24 18:16:44,2,user1,1556144204
5fad58298ec61979d538e092,892,55c42c7bcaea31d851ba4568e6e9d187e426bb2a,2019-04-25 20:52:55,2,user1,1556239975
5fad58298ec61979d538e093,36,4408637cd3ea7d06c363a4aff1fb5915e00e421c,2019-04-26 00:31:16,1,user1,1556253076
5fad58298ec61979d538e094,0,b18763b8356388a049663daf98bd5a11871da7f9,2019-04-26 01:42:50,2,user1,1556257370
5fad582c39ea70bdc788da2d,28,3ea119d62ee7c7322e37127edff76b86f20aa870,2019-04-27 01:46:47,1,user1,1556344007
5fad582d8f2618cba36cd876,205,3ea119d62ee7c7322e37127edff76b86f20aa870,2019-04-28 00:37:31,1,user1,1556426251
5fad582d8f2618cba36cd877,241,3ea119d62ee7c7322e37127edff76b86f20aa870,2019-04-28 01:42:18,1,user1,1556430138
5fad582d8f2618cba36cd878,116,3ea119d62ee7c7322e37127edff76b86f20aa870,2019-04-28 01:50:03,2,user1,1556430603
5fad582d8f2618cba36cd879,47,3ea119d62ee7c7322e37127edff76b86f20aa870,2019-04-28 01:54:04,1,user1,1556430844
5fb4cd8a3769968abba83493,1638,55c42c7bcaea31d851ba4568e6e9d187e426bb2a,2019-04-28 14:09:36,2,user1,1556474976
5fad5837bc905ae48ff0804f,0,8807c65ad4e6ec5f64e1bdef89c17b6b7c22f650,2019-04-30 15:38:45,6503,user1,1556653125
5fad5837bc905ae48ff08050,55,55c42c7bcaea31d851ba4568e6e9d187e426bb2a,2019-04-30 16:57:58,2,user1,1556657878
5fad5843be1d2f51d5b82616,457,55c42c7bcaea31d851ba4568e6e9d187e426bb2a,2019-05-01 11:16:51,2,user1,1556723811
5fad5843c05a623d45cd7f2d,25,1c680e923f3e6075ce55680041edb0ee4294f85e,2019-05-01 12:31:26,2,user1,1556728286
5fad5844718fd15ba2e7fd92,0,3ea119d62ee7c7322e37127edff76b86f20aa870,2019-05-02 01:06:10,6503,user1,1556773570
5fad5843e37322c73550190e,318,55c42c7bcaea31d851ba4568e6e9d187e426bb2a,2019-05-02 21:57:30,2,user1,1556848650
5fad5843e37322c73550190f,628,55c42c7bcaea31d851ba4568e6e9d187e426bb2a,2019-05-02 22:08:42,2,user1,1556849322
5fad58446b64754ec5146c6a,0,55c42c7bcaea31d851ba4568e6e9d187e426bb2a,2019-05-03 16:04:14,6503,user1,1556913854
5fad58446b64754ec5146c6b,0,55c42c7bcaea31d851ba4568e6e9d187e426bb2a,2019-05-03 16:06:23,6503,user1,1556913983
5fad58446b64754ec5146c6c,444,55c42c7bcaea31d851ba4568e6e9d187e426bb2a,2019-05-03 16:09:48,2,user1,1556914188
5fad5844a5003a4a9a0c3f52,29,55c42c7bcaea31d851ba4568e6e9d187e426bb2a,2019-05-03 18:00:43,1,user1,1556920843
5fad5844a5003a4a9a0c3f53,59,55c42c7bcaea31d851ba4568e6e9d187e426bb2a,2019-05-03 18:11:14,1,user1,1556921474
5fad5844a5003a4a9a0c3f54,36,55c42c7bcaea31d851ba4568e6e9d187e426bb2a,2019-05-03 18:14:37,2,user1,1556921677
5fad584f9933e1be4ebeb7ec,95,fbc7d4140196eb71c978d04bb5fddcf502826278,2019-05-03 22:25:37,1,user1,1556936737
5fad584ea1762c0cd1c08465,0,3ea119d62ee7c7322e37127edff76b86f20aa870,2019-05-04 00:38:14,6503,user1,1556944694
5fad584ea1762c0cd1c08466,104,3ea119d62ee7c7322e37127edff76b86f20aa870,2019-05-04 00:52:53,2,user1,1556945573
5fad584ff53a142ca1d049d5,38,55c42c7bcaea31d851ba4568e6e9d187e426bb2a,2019-05-04 10:49:43,1,user1,1556981383
5fad584ed7ceda2de17c8ca3,0,55c42c7bcaea31d851ba4568e6e9d187e426bb2a,2019-05-04 12:28:17,6503,user1,1556987297
5fad584ed7ceda2de17c8ca4,51,55c42c7bcaea31d851ba4568e6e9d187e426bb2a,2019-05-04 12:41:47,2,user1,1556988107
5fad584ed7ceda2de17c8ca5,11,55c42c7bcaea31d851ba4568e6e9d187e426bb2a,2019-05-04 12:44:15,1,user1,1556988255
5fad584eef82e3ff3346b8e5,58,55c42c7bcaea31d851ba4568e6e9d187e426bb2a,2019-05-04 16:38:56,2,user1,1557002336
5fad584eef82e3ff3346b8e6,19,55c42c7bcaea31d851ba4568e6e9d187e426bb2a,2019-05-04 16:42:34,2,user1,1557002554
5fad584f06938395dc6ba050,0,1c680e923f3e6075ce55680041edb0ee4294f85e,2019-05-04 20:13:24,6503,user1,1557015204
5fad584f0802dbd3edb3a6ed,44,55c42c7bcaea31d851ba4568e6e9d187e426bb2a,2019-05-05 11:24:32,1,user1,1557069872
5fad584ff54a42612551f2ab,27,1c680e923f3e6075ce55680041edb0ee4294f85e,2019-05-05 15:34:51,2,user1,1557084891
5fad584c4827d4d860d8f214,253,55c42c7bcaea31d851ba4568e6e9d187e426bb2a,2019-05-06 20:23:31,1,user1,1557188611
5fad584c4827d4d860d8f215,0,4bd8f3526cd8b59271900446abe0956b18d707c0,2019-05-08 12:49:36,6503,user1,1557334176
5fad584c4827d4d860d8f216,56,4bd8f3526cd8b59271900446abe0956b18d707c0,2019-05-08 12:50:17,2,user1,1557334217
5fad584c4827d4d860d8f217,0,3ea119d62ee7c7322e37127edff76b86f20aa870,2019-05-09 02:12:24,2,user1,1557382344
5fad584c4827d4d860d8f218,433,3ea119d62ee7c7322e37127edff76b86f20aa870,2019-05-09 02:24:55,1,user1,1557383095
5fad584c4827d4d860d8f219,568,55c42c7bcaea31d851ba4568e6e9d187e426bb2a,2019-05-09 09:47:14,2,user1,1557409634
5fad584c4827d4d860d8f21a,23,b18763b8356388a049663daf98bd5a11871da7f9,2019-05-10 22:27:00,1,user1,1557541620
5fad584c4827d4d860d8f21b,41,4bd8f3526cd8b59271900446abe0956b18d707c0,2019-05-11 00:37:36,2,user1,1557549456
5fad584c4827d4d860d8f21c,2,bbddf36c7414c3399c0341389bf2fca052268a5f,2019-05-11 00:42:03,2,user1,1557549723
5fad584c4827d4d860d8f21e,2,bbddf36c7414c3399c0341389bf2fca052268a5f,2019-05-11 00:43:12,2,user1,1557549792
5fad584c4827d4d860d8f21d,0,bbddf36c7414c3399c0341389bf2fca052268a5f,2019-05-11 00:43:13,2,user1,1557549793
5fad584c4827d4d860d8f21f,0,3ea119d62ee7c7322e37127edff76b86f20aa870,2019-05-11 01:03:07,2,user1,1557550987
5fad584c4827d4d860d8f220,35,bbddf36c7414c3399c0341389bf2fca052268a5f,2019-05-11 01:23:10,1,user1,1557552190
5fad584c4827d4d860d8f221,29,4671ffbdd7a25b627a96191ca649b99e917dc35,2019-05-11 02:14:17,2,user1,1557555257
5fad584c4827d4d860d8f222,4,4671ffbdd7a25b627a96191ca649b99e917dc35,2019-05-11 02:15:06,2,user1,1557555306
5fad584c4827d4d860d8f223,0,1c680e923f3e6075ce55680041edb0ee4294f85e,2019-05-11 11:30:16,2,user1,1557588616
5fad584c4827d4d860d8f224,0,1c680e923f3e6075ce55680041edb0ee4294f85e,2019-05-11 13:03:02,6503,user1,1557594182
5fad584c4827d4d860d8f225,3496,55c42c7bcaea31d851ba4568e6e9d187e426bb2a,2019-05-11 14:42:06,2,user1,1557600126
5fad584c4827d4d860d8f226,0,4bd8f3526cd8b59271900446abe0956b18d707c0,2019-05-11 17:34:35,6503,user1,1557610475
5fad584c4827d4d860d8f227,65,4bd8f3526cd8b59271900446abe0956b18d707c0,2019-05-11 18:11:33,2,user1,1557612693
5fad584c4827d4d860d8f228,34,4bd8f3526cd8b59271900446abe0956b18d707c0,2019-05-11 22:55:15,1,user1,1557629715
5fad584c4827d4d860d8f229,0,f51181e35f1fc81dc40512c47bd88921881edb72,2019-05-12 13:56:40,10,user1,1557683800
5fad584c4827d4d860d8f22a,18,1c680e923f3e6075ce55680041edb0ee4294f85e,2019-05-12 14:12:33,1,user1,1557684753
5fad584c4827d4d860d8f22b,10,f51181e35f1fc81dc40512c47bd88921881edb72,2019-05-12 18:43:16,2,user1,1557700996
5fad584c4827d4d860d8f22c,0,f51181e35f1fc81dc40512c47bd88921881edb72,2019-05-12 18:43:41,2,user1,1557701021
5fad584c4827d4d860d8f22d,9,8572366139a884267ad1a9ba3142cc998da2e46b,2019-05-12 19:38:07,1,user1,1557704287
5fad584c4827d4d860d8f22e,0,39d7878c3a2800180bbe6d1605547ecf7bf54047,2019-05-12 20:09:30,2,user1,1557706170
5fad584c4827d4d860d8f22f,0,55c42c7bcaea31d851ba4568e6e9d187e426bb2a,2019-05-13 12:37:18,6503,user1,1557765438
5fad584c4827d4d860d8f230,4,55c42c7bcaea31d851ba4568e6e9d187e426bb2a,2019-05-13 12:39:11,2,user1,1557765551
5fad584c4827d4d860d8f231,4,55c42c7bcaea31d851ba4568e6e9d187e426bb2a,2019-05-13 12:39:20,2,user1,1557765560
5fad584c4827d4d860d8f232,308,55c42c7bcaea31d851ba4568e6e9d187e426bb2a,2019-05-13 18:27:39,2,user1,1557786459
5fad584c4827d4d860d8f233,0,794f6ef7e2c53ac23d643d9bb193084ab28b7190,2019-05-14 09:25:15,6503,user1,1557840315
5fad584c4827d4d860d8f234,0,1c680e923f3e6075ce55680041edb0ee4294f85e,2019-05-14 17:52:11,6503,user1,1557870731
5fad584c4827d4d860d8f235,0,1c680e923f3e6075ce55680041edb0ee4294f85e,2019-05-14 17:52:58,6503,user1,1557870778
5fad584c4827d4d860d8f236,69,1c680e923f3e6075ce55680041edb0ee4294f85e,2019-05-14 18:03:03,2,user1,1557871383
5fad584c4827d4d860d8f237,0,267891017823f0b365edbfc6c2b429eba68d78b0,2019-05-16 12:47:22,6503,user1,1558025242
5fad584c4827d4d860d8f238,0,267891017823f0b365edbfc6c2b429eba68d78b0,2019-05-16 12:47:25,6503,user1,1558025245
5fad584c4827d4d860d8f239,2,55c42c7bcaea31d851ba4568e6e9d187e426bb2a,2019-05-16 19:44:14,2,user1,1558050254
5fad584c4827d4d860d8f23a,2099,55c42c7bcaea31d851ba4568e6e9d187e426bb2a,2019-05-16 19:45:02,1,user1,1558050302
5fad584c4827d4d860d8f23b,14,55c42c7bcaea31d851ba4568e6e9d187e426bb2a,2019-05-16 20:20:19,2,user1,1558052419
5fad584c4827d4d860d8f23c,10,55c42c7bcaea31d851ba4568e6e9d187e426bb2a,2019-05-16 20:20:43,2,user1,1558052443
5fad584c4827d4d860d8f23d,615,55c42c7bcaea31d851ba4568e6e9d187e426bb2a,2019-05-16 20:21:16,1,user1,1558052476
5fad584c4827d4d860d8f23e,20,f51181e35f1fc81dc40512c47bd88921881edb72,2019-05-16 20:53:08,1,user1,1558054388
5fad584c4827d4d860d8f23f,0,cd57a42da0e378513b91421c27c02799145c5cff,2019-05-17 11:57:57,6503,user1,1558108677
5fad584c4827d4d860d8f240,0,4bd8f3526cd8b59271900446abe0956b18d707c0,2019-05-17 15:38:40,2,user1,1558121920
5fad584c4827d4d860d8f241,0,4bd8f3526cd8b59271900446abe0956b18d707c0,2019-05-17 16:09:46,6503,user1,1558123786
5fad584c4827d4d860d8f242,20,4bd8f3526cd8b59271900446abe0956b18d707c0,2019-05-17 16:11:24,2,user1,1558123884
5fad584c4827d4d860d8f243,88,1c680e923f3e6075ce55680041edb0ee4294f85e,2019-05-17 21:14:25,2,user1,1558142065
5fad584c4827d4d860d8f244,0,1c680e923f3e6075ce55680041edb0ee4294f85e,2019-05-17 22:29:01,6503,user1,1558146541
5fad584c4827d4d860d8f245,0,3ea119d62ee7c7322e37127edff76b86f20aa870,2019-05-17 22:38:57,6503,user1,1558147137
5fad584c4827d4d860d8f246,28,3ea119d62ee7c7322e37127edff76b86f20aa870,2019-05-17 22:54:08,2,user1,1558148048
5fad584c4827d4d860d8f247,40,1c680e923f3e6075ce55680041edb0ee4294f85e,2019-05-18 13:35:38,1,user1,1558200938
5fb4cd8a3769968abba83448,1904,55c42c7bcaea31d851ba4568e6e9d187e426bb2a,2019-05-19 17:52:10,2,user1,1558302730
5fad585c6e47a08f1691bc4d,2,71074666b99f97af5e0ebe086d00f5e293990695,2019-05-20 01:59:19,2,user1,1558331959
5fad585cefa29deb2737cc81,0,309571818965737147efabf1263dfe3b1ebf6ad1,2019-05-20 13:10:27,6503,user1,1558372227
5fad585b92a11aa8cb78f087,0,55c42c7bcaea31d851ba4568e6e9d187e426bb2a,2019-05-20 20:35:30,6503,user1,1558398930
5fad585af40d08dbe74751e9,794,55c42c7bcaea31d851ba4568e6e9d187e426bb2a,2019-05-20 21:29:34,2,user1,1558402174
5fad585c351150c921707f68,0,7252f5ebc0eaf03343991553c09e9d56960733e9,2019-05-21 14:42:52,6503,user1,1558464172
5fad5868c3837b22bfb8541d,26,30335f4447c89a463b4d88fcc73c6c2c6c40f5c7,2019-05-22 16:54:24,2,user1,1558558464
5fad5868c3837b22bfb8541e,0,55c42c7bcaea31d851ba4568e6e9d187e426bb2a,2019-05-22 17:06:16,2,user1,1558559176
5fad5868c3837b22bfb8541f,224,55c42c7bcaea31d851ba4568e6e9d187e426bb2a,2019-05-22 17:06:20,2,user1,1558559180
5fad5868c3837b22bfb85420,4,908fbdc937b7eb66ca1b92d7cee9d9f8d988fb5f,2019-05-22 17:18:01,2,user1,1558559881
5fad5868c3837b22bfb85421,692,55c42c7bcaea31d851ba4568e6e9d187e426bb2a,2019-05-22 17:23:08,2,user1,1558560188
5fad5868c3837b22bfb85422,0,55c42c7bcaea31d851ba4568e6e9d187e426bb2a,2019-05-22 17:53:29,6503,user1,1558562009
5fad5868c3837b22bfb85423,0,55c42c7bcaea31d851ba4568e6e9d187e426bb2a,2019-05-22 17:55:35,6503,user1,1558562135
5fad5868c3837b22bfb85424,0,55c42c7bcaea31d851ba4568e6e9d187e426bb2a,2019-05-22 17:56:13,6503,user1,1558562173
5fad5867da5165c487a20459,0,55c42c7bcaea31d851ba4568e6e9d187e426bb2a,2019-05-22 18:11:45,6503,user1,1558563105
5fad5867da5165c487a2045a,100,55c42c7bcaea31d851ba4568e6e9d187e426bb2a,2019-05-22 18:29:07,2,user1,1558564147
5fad5868a5ef794f443e7de6,0,4f159986829995acac7ffc7ce4c65781abd8fc29,2019-05-23 11:33:18,6503,user1,1558625598
5fad5868e77f603e1904fc87,394,88c8d9160bea66871a7e06de7d03fa52be10a5e6,2019-05-23 14:24:45,2,user1,1558635885
5fad58751fc83e58ab397ccd,0,e7cfe3cf77b92d982ba716891de69131cb51ccef,2019-05-23 19:04:14,6503,user1,1558652654
5fad58759ab6d07a009df6d9,19,b18763b8356388a049663daf98bd5a11871da7f9,2019-05-24 18:36:31,1,user1,1558737391
5fad5881e7c69283cda545bf,0,794f6ef7e2c53ac23d643d9bb193084ab28b7190,2019-05-28 15:37:32,6503,user1,1559072252
5fad5881e9412519bb65a69a,254,71074666b99f97af5e0ebe086d00f5e293990695,2019-05-28 17:25:18,1,user1,1559078718
5fb4cd8a3769968abba83432,1456,55c42c7bcaea31d851ba4568e6e9d187e426bb2a,2019-05-29 11:05:15,2,user1,1559142315
5fad588eee851d5772159111,0,ae1fd91cc68e13c0740f7d11c775c9d0efc74851,2019-05-29 16:16:33,6503,user1,1559160993
5fb4cd8a3769968abba83430,0,ae1fd91cc68e13c0740f7d11c775c9d0efc74851,2019-05-29 16:17:15,3,user1,1559161035
5fad588ea2b9aa0b59967cbc,0,407fccef6cea89a6990e7a036ec6b122e6439640,2019-05-29 18:34:01,2,user1,1559169241
5fad588ea2b9aa0b59967cbd,0,d9c50a52d4ceb40c3b8a089c7326a10c864b4f3d,2019-05-29 18:34:31,2,user1,1559169271
5fad588d524a828ffea9865c,0,407fccef6cea89a6990e7a036ec6b122e6439640,2019-05-30 15:24:46,6503,user1,1559244286
5fad588dc9e166cd3242a46f,4,b18763b8356388a049663daf98bd5a11871da7f9,2019-05-30 16:50:33,2,user1,1559249433
5fad5898d337ad41465e2136,0,794f6ef7e2c53ac23d643d9bb193084ab28b7190,2019-05-31 11:29:29,6503,user1,1559316569
5fad5898d337ad41465e2137,39,1c680e923f3e6075ce55680041edb0ee4294f85e,2019-05-31 19:00:25,1,user1,1559343625
5fad5898d337ad41465e2138,0,1c680e923f3e6075ce55680041edb0ee4294f85e,2019-05-31 19:39:26,2,user1,1559345966
5fad5898d337ad41465e2139,0,55c42c7bcaea31d851ba4568e6e9d187e426bb2a,2019-05-31 23:44:02,6503,user1,1559360642
5fad5898d337ad41465e213a,727,3ea119d62ee7c7322e37127edff76b86f20aa870,2019-06-02 01:57:08,1,user1,1559455028
5fad5898d337ad41465e213b,0,337ae2c0011c12aa32f267ed60aa950c9e475850,2019-06-02 17:07:18,6574,user1,1559509638
5fad5898d337ad41465e213c,898,55c42c7bcaea31d851ba4568e6e9d187e426bb2a,2019-06-03 10:46:48,2,user1,1559573208
5fad5898d337ad41465e213d,140,1c680e923f3e6075ce55680041edb0ee4294f85e,2019-06-03 14:22:47,1,user1,1559586167
5fad5898d337ad41465e213e,1241,3ea119d62ee7c7322e37127edff76b86f20aa870,2019-06-04 01:30:52,2,user1,1559626252
5fad5898d337ad41465e213f,0,3ea119d62ee7c7322e37127edff76b86f20aa870,2019-06-04 02:01:17,6503,user1,1559628077
5fad5898d337ad41465e2140,0,3ea119d62ee7c7322e37127edff76b86f20aa870,2019-06-04 02:02:03,6503,user1,1559628123
5fad5898d337ad41465e2141,0,3ea119d62ee7c7322e37127edff76b86f20aa870,2019-06-04 02:02:46,6503,user1,1559628166
5fad5898d337ad41465e2142,0,3ea119d62ee7c7322e37127edff76b86f20aa870,2019-06-04 02:03:30,6503,user1,1559628210
5fad5898d337ad41465e2143,0,3ea119d62ee7c7322e37127edff76b86f20aa870,2019-06-04 02:04:30,6503,user1,1559628270
5fad5898d337ad41465e2144,0,3ea119d62ee7c7322e37127edff76b86f20aa870,2019-06-04 02:07:54,6503,user1,1559628474
5fad5898d337ad41465e2145,153,3ea119d62ee7c7322e37127edff76b86f20aa870,2019-06-04 02:10:16,1,user1,1559628616
5fad5898d337ad41465e2146,0,794f6ef7e2c53ac23d643d9bb193084ab28b7190,2019-06-04 15:03:14,6503,user1,1559674994
5fad5898d337ad41465e2147,0,10002a31320e099689975a3d80b1522bd9fc2150,2019-06-04 18:46:29,6503,user1,1559688389
5fad5898d337ad41465e2148,97,10002a31320e099689975a3d80b1522bd9fc2150,2019-06-04 18:50:27,2,user1,1559688627
5fad5898d337ad41465e2149,599,55c42c7bcaea31d851ba4568e6e9d187e426bb2a,2019-06-05 15:57:03,2,user1,1559764623
5fad589820e703349b3680ac,0,e01099d28985857d305142b925d23ce241462edf,2019-06-05 19:23:06,6503,user1,1559776986
5fad589a28b714bff3eed351,0,55c42c7bcaea31d851ba4568e6e9d187e426bb2a,2019-06-07 13:21:45,6503,user1,1559928105
5fad589a28b714bff3eed352,0,794f6ef7e2c53ac23d643d9bb193084ab28b7190,2019-06-07 13:32:00,6503,user1,1559928720
5fad589a28b714bff3eed353,119,55c42c7bcaea31d851ba4568e6e9d187e426bb2a,2019-06-07 13:33:43,2,user1,1559928823
5fad58a5dcb0c2f4f0a45f55,63,55c42c7bcaea31d851ba4568e6e9d187e426bb2a,2019-06-08 14:36:32,1,user1,1560018992
5fad58a610161bc17e58025a,0,30caff12f6610aa39d41b076fff41268f5f0a085,2019-06-08 17:28:11,6503,user1,1560029291
5fb4cd8a3769968abba83412,0,55c42c7bcaea31d851ba4568e6e9d187e426bb2a,2019-06-09 13:11:37,2,user1,1560100297
5fb4cd8a3769968abba83411,0,10002a31320e099689975a3d80b1522bd9fc2150,2019-06-09 13:28:13,3,user1,1560101293
5fb4cd8a3769968abba83410,187,10002a31320e099689975a3d80b1522bd9fc2150,2019-06-09 13:30:54,1,user1,1560101454
5fb03216923b011e40a0ff1a,31,78805ed6a939d10b1309cdca6e02ab2a044dea9a,2019-06-10 12:20:06,2,user1,1560183606
5fb03216923b011e40a0ff19,9,78805ed6a939d10b1309cdca6e02ab2a044dea9a,2019-06-10 12:21:21,2,user1,1560183681
5fb03216923b011e40a0ff18,292,78805ed6a939d10b1309cdca6e02ab2a044dea9a,2019-06-10 12:21:44,2,user1,1560183704
5fb4cd8a3769968abba8340c,675,78805ed6a939d10b1309cdca6e02ab2a044dea9a,2019-06-10 12:26:48,2,user1,1560184008
5fb03218235c4cdc0ec90722,2946,b18763b8356388a049663daf98bd5a11871da7f9,2019-06-10 12:41:37,2,user1,1560184897
5fb4cd8a3769968abba8340a,138,55c42c7bcaea31d851ba4568e6e9d187e426bb2a,2019-06-10 14:32:28,1,user1,1560191548
5fb032057439a8811a4a3315,42,55c42c7bcaea31d851ba4568e6e9d187e426bb2a,2019-06-10 14:38:47,2,user1,1560191927
5fb032185bccf19e54ba88e5,183,55c42c7bcaea31d851ba4568e6e9d187e426bb2a,2019-06-10 18:49:33,1,user1,1560206973
5fb032185bccf19e54ba88e4,214,10002a31320e099689975a3d80b1522bd9fc2150,2019-06-10 19:08:16,1,user1,1560208096
5fb03217e6ce3ac530512900,285,55c42c7bcaea31d851ba4568e6e9d187e426bb2a,2019-06-11 10:00:40,1,user1,1560261640
5fb0322af1a3f49320da4cd1,152,698583969e71e79e97130933b3f9e524f89e38a0,2019-06-11 13:51:47,2,user1,1560275507
5fb0322af1a3f49320da4cd0,8,794f6ef7e2c53ac23d643d9bb193084ab28b7190,2019-06-11 13:57:54,1,user1,1560275874
5fb0322af1a3f49320da4ccf,0,794f6ef7e2c53ac23d643d9bb193084ab28b7190,2019-06-11 14:08:10,2,user1,1560276490
5fb0322af1a3f49320da4cce,43,698583969e71e79e97130933b3f9e524f89e38a0,2019-06-11 14:08:23,2,user1,1560276503
5fb032173b9bc576ef0c6c22,0,55c42c7bcaea31d851ba4568e6e9d187e426bb2a,2019-06-11 16:11:35,2,user1,1560283895
5fb032168a63e9b105f960f7,0,84fcf5d5a933c98b8dc1f69b0af32a79df9d62dc,2019-06-11 17:40:50,3,user1,1560289250
5fb03215223514456a0b2b3e,0,1c680e923f3e6075ce55680041edb0ee4294f85e,2019-06-11 22:40:39,3,user1,1560307239
5fb03215223514456a0b2b3d,357,1c680e923f3e6075ce55680041edb0ee4294f85e,2019-06-11 22:44:30,2,user1,1560307470
5fb032175d4f52d36374936f,91,55c42c7bcaea31d851ba4568e6e9d187e426bb2a,2019-06-12 11:46:35,1,user1,1560354395
5fb032185b783b575fda532e,78,55c42c7bcaea31d851ba4568e6e9d187e426bb2a,2019-06-12 13:33:48,1,user1,1560360828
5fb03205183f9ff6de7ef391,1274,78805ed6a939d10b1309cdca6e02ab2a044dea9a,2019-06-12 15:06:12,2,user1,1560366372
5fb0322aec75d1c7f5438080,5,eaa49de6d5fcb44b60d71cddd259192985201513,2019-06-12 19:52:53,2,user1,1560383573
5fb03229a010d033bcd98779,0,55c42c7bcaea31d851ba4568e6e9d187e426bb2a,2019-06-13 11:13:06,3,user1,1560438786
5fb4cd8a3769968abba833f8,892,55c42c7bcaea31d851ba4568e6e9d187e426bb2a,2019-06-13 11:40:18,2,user1,1560440418
5fb0322a4c6122824e5ab198,43,55c42c7bcaea31d851ba4568e6e9d187e426bb2a,2019-06-13 11:56:54,1,user1,1560441414
5fb0322a78e6c07af2c52db5,58,55c42c7bcaea31d851ba4568e6e9d187e426bb2a,2019-06-13 14:40:35,1,user1,1560451235
5fb0322ac3e38e670607f668,1021,5a0ed74792def488962bdfd7e826272c78b44e36,2019-06-13 15:56:36,2,user1,1560455796
5fb0322ac3e38e670607f667,1297,c977361f3ab91ca235d7cbf3b2be3030fbb25619,2019-06-13 16:14:23,2,user1,1560456863
5fb0322ac3e38e670607f666,4,55c42c7bcaea31d851ba4568e6e9d187e426bb2a,2019-06-13 16:36:11,2,user1,1560458171
5fb4cd8a3769968abba833f2,553,55c42c7bcaea31d851ba4568e6e9d187e426bb2a,2019-06-13 16:38:27,1,user1,1560458307
5fb0322a736d23aca14a128a,75,10002a31320e099689975a3d80b1522bd9fc2150,2019-06-13 19:03:42,1,user1,1560467022
5fb0323d6292b35e719651e3,3,e8c9860a97e81f7cd97149a9cd1d6acc28e9cdcf,2019-06-15 00:43:28,1,user1,1560573808
5fb03274867af837fa8ed043,0,eaa49de6d5fcb44b60d71cddd259192985201513,2019-06-18 11:26:13,2,user1,1560871573
5fb032996e7945c2d8c8a9db,0,98e95dc9da3d22ee2c4ed4186df98823fae654a7,2019-06-21 08:44:30,2,user1,1561121070
5fb033423ca9a2e223c70d8a,0,e01099d28985857d305142b925d23ce241462edf,2019-07-04 20:45:30,3,user1,1562287530
5fb03367d0b895649e67890d,0,e01099d28985857d305142b925d23ce241462edf,2019-07-08 19:22:23,3,user1,1562628143
5fb0337a1fa095ad6242c506,0,84fcf5d5a933c98b8dc1f69b0af32a79df9d62dc,2019-07-09 14:28:37,3,user1,1562696917
5fb0338c3153d6b1bbf6c4c9,0,244befb03faa5d28e7a455c16a2924caab42611c,2019-07-10 14:12:00,3,user1,1562782320
5fb033fdcb967561ed083b44,0,e01099d28985857d305142b925d23ce241462edf,2019-07-19 18:58:30,3,user1,1563577110
5fb03410bb6ac8d80f215de5,0,831d4507ecba5abb269c49be32fc9fcfe8633b4f,2019-07-20 17:47:55,3,user1,1563659275
5fb0342367f33dd5095ba458,11,6f08384c3647194357a37f0282206e936241e285,2019-07-22 05:02:57,1,user1,1563786177
5fb0342219a7563faceb7cc6,0,d646a1d59773c24c6456e4ce31846449b1ef1a28,2019-07-22 10:04:42,3,user1,1563804282
5fb034238b7e2fcfe2dd9125,0,ebe9e1927a0137a0de8fde086a6cf6a979d0b686,2019-07-22 10:26:25,3,user1,1563805585
5fb034238b7e2fcfe2dd9124,0,1edbda3e6f14d97c3300adbdd5e556e772949230,2019-07-22 10:42:21,3,user1,1563806541
5fb034238b7e2fcfe2dd9123,0,e5203324584b51d6634e4f07d5fdb6711906d671,2019-07-22 10:56:15,3,user1,1563807375
5fb034238b7e2fcfe2dd9122,0,1dd0a0e0e964d5e4134e24412687eabea605c246,2019-07-22 11:09:44,3,user1,1563808184
5fb03423d541c92d7a2e1fa7,0,d06df0e44b21016483b31ef5efe24f9c9a9293e,2019-07-22 11:21:13,3,user1,1563808873
5fb03423d541c92d7a2e1fa6,0,788f983608df84e0b6b23693c85cf96190fac34f,2019-07-22 11:30:40,3,user1,1563809440
5fb034801468b32a2010a399,0,457a78aaf7cef640ac86b5d3da0f1f3e243c4d61,2019-07-28 14:03:24,3,user1,1564337004
5fb034931e260fb2cc9c1995,8,6f08384c3647194357a37f0282206e936241e285,2019-07-31 07:17:28,1,user1,1564571848
5fb034931e260fb2cc9c1994,7,6f08384c3647194357a37f0282206e936241e285,2019-07-31 07:18:46,1,user1,1564571926
5fb034a5aeb30016a3c8c118,0,903de7d6d7f33da9a3aa53920d8278d666c7ae04,2019-07-31 13:48:15,3,user1,1564595295
5fb034a6c7f3ca5d4654f6fa,5,6f08384c3647194357a37f0282206e936241e285,2019-07-31 19:24:05,1,user1,1564615445
5fb034a616196dbc679b69f7,4,6f08384c3647194357a37f0282206e936241e285,2019-08-01 15:50:47,1,user1,1564689047
5fb034a616196dbc679b69f8,0,332c231be0ae1a8141bf7cca9a394314e920c18a,2019-08-01 17:21:39,3,user1,1564694499
5fb034a60371a70ce4898c47,0,c0dd9b74cb6f12c6963e195650d6dd6471877571,2019-08-01 18:46:05,3,user1,1564699565
5fb034b8025bc51bec9fbd34,7,6f08384c3647194357a37f0282206e936241e285,2019-08-02 08:54:14,1,user1,1564750454
5fb034b83dd192b3b3c0351f,0,9373f1ddbd97650463dc83b3b03e13ad336277bc,2019-08-02 18:27:01,3,user1,1564784821
5fb034b8d97903decf9f6e9e,0,a284e3bdc62cd3063bb7b4a9dc857c1fc212fdca,2019-08-02 19:31:18,2,user1,1564788678
5fb034b8d97903decf9f6e9d,0,ad06676835c7588a95d8e0204431722c24e73615,2019-08-02 19:32:00,2,user1,1564788720
5fb034cbbdd645947df02227,7,6f08384c3647194357a37f0282206e936241e285,2019-08-04 13:55:08,1,user1,1564941308
5fb034cbbdd645947df02226,8,6f08384c3647194357a37f0282206e936241e285,2019-08-04 14:23:34,1,user1,1564943014
5fb034de619d5e452432324b,6,6f08384c3647194357a37f0282206e936241e285,2019-08-05 17:13:24,1,user1,1565039604
5fb034de619d5e452432324a,6,6f08384c3647194357a37f0282206e936241e285,2019-08-05 17:29:52,1,user1,1565040592
5fb0351563fc4b80a3f60620,7,6f08384c3647194357a37f0282206e936241e285,2019-08-09 17:55:09,1,user1,1565387709
5fb035297e1f573c082838ee,33,55c42c7bcaea31d851ba4568e6e9d187e426bb2a,2019-08-10 18:19:37,2,user1,1565475577
5fb035289b50eb41bedccc22,294,4671ffbdd7a25b627a96191ca649b99e917dc35,2019-08-10 22:18:38,2,user1,1565489918
5fb035295653a6a27773fc24,0,e01099d28985857d305142b925d23ce241462edf,2019-08-11 09:52:33,3,user1,1565531553
5fb035286c090b78e60eb8dd,7,6f08384c3647194357a37f0282206e936241e285,2019-08-11 14:33:12,1,user1,1565548392
5fb035286c090b78e60eb8dc,141,55c42c7bcaea31d851ba4568e6e9d187e426bb2a,2019-08-11 14:35:38,1,user1,1565548538
5fb035286c090b78e60eb8db,37,10002a31320e099689975a3d80b1522bd9fc2150,2019-08-11 14:48:50,1,user1,1565549330
5fb0353b90d37aa46ba71503,0,ac602e98caf57796c582195e4b67a3e017c9b438,2019-08-12 12:01:41,3,user1,1565625701
5fb0353b9ed1cb5d93a4a4df,9,55c42c7bcaea31d851ba4568e6e9d187e426bb2a,2019-08-12 18:21:23,2,user1,1565648483
5fb0353b2e6e2789f8f31ea3,0,e01099d28985857d305142b925d23ce241462edf,2019-08-12 19:44:36,3,user1,1565653476
5fb0354ef1e0f3647c4341e4,28,39d7878c3a2800180bbe6d1605547ecf7bf54047,2019-08-13 13:11:38,2,user1,1565716298
5fb0354df713432af67d50a3,0,d3f163144491e818bc4ff89bf6506d511ee8efd4,2019-08-13 19:46:00,2,user1,1565739960
5fb03560cda27a9211f3085d,120,55c42c7bcaea31d851ba4568e6e9d187e426bb2a,2019-08-14 13:35:44,1,user1,1565804144
5fb4cd8a3769968abba833c2,974,78805ed6a939d10b1309cdca6e02ab2a044dea9a,2019-08-14 16:00:12,2,user1,1565812812
5fb03560df54f0b0634fe3b1,146,78805ed6a939d10b1309cdca6e02ab2a044dea9a,2019-08-14 16:27:29,2,user1,1565814449
5fb0355fdd3ebd69fb4df5eb,10,1ea1a7062ba95dd2adb6bfeae40e4e69b761d8a,2019-08-14 21:31:13,2,user1,1565832673
5fb035601030be42d368327d,4,f22f197fe2fcfb242af05d29696e1722368239c3,2019-08-15 00:11:27,2,user1,1565842287
5fb035601030be42d368327c,469,b18763b8356388a049663daf98bd5a11871da7f9,2019-08-15 00:41:33,2,user1,1565844093
5fb035734a982ed5b8893571,241,4671ffbdd7a25b627a96191ca649b99e917dc35,2019-08-16 00:11:04,1,user1,1565928664
5fb035731318ff725b02ad48,0,55c42c7bcaea31d851ba4568e6e9d187e426bb2a,2019-08-16 13:52:36,3,user1,1565977956
5fb035731318ff725b02ad49,118,55c42c7bcaea31d851ba4568e6e9d187e426bb2a,2019-08-16 14:37:22,2,user1,1565980642
5fb03586e2177b5799854d93,0,55c42c7bcaea31d851ba4568e6e9d187e426bb2a,2019-08-18 10:47:30,3,user1,1566139650
5fb03586e2177b5799854d92,4,55c42c7bcaea31d851ba4568e6e9d187e426bb2a,2019-08-18 10:50:55,2,user1,1566139855
5fb03586e2177b5799854d91,0,55c42c7bcaea31d851ba4568e6e9d187e426bb2a,2019-08-18 10:51:03,3,user1,1566139863
5fb03586e2177b5799854d90,64,55c42c7bcaea31d851ba4568e6e9d187e426bb2a,2019-08-18 10:51:48,1,user1,1566139908
5fb03586fbd723621b66708e,0,55c42c7bcaea31d851ba4568e6e9d187e426bb2a,2019-08-18 18:25:13,2,user1,1566167113
5fb03586fbd723621b66708d,91,55c42c7bcaea31d851ba4568e6e9d187e426bb2a,2019-08-18 18:25:23,1,user1,1566167123
5fb03586f2b16fa6dc7393fc,6,b18763b8356388a049663daf98bd5a11871da7f9,2019-08-18 20:21:22,2,user1,1566174082
5fb03586f2b16fa6dc7393fb,1,b18763b8356388a049663daf98bd5a11871da7f9,2019-08-18 20:22:11,2,user1,1566174131
5fb0359747203d87f4e3ffae,6,6f08384c3647194357a37f0282206e936241e285,2019-08-19 02:20:34,1,user1,1566195634
5fb035988a0385ed9a9cf941,55,f22f197fe2fcfb242af05d29696e1722368239c3,2019-08-19 11:04:12,1,user1,1566227052
5fb035988a0385ed9a9cf940,32,55c42c7bcaea31d851ba4568e6e9d187e426bb2a,2019-08-19 11:05:29,2,user1,1566227129
5fb035988a0385ed9a9cf93f,52,4671ffbdd7a25b627a96191ca649b99e917dc35,2019-08-19 11:15:07,2,user1,1566227707
5fb035981dcc039081523796,296,b18763b8356388a049663daf98bd5a11871da7f9,2019-08-20 19:01:22,1,user1,1566342082
5fb035981dcc039081523795,60,55c42c7bcaea31d851ba4568e6e9d187e426bb2a,2019-08-20 19:05:04,1,user1,1566342304
5fb4cd8a3769968abba833ac,3717,b18763b8356388a049663daf98bd5a11871da7f9,2019-08-20 19:06:26,2,user1,1566342386
5fb035abb3cffad493b2d4a0,4,6f08384c3647194357a37f0282206e936241e285,2019-08-21 12:56:58,1,user1,1566406618
5fb035aa0370f2b17661789c,55,55c42c7bcaea31d851ba4568e6e9d187e426bb2a,2019-08-21 14:00:31,1,user1,1566410431
5fb035abb7ef35d5b6e62158,24,55c42c7bcaea31d851ba4568e6e9d187e426bb2a,2019-08-21 16:34:21,2,user1,1566419661
5fb035ab3a797ac59a534787,30,1c680e923f3e6075ce55680041edb0ee4294f85e,2019-08-21 21:25:53,2,user1,1566437153
5fb035bd5618b8be26b24263,0,ec46bf4e4fac10a08c9c699d6c3d80d10bee11ae,2019-08-22 12:55:28,3,user1,1566492928
5fb035bef379026dc9db7af8,205,78805ed6a939d10b1309cdca6e02ab2a044dea9a,2019-08-22 19:30:11,2,user1,1566516611
5fb035bef7eb1312fe209b0f,0,485dc44affd8b227b883b0908a1aa7eb3495c88c,2019-08-23 09:42:59,3,user1,1566567779
5fb035be4679d02ed1210e32,0,c1813513f04b78acc7f7ec0aa902a0d4c1e19a7e,2019-08-23 14:47:34,3,user1,1566586054
5fb035be32696d583847bd1d,7,6f08384c3647194357a37f0282206e936241e285,2019-08-23 16:20:02,1,user1,1566591602
5fb035be32696d583847bd1e,60,55c42c7bcaea31d851ba4568e6e9d187e426bb2a,2019-08-23 17:10:51,1,user1,1566594651
5fb035d047ccf9661ed7829d,5,6f08384c3647194357a37f0282206e936241e285,2019-08-24 04:10:35,1,user1,1566634235
5fb035d085db1a48b312ea00,165,55c42c7bcaea31d851ba4568e6e9d187e426bb2a,2019-08-24 19:07:53,1,user1,1566688073
5fb035d12970c7f4f57bbf7b,0,10002a31320e099689975a3d80b1522bd9fc2150,2019-08-24 19:50:40,3,user1,1566690640
5fb035d12970c7f4f57bbf7a,44,10002a31320e099689975a3d80b1522bd9fc2150,2019-08-24 19:53:24,2,user1,1566690804
5fb035e4f32b8be50e1fa586,183,55c42c7bcaea31d851ba4568e6e9d187e426bb2a,2019-08-26 13:29:13,1,user1,1566840553
5fb035e3df09d3f8384b97ad,129,10002a31320e099689975a3d80b1522bd9fc2150,2019-08-26 14:25:47,1,user1,1566843947
5fb035e369f3ff380a99386f,0,55c42c7bcaea31d851ba4568e6e9d187e426bb2a,2019-08-26 18:22:58,3,user1,1566858178
5fb4cd8a3769968abba8339a,0,55c42c7bcaea31d851ba4568e6e9d187e426bb2a,2019-08-26 18:41:05,3,user1,1566859265
5fb035e369f3ff380a993870,22,55c42c7bcaea31d851ba4568e6e9d187e426bb2a,2019-08-26 18:42:35,2,user1,1566859355
5fb035e33a07b1484ab57577,3,b18763b8356388a049663daf98bd5a11871da7f9,2019-08-26 21:05:22,2,user1,1566867922
5fb035f644a103c7ff231409,2,eaa49de6d5fcb44b60d71cddd259192985201513,2019-08-28 01:24:15,2,user1,1566969855
5fb035f6ff3c30c94bd06004,0,b18763b8356388a049663daf98bd5a11871da7f9,2019-08-28 11:01:43,2,user1,1567004503
5fb035f685cd68eb0b9dfac3,5,6f08384c3647194357a37f0282206e936241e285,2019-08-28 13:44:02,1,user1,1567014242
5fb035f685cd68eb0b9dfac2,5,6f08384c3647194357a37f0282206e936241e285,2019-08-28 13:53:12,1,user1,1567014792
5fb035f66b1a0d1602e878e1,22,b18763b8356388a049663daf98bd5a11871da7f9,2019-08-28 20:33:16,2,user1,1567038796
5fb035f6ded12fcf9e34855b,28,10002a31320e099689975a3d80b1522bd9fc2150,2019-08-28 22:24:44,2,user1,1567045484
5fb03609ede08fa560e5a591,4,55c42c7bcaea31d851ba4568e6e9d187e426bb2a,2019-08-29 14:52:58,2,user1,1567104778
5fb03609ede08fa560e5a590,6,6f08384c3647194357a37f0282206e936241e285,2019-08-29 14:57:49,1,user1,1567105069
5fb4cd8a3769968abba8338f,209,55c42c7bcaea31d851ba4568e6e9d187e426bb2a,2019-08-29 14:59:21,1,user1,1567105161
5fb0360940752a9a861ee76b,86,55c42c7bcaea31d851ba4568e6e9d187e426bb2a,2019-08-29 18:41:35,1,user1,1567118495
5fb0360931b5a8a77466a25a,45,55c42c7bcaea31d851ba4568e6e9d187e426bb2a,2019-08-29 21:06:33,2,user1,1567127193
5fb036098d0a48c09f411fcc,0,8d1d22b0c8cc419b21fcd163ff79dac9d3bccfb6,2019-08-30 10:10:40,3,user1,1567174240
5fb036098d0a48c09f411fcb,0,309571818965737147efabf1263dfe3b1ebf6ad1,2019-08-30 10:29:56,3,user1,1567175396
5fb036098d0a48c09f411fcf,0,55c42c7bcaea31d851ba4568e6e9d187e426bb2a,2019-08-30 11:21:41,3,user1,1567178501
5fb036098d0a48c09f411fce,133,55c42c7bcaea31d851ba4568e6e9d187e426bb2a,2019-08-30 11:33:43,2,user1,1567179223
5fb036098d0a48c09f411fcd,45,fbc7d4140196eb71c978d04bb5fddcf502826278,2019-08-30 11:46:37,2,user1,1567179997
5fb0361c5ffc8b1b2b442b79,0,362a6484f5c7d4c82f677dbae596673afcf3b79f,2019-08-30 15:12:45,3,user1,1567192365
5fb0361cf05b355501340090,34,55c42c7bcaea31d851ba4568e6e9d187e426bb2a,2019-08-31 14:55:02,2,user1,1567277702
5fb0361c25ff2279d92ce0e6,3,55c42c7bcaea31d851ba4568e6e9d187e426bb2a,2019-08-31 15:15:23,2,user1,1567278923
5fb0361c25ff2279d92ce0e5,0,55c42c7bcaea31d851ba4568e6e9d187e426bb2a,2019-08-31 15:24:22,3,user1,1567279462
5fb0362e9c24be3c695676ec,91,10002a31320e099689975a3d80b1522bd9fc2150,2019-09-02 13:48:08,1,user1,1567446488
5fb036417d397d418404af59,0,309571818965737147efabf1263dfe3b1ebf6ad1,2019-09-02 17:13:29,3,user1,1567458809
5fb03654a8ce60eff306726b,0,549ca11e579a830c7d34e3357db950e09338f780,2019-09-04 10:39:09,3,user1,1567607949
5fb03654a8ce60eff306726c,212,55c42c7bcaea31d851ba4568e6e9d187e426bb2a,2019-09-04 11:33:14,1,user1,1567611194
5fb03654aa2068ec0f0f31b2,1637,4671ffbdd7a25b627a96191ca649b99e917dc35,2019-09-04 18:02:48,1,user1,1567634568
5fb03654aa2068ec0f0f31b1,24,55c42c7bcaea31d851ba4568e6e9d187e426bb2a,2019-09-04 18:36:04,1,user1,1567636564
5fb03654996bc3177acf93d6,53,1c680e923f3e6075ce55680041edb0ee4294f85e,2019-09-05 20:00:37,1,user1,1567728037
5fb03654b40bfa0dd79e27ca,5,6f08384c3647194357a37f0282206e936241e285,2019-09-05 23:19:40,1,user1,1567739980
5fb0366523617960fc338c72,5,6f08384c3647194357a37f0282206e936241e285,2019-09-06 01:21:31,1,user1,1567747291
5fb03667a31f56561b0cafbd,0,55c42c7bcaea31d851ba4568e6e9d187e426bb2a,2019-09-06 15:46:37,3,user1,1567799197
5fb03667a31f56561b0cafbc,0,55c42c7bcaea31d851ba4568e6e9d187e426bb2a,2019-09-06 15:46:47,3,user1,1567799207
5fb03667a31f56561b0cafbb,375,55c42c7bcaea31d851ba4568e6e9d187e426bb2a,2019-09-06 15:47:48,2,user1,1567799268
5fb03667a31f56561b0cafba,116,55c42c7bcaea31d851ba4568e6e9d187e426bb2a,2019-09-06 16:03:25,2,user1,1567800205
5fb036797f41071027227a04,2,b18763b8356388a049663daf98bd5a11871da7f9,2019-09-07 23:53:57,2,user1,1567914837
5fb03679219e511b36b75e1a,0,55c42c7bcaea31d851ba4568e6e9d187e426bb2a,2019-09-08 10:21:09,3,user1,1567952469
5fb0367aafe29ee3b57ec782,5,55c42c7bcaea31d851ba4568e6e9d187e426bb2a,2019-09-08 10:46:08,2,user1,1567953968
5fb0367a44a0b26ca3b60456,4,55c42c7bcaea31d851ba4568e6e9d187e426bb2a,2019-09-08 18:16:08,2,user1,1567980968
5fb0367a44a0b26ca3b60455,0,55c42c7bcaea31d851ba4568e6e9d187e426bb2a,2019-09-08 18:16:46,3,user1,1567981006
5fb0367a44a0b26ca3b60454,7,55c42c7bcaea31d851ba4568e6e9d187e426bb2a,2019-09-08 18:19:10,2,user1,1567981150
5fb0367a44a0b26ca3b60453,1,55c42c7bcaea31d851ba4568e6e9d187e426bb2a,2019-09-08 18:20:19,2,user1,1567981219
5fb0367a44a0b26ca3b60452,17,55c42c7bcaea31d851ba4568e6e9d187e426bb2a,2019-09-08 18:21:38,1,user1,1567981298
5fb0368bd605be8f6bed0bec,67,55c42c7bcaea31d851ba4568e6e9d187e426bb2a,2019-09-09 13:53:02,1,user1,1568051582
5fb0368c9282ad2b2fb6b9e3,0,10002a31320e099689975a3d80b1522bd9fc2150,2019-09-09 15:11:28,3,user1,1568056288
5fb4cd8a3769968abba8336c,129,10002a31320e099689975a3d80b1522bd9fc2150,2019-09-09 15:33:21,2,user1,1568057601
5fb0368c6a7ac1358d8fd420,0,55c42c7bcaea31d851ba4568e6e9d187e426bb2a,2019-09-09 16:34:44,3,user1,1568061284
5fb0368c6a7ac1358d8fd41f,296,55c42c7bcaea31d851ba4568e6e9d187e426bb2a,2019-09-09 16:55:44,2,user1,1568062544
5fb0368cc01ff5e77783388d,173,55c42c7bcaea31d851ba4568e6e9d187e426bb2a,2019-09-09 19:01:12,1,user1,1568070072
5fb0368c8e9454ec36ee4b1d,5,6f08384c3647194357a37f0282206e936241e285,2019-09-09 23:36:08,1,user1,1568086568
5fb0368c8e9454ec36ee4b1c,5,6f08384c3647194357a37f0282206e936241e285,2019-09-09 23:51:58,1,user1,1568087518
5fb0368c8e9454ec36ee4b1b,4,6f08384c3647194357a37f0282206e936241e285,2019-09-10 00:07:18,1,user1,1568088438
5fb0368c8e9454ec36ee4b1a,2,eaa49de6d5fcb44b60d71cddd259192985201513,2019-09-10 00:29:45,2,user1,1568089785
5fb0368c30411538a5756abb,0,55c42c7bcaea31d851ba4568e6e9d187e426bb2a,2019-09-10 10:29:51,3,user1,1568125791
5fb4cd8a3769968abba83363,260,55c42c7bcaea31d851ba4568e6e9d187e426bb2a,2019-09-10 10:31:57,2,user1,1568125917
5fb0368c01ef74f0ded8bf70,299,55c42c7bcaea31d851ba4568e6e9d187e426bb2a,2019-09-10 13:39:11,2,user1,1568137151
5fb0368c01ef74f0ded8bf6f,4,55c42c7bcaea31d851ba4568e6e9d187e426bb2a,2019-09-10 13:58:30,2,user1,1568138310
5fb0368c01ef74f0ded8bf6e,0,55c42c7bcaea31d851ba4568e6e9d187e426bb2a,2019-09-10 14:06:14,3,user1,1568138774
5fb0368cb2ea41c11cc5ef2c,188,55c42c7bcaea31d851ba4568e6e9d187e426bb2a,2019-09-10 14:56:50,2,user1,1568141810
5fb0368c0e99b7cae2cc6147,3,55c42c7bcaea31d851ba4568e6e9d187e426bb2a,2019-09-10 16:44:12,2,user1,1568148252
5fb0368c0e99b7cae2cc6146,95,32d56d7e3e399fb64974471b29626dd8c9a93b11,2019-09-10 17:15:38,2,user1,1568150138
5fb0368c0e99b7cae2cc6145,0,1c986942a6687d37257085a2009b9fda2f1c562c,2019-09-10 17:19:41,3,user1,1568150381
5fb0368c0e99b7cae2cc6144,129,6706deb5efe1c3357b59cdb64f6a79611930b67d,2019-09-10 17:20:34,1,user1,1568150434
5fb0368cf0acbd0827f78d1a,201,b18763b8356388a049663daf98bd5a11871da7f9,2019-09-10 17:58:44,2,user1,1568152724
5fb0369ef5d333297a17b369,0,103057116cbf5528f57044aded5d7b8fbbd826bc,2019-09-11 10:27:38,3,user1,1568212058
5fb0369ecc29b1b12ad39793,273,55c42c7bcaea31d851ba4568e6e9d187e426bb2a,2019-09-11 12:18:35,2,user1,1568218715
5fb036b04fa3024c7553e832,73,55c42c7bcaea31d851ba4568e6e9d187e426bb2a,2019-09-12 11:49:38,2,user1,1568303378
5fb036b0df29525e2764ff0a,35,55c42c7bcaea31d851ba4568e6e9d187e426bb2a,2019-09-12 14:03:11,1,user1,1568311391
5fb036b133bbe15f46271109,78,55c42c7bcaea31d851ba4568e6e9d187e426bb2a,2019-09-12 15:11:04,2,user1,1568315464
5fb036b1ded7a16fd401e242,0,36090594f2de13607ac909ad2bfb65fdaca7b0d8,2019-09-13 09:12:27,3,user1,1568380347
5fb036b0748816db873b580f,0,7eba6b2a74a1d203b402106dd9aff21139ab2a7a,2019-09-13 14:26:32,3,user1,1568399192
5fb036c42bb11a93fb1d9399,0,55c42c7bcaea31d851ba4568e6e9d187e426bb2a,2019-09-14 15:14:06,3,user1,1568488446
5fb036c4d89f6ca0bcd0b458,341,55c42c7bcaea31d851ba4568e6e9d187e426bb2a,2019-09-14 22:06:26,2,user1,1568513186
5fb036c4d89f6ca0bcd0b457,70,55c42c7bcaea31d851ba4568e6e9d187e426bb2a,2019-09-14 22:12:55,1,user1,1568513575
5fb036d761aeb3b005afff01,5,6f08384c3647194357a37f0282206e936241e285,2019-09-15 14:18:26,1,user1,1568571506
5fb036d761aeb3b005afff00,25,1c680e923f3e6075ce55680041edb0ee4294f85e,2019-09-15 14:28:38,2,user1,1568572118
5fb036d65fb791afc9dbeee2,76,4bd8f3526cd8b59271900446abe0956b18d707c0,2019-09-15 15:23:48,1,user1,1568575428
5fb036d65fb791afc9dbeee4,21,1c680e923f3e6075ce55680041edb0ee4294f85e,2019-09-15 16:16:26,2,user1,1568578586
5fb036d65fb791afc9dbeee3,0,2eec3d639a56e17c18384bca599a53da394e8b7f,2019-09-15 16:25:02,2,user1,1568579102
5fb036d60097c3ba2299a28e,2,4bd8f3526cd8b59271900446abe0956b18d707c0,2019-09-15 18:29:31,2,user1,1568586571
5fb036d72466484f1dcb5fa0,0,4408637cd3ea7d06c363a4aff1fb5915e00e421c,2019-09-15 18:33:50,3,user1,1568586830
5fb036d60e75cd1d7c566c8e,405,55c42c7bcaea31d851ba4568e6e9d187e426bb2a,2019-09-15 21:23:15,2,user1,1568596995
5fb036d60e75cd1d7c566c8f,11,2eec3d639a56e17c18384bca599a53da394e8b7f,2019-09-15 21:34:06,2,user1,1568597646
5fb036d72c3207a04c54b165,6,6f08384c3647194357a37f0282206e936241e285,2019-09-15 23:57:34,1,user1,1568606254
5fb036d73b3a9594ff47679b,4,6f08384c3647194357a37f0282206e936241e285,2019-09-16 00:47:52,1,user1,1568609272
5fb036d73b3a9594ff47679a,0,6f08384c3647194357a37f0282206e936241e285,2019-09-16 01:19:29,5,user1,1568611169
5fb036d73b3a9594ff476799,6,6f08384c3647194357a37f0282206e936241e285,2019-09-16 01:19:50,1,user1,1568611190
5fb036d7b43d7bd1b5d5a863,4,6f08384c3647194357a37f0282206e936241e285,2019-09-16 10:46:12,1,user1,1568645172
5fb036e9da476c3f8bf9b534,5,6f08384c3647194357a37f0282206e936241e285,2019-09-16 22:57:42,1,user1,1568689062
5fb036e92883e13b12eda917,0,b9ae8ace353111f2d7fbb9145e57473efb89be5c,2019-09-17 09:42:49,3,user1,1568727769
5fb036e9efeb340affd3a6fe,4,6f08384c3647194357a37f0282206e936241e285,2019-09-17 15:25:51,1,user1,1568748351
5fb4cd8a3769968abba8333e,1986,1ea1a7062ba95dd2adb6bfeae40e4e69b761d8a,2019-09-17 23:14:41,2,user1,1568776481
5fb036fbd95094d803fb778c,477,55c42c7bcaea31d851ba4568e6e9d187e426bb2a,2019-09-18 20:50:05,2,user1,1568854205
5fb036fc92cfd5a1f6ac352f,4,6f08384c3647194357a37f0282206e936241e285,2019-09-19 10:04:59,1,user1,1568901899
5fb0370eaefeb511ed35b1a6,60,1c680e923f3e6075ce55680041edb0ee4294f85e,2019-09-19 12:09:19,1,user1,1568909359
5fb0370f0187fa5a46d871b2,417,4bd8f3526cd8b59271900446abe0956b18d707c0,2019-09-19 20:24:52,1,user1,1568939092
5fb0370e75f2d03eecd618f0,278,b18763b8356388a049663daf98bd5a11871da7f9,2019-09-20 17:11:28,2,user1,1569013888
5fb0370d56b1b1e45866ceef,6,6f08384c3647194357a37f0282206e936241e285,2019-09-20 18:26:42,1,user1,1569018402
5fb0370d56b1b1e45866ceee,37,4bd8f3526cd8b59271900446abe0956b18d707c0,2019-09-20 18:32:07,2,user1,1569018727
5fb0370e5d6709abf4f848c2,19,4bd8f3526cd8b59271900446abe0956b18d707c0,2019-09-20 18:39:38,2,user1,1569019178
5fb0370e5d6709abf4f848c1,57,fbc7d4140196eb71c978d04bb5fddcf502826278,2019-09-20 19:03:29,2,user1,1569020609
5fb0370e5d6709abf4f848c0,2,1c680e923f3e6075ce55680041edb0ee4294f85e,2019-09-20 19:25:40,2,user1,1569021940
5fb0370e5d6709abf4f848bf,32,1c680e923f3e6075ce55680041edb0ee4294f85e,2019-09-20 19:28:03,1,user1,1569022083
5fb0370e5d6709abf4f848be,3,f51181e35f1fc81dc40512c47bd88921881edb72,2019-09-20 19:28:50,2,user1,1569022130
5fb0370ece8fb907ae723363,4,f51181e35f1fc81dc40512c47bd88921881edb72,2019-09-20 19:38:23,1,user1,1569022703
5fb037210b39eb525a06dba5,62,b18763b8356388a049663daf98bd5a11871da7f9,2019-09-20 20:45:08,2,user1,1569026708
5fb037210b39eb525a06dba4,71,1c680e923f3e6075ce55680041edb0ee4294f85e,2019-09-20 21:18:02,2,user1,1569028682
5fb037210b39eb525a06dba3,0,2eec3d639a56e17c18384bca599a53da394e8b7f,2019-09-20 21:20:19,2,user1,1569028819
5fb037206eebe2340b4ddb08,15,1c680e923f3e6075ce55680041edb0ee4294f85e,2019-09-20 21:55:29,1,user1,1569030929
5fb037218275823ecf3b43ce,51,b18763b8356388a049663daf98bd5a11871da7f9,2019-09-21 13:01:13,1,user1,1569085273
5fb03721bda4a822000e31be,48,b18763b8356388a049663daf98bd5a11871da7f9,2019-09-21 13:24:55,1,user1,1569086695
5fb03721bda4a822000e31bd,1,1c680e923f3e6075ce55680041edb0ee4294f85e,2019-09-21 14:01:49,2,user1,1569088909
5fb03721d8c87b31f048e321,63,1c680e923f3e6075ce55680041edb0ee4294f85e,2019-09-21 14:28:31,2,user1,1569090511
5fb03721d8c87b31f048e320,252,1c680e923f3e6075ce55680041edb0ee4294f85e,2019-09-21 14:33:07,1,user1,1569090787
5fb037214388aed48bac0044,2,1c680e923f3e6075ce55680041edb0ee4294f85e,2019-09-21 15:36:51,2,user1,1569094611
5fb4cd8a3769968abba83326,95,d50ec7d60b99a7a6650cf61b8508a321f69ed5f2,2019-09-21 18:44:36,2,user1,1569105876
5fb037213d45a61fbd653c90,0,2eec3d639a56e17c18384bca599a53da394e8b7f,2019-09-21 21:07:24,2,user1,1569114444
5fb037213d45a61fbd653c8f,112,2eec3d639a56e17c18384bca599a53da394e8b7f,2019-09-21 21:12:35,1,user1,1569114755
5fb037213d45a61fbd653c8e,108,b569c503dd98eae5abbbab0864346411d03be73e,2019-09-21 21:27:08,1,user1,1569115628
5fb03721d1bca72309ea9b2b,64,b18763b8356388a049663daf98bd5a11871da7f9,2019-09-21 22:54:37,2,user1,1569120877
5fb03721ae1be022fe28b059,3,6f08384c3647194357a37f0282206e936241e285,2019-09-22 00:49:23,1,user1,1569127763
5fb037218635dc2391f25308,0,3ea119d62ee7c7322e37127edff76b86f20aa870,2019-09-22 02:27:05,3,user1,1569133625
5fb037218635dc2391f25307,0,3ea119d62ee7c7322e37127edff76b86f20aa870,2019-09-22 02:27:45,3,user1,1569133665
5fb037218635dc2391f25306,0,3ea119d62ee7c7322e37127edff76b86f20aa870,2019-09-22 02:55:22,3,user1,1569135322
5fb037218635dc2391f25305,0,3ea119d62ee7c7322e37127edff76b86f20aa870,2019-09-22 03:09:55,3,user1,1569136195
5fb037218635dc2391f25304,0,3ea119d62ee7c7322e37127edff76b86f20aa870,2019-09-22 03:10:37,3,user1,1569136237
5fb03733f34425d6d9f8565e,6,6f08384c3647194357a37f0282206e936241e285,2019-09-22 10:40:03,1,user1,1569163203
5fb037332465e33015b4e188,1,4bd8f3526cd8b59271900446abe0956b18d707c0,2019-09-22 12:30:54,2,user1,1569169854
5fb037332465e33015b4e187,0,4bd8f3526cd8b59271900446abe0956b18d707c0,2019-09-22 12:34:50,3,user1,1569170090
5fb037332465e33015b4e186,370,4bd8f3526cd8b59271900446abe0956b18d707c0,2019-09-22 12:36:17,2,user1,1569170177
5fb037332465e33015b4e185,5,6f08384c3647194357a37f0282206e936241e285,2019-09-22 12:45:35,1,user1,1569170735
5fb037332465e33015b4e184,5,6f08384c3647194357a37f0282206e936241e285,2019-09-22 12:56:08,1,user1,1569171368
5fb037332465e33015b4e183,76,1c680e923f3e6075ce55680041edb0ee4294f85e,2019-09-22 13:06:57,1,user1,1569172017
5fb03733fb07392009335476,5,6f08384c3647194357a37f0282206e936241e285,2019-09-22 13:54:23,1,user1,1569174863
5fb037336cf5afcd1731f989,0,4bd8f3526cd8b59271900446abe0956b18d707c0,2019-09-22 15:53:09,2,user1,1569181989
5fb037336cf5afcd1731f98a,4,6f08384c3647194357a37f0282206e936241e285,2019-09-22 16:13:05,1,user1,1569183185
5fb0373317ed6259a6c19430,2,b18763b8356388a049663daf98bd5a11871da7f9,2019-09-22 20:52:51,2,user1,1569199971
5fb0373317ed6259a6c1942f,100,1c680e923f3e6075ce55680041edb0ee4294f85e,2019-09-22 20:53:31,2,user1,1569200011
5fb0373317ed6259a6c1942e,28,,2019-09-22 21:01:22,1,user1,1569200482
5fb0373317ed6259a6c1942d,101,1c680e923f3e6075ce55680041edb0ee4294f85e,2019-09-22 21:08:22,2,user1,1569200902
5fb4cd8a3769968abba8330d,76,b18763b8356388a049663daf98bd5a11871da7f9,2019-09-22 21:10:22,2,user1,1569201022
5fb037331b0041076c0da2bc,601,b18763b8356388a049663daf98bd5a11871da7f9,2019-09-22 21:14:07,1,user1,1569201247
5fb037331b0041076c0da2bb,4,6f08384c3647194357a37f0282206e936241e285,2019-09-22 21:40:21,1,user1,1569202821
5fb03733aa6937c66f81af48,68,3ea119d62ee7c7322e37127edff76b86f20aa870,2019-09-23 00:23:21,2,user1,1569212601
5fb03733aa6937c66f81af47,0,4bd8f3526cd8b59271900446abe0956b18d707c0,2019-09-23 00:25:54,2,user1,1569212754
5fb037337993eff5905cf8a7,6,6f08384c3647194357a37f0282206e936241e285,2019-09-23 14:20:35,1,user1,1569262835
5fb037337993eff5905cf8a6,5,6f08384c3647194357a37f0282206e936241e285,2019-09-23 14:24:18,1,user1,1569263058
5fb0374462a53facd6308543,277,cc7be95f066e2cc4edc6c2e00356e0653d863514,2019-09-23 19:15:45,1,user1,1569280545
5fb0374462a53facd6308542,6,6f08384c3647194357a37f0282206e936241e285,2019-09-23 19:55:51,1,user1,1569282951
5fb0374462a53facd6308545,0,b569c503dd98eae5abbbab0864346411d03be73e,2019-09-23 20:50:00,3,user1,1569286200
5fb0374462a53facd6308544,144,b569c503dd98eae5abbbab0864346411d03be73e,2019-09-23 20:54:18,2,user1,1569286458
5fb0374611a72f7baee20617,31,cc7be95f066e2cc4edc6c2e00356e0653d863514,2019-09-24 14:16:40,1,user1,1569349000
5fb0374611a72f7baee20616,78,cc7be95f066e2cc4edc6c2e00356e0653d863514,2019-09-24 14:23:04,2,user1,1569349384
5fb0374611a72f7baee20615,5,6f08384c3647194357a37f0282206e936241e285,2019-09-24 15:04:22,1,user1,1569351862
5fb0374687b82de29196b143,929,55c42c7bcaea31d851ba4568e6e9d187e426bb2a,2019-09-24 15:51:12,2,user1,1569354672
5fb03746b40e82583a098f8a,40,1c680e923f3e6075ce55680041edb0ee4294f85e,2019-09-24 21:05:34,1,user1,1569373534
5fb037586cf2a9f1257f7607,86,4bd8f3526cd8b59271900446abe0956b18d707c0,2019-09-25 10:06:38,1,user1,1569420398
5fb037571c6b83cee68cbe7c,51,1c680e923f3e6075ce55680041edb0ee4294f85e,2019-09-25 17:56:54,2,user1,1569448614
5fb03759aa39a039f304ec66,422,4bd8f3526cd8b59271900446abe0956b18d707c0,2019-09-25 22:37:57,1,user1,1569465477
5fb037593ac2010a13a7a398,0,3ea119d62ee7c7322e37127edff76b86f20aa870,2019-09-26 04:06:09,3,user1,1569485169
5fb037593ac2010a13a7a397,0,3ea119d62ee7c7322e37127edff76b86f20aa870,2019-09-26 04:06:52,3,user1,1569485212
5fb03759325a2b5d71176624,3,60b56c62fae6ae7d9bd8e9c22ea88b6e3130eaa6,2019-09-26 09:48:17,1,user1,1569505697
5fb0376bcc223d0b98a57050,45,1c680e923f3e6075ce55680041edb0ee4294f85e,2019-09-26 17:27:10,2,user1,1569533230
5fb0376b30147155f877ba89,0,d41e5e4c902c06c6ac6d19d2b63aaac391e3343d,2019-09-27 11:16:13,3,user1,1569597373
5fb0376b30147155f877ba88,6,6f08384c3647194357a37f0282206e936241e285,2019-09-27 11:56:29,1,user1,1569599789
5fb0376bfe7ed3ada9a74b90,3,55c42c7bcaea31d851ba4568e6e9d187e426bb2a,2019-09-27 13:53:03,2,user1,1569606783
5fb0376bfe7ed3ada9a74b8f,0,55c42c7bcaea31d851ba4568e6e9d187e426bb2a,2019-09-27 14:07:05,3,user1,1569607625
5fb0376bfe7ed3ada9a74b92,348,55c42c7bcaea31d851ba4568e6e9d187e426bb2a,2019-09-27 14:13:41,2,user1,1569608021
5fb0376bfe7ed3ada9a74b91,437,55c42c7bcaea31d851ba4568e6e9d187e426bb2a,2019-09-27 14:22:07,1,user1,1569608527
5fb037694ef15ff665a090fc,145,b18763b8356388a049663daf98bd5a11871da7f9,2019-09-27 16:02:44,1,user1,1569614564
5fb0376b201706272395c84f,29,b18763b8356388a049663daf98bd5a11871da7f9,2019-09-27 18:00:29,2,user1,1569621629
5fb0376b487102329454db95,17,b18763b8356388a049663daf98bd5a11871da7f9,2019-09-27 21:34:55,2,user1,1569634495
5fb0376b487102329454db94,0,b18763b8356388a049663daf98bd5a11871da7f9,2019-09-27 21:39:41,2,user1,1569634781
5fb0376b487102329454db93,7,b18763b8356388a049663daf98bd5a11871da7f9,2019-09-27 21:40:01,2,user1,1569634801
5fb0377e5449de474029c658,536,fbc7d4140196eb71c978d04bb5fddcf502826278,2019-09-28 00:59:24,2,user1,1569646764
5fb0377de66ba8c856309a34,0,3ea119d62ee7c7322e37127edff76b86f20aa870,2019-09-28 02:32:56,3,user1,1569652376
5fb0377e7a2fe3afc8197482,1,1c680e923f3e6075ce55680041edb0ee4294f85e,2019-09-28 17:19:06,2,user1,1569705546
5fb0377e7a2fe3afc8197481,136,4bd8f3526cd8b59271900446abe0956b18d707c0,2019-09-28 17:19:42,2,user1,1569705582
5fb0377e7a2fe3afc8197480,2,4bd8f3526cd8b59271900446abe0956b18d707c0,2019-09-28 17:22:09,2,user1,1569705729
5fb0377e7a2fe3afc819747f,330,4bd8f3526cd8b59271900446abe0956b18d707c0,2019-09-28 17:22:24,1,user1,1569705744
5fb0377e7a2fe3afc819747e,0,1c680e923f3e6075ce55680041edb0ee4294f85e,2019-09-28 17:28:08,2,user1,1569706088
5fb0377e7a2fe3afc819747d,255,1c680e923f3e6075ce55680041edb0ee4294f85e,2019-09-28 17:52:45,1,user1,1569707565
5fb0377e0c002cf7a13f0303,39,1c680e923f3e6075ce55680041edb0ee4294f85e,2019-09-28 19:05:57,2,user1,1569711957
5fb0377cd16b02959ad4a27b,0,55c42c7bcaea31d851ba4568e6e9d187e426bb2a,2019-09-28 22:27:46,3,user1,1569724066
5fb0377ed15c044fa45babee,57,3ea119d62ee7c7322e37127edff76b86f20aa870,2019-09-29 00:37:39,1,user1,1569731859
5fb0377e37484d1acc4fe389,0,3ea119d62ee7c7322e37127edff76b86f20aa870,2019-09-29 01:12:01,3,user1,1569733921
5fb0377e37484d1acc4fe388,31,3ea119d62ee7c7322e37127edff76b86f20aa870,2019-09-29 01:18:52,2,user1,1569734332
5fb0379132a7452de463f297,5,6f08384c3647194357a37f0282206e936241e285,2019-09-30 00:57:31,1,user1,1569819451
5fb037917f2afd1adbb29b26,51,a63b6b1d6ba11b1a65979f3e7223817096bb09d2,2019-09-30 10:01:34,2,user1,1569852094
5fb037917f2afd1adbb29b25,82,a63b6b1d6ba11b1a65979f3e7223817096bb09d2,2019-09-30 10:02:35,2,user1,1569852155
5fb037a2847ebf2498f14ee3,4,6f08384c3647194357a37f0282206e936241e285,2019-10-01 09:04:15,1,user1,1569935055
5fb037a2847ebf2498f14ee7,5,6f08384c3647194357a37f0282206e936241e285,2019-10-01 09:12:27,1,user1,1569935547
5fb037a2847ebf2498f14ee6,6,6f08384c3647194357a37f0282206e936241e285,2019-10-01 09:18:01,1,user1,1569935881
5fb037a2847ebf2498f14ee5,7,6f08384c3647194357a37f0282206e936241e285,2019-10-01 09:20:34,1,user1,1569936034
5fb037a2847ebf2498f14ee4,6,6f08384c3647194357a37f0282206e936241e285,2019-10-01 09:22:29,1,user1,1569936149
5fb037a3288b8bb0f18c55b9,8,6f08384c3647194357a37f0282206e936241e285,2019-10-01 12:27:48,1,user1,1569947268
5fb037a3288b8bb0f18c55b8,5,6f08384c3647194357a37f0282206e936241e285,2019-10-01 12:31:59,1,user1,1569947519
5fb037a3a7a1130d6b28127c,848,55c42c7bcaea31d851ba4568e6e9d187e426bb2a,2019-10-01 14:14:50,2,user1,1569953690
5fb037a23b6551b3ad1cb059,0,1c680e923f3e6075ce55680041edb0ee4294f85e,2019-10-01 17:40:55,3,user1,1569966055
5fb037a23b6551b3ad1cb058,32,1c680e923f3e6075ce55680041edb0ee4294f85e,2019-10-01 17:54:41,2,user1,1569966881
5fb037a23b6551b3ad1cb057,5,6f08384c3647194357a37f0282206e936241e285,2019-10-01 17:55:56,1,user1,1569966956
5fb037a3d0a9deb1158dbaa5,4,4bd8f3526cd8b59271900446abe0956b18d707c0,2019-10-01 19:08:07,2,user1,1569971287
5fb4cd893769968abba832cf,2725,4671ffbdd7a25b627a96191ca649b99e917dc35,2019-10-01 19:29:03,1,user1,1569972543
5fb037a37d5176e2a19b9bd9,0,4bd8f3526cd8b59271900446abe0956b18d707c0,2019-10-01 20:58:16,3,user1,1569977896
5fb037a37d5176e2a19b9bd8,709,4bd8f3526cd8b59271900446abe0956b18d707c0,2019-10-01 20:59:16,2,user1,1569977956
5fb037a25d2a6ef65b931104,5,6f08384c3647194357a37f0282206e936241e285,2019-10-01 23:24:39,1,user1,1569986679
5fb037a25d2a6ef65b931103,531,55c42c7bcaea31d851ba4568e6e9d187e426bb2a,2019-10-01 23:42:23,2,user1,1569987743
5fb037b51190333e64b2777e,4,6f08384c3647194357a37f0282206e936241e285,2019-10-02 12:07:08,1,user1,1570032428
5fb037b5464487146ea5a2f8,5,6f08384c3647194357a37f0282206e936241e285,2019-10-02 15:50:02,1,user1,1570045802
5fb037b6edf6050dffa4dbb5,4,6f08384c3647194357a37f0282206e936241e285,2019-10-02 18:44:29,1,user1,1570056269
5fb037b5dd4e2df470a0f568,5,55c42c7bcaea31d851ba4568e6e9d187e426bb2a,2019-10-03 13:06:36,2,user1,1570122396
5fb037b5dd4e2df470a0f567,5,6f08384c3647194357a37f0282206e936241e285,2019-10-03 13:16:17,1,user1,1570122977
5fb037b5dd4e2df470a0f566,90,3282c86864b94e26bc00bf0c7c347e477ea1f678,2019-10-03 13:18:50,2,user1,1570123130
5fb037b5c79858a7c5473ca1,7,6f08384c3647194357a37f0282206e936241e285,2019-10-03 16:43:01,1,user1,1570135381
5fb037b5c79858a7c5473ca2,0,8119b673b8309f7040ba6ec7440081a88293789b,2019-10-03 17:20:36,3,user1,1570137636
5fb037c8deb38b51cfae445d,4,6f08384c3647194357a37f0282206e936241e285,2019-10-03 19:32:32,1,user1,1570145552
5fb037c8f4f079ba8fff5c83,6,6f08384c3647194357a37f0282206e936241e285,2019-10-04 10:31:42,1,user1,1570199502
5fb037c866c4f9bead9a65db,5,6f08384c3647194357a37f0282206e936241e285,2019-10-04 16:01:04,1,user1,1570219264
5fb037c78c2e121c0f3a11a9,0,fbc7d4140196eb71c978d04bb5fddcf502826278,2019-10-04 19:09:05,2,user1,1570230545
5fb037c78c2e121c0f3a11a8,219,1c680e923f3e6075ce55680041edb0ee4294f85e,2019-10-04 19:09:59,2,user1,1570230599
5fb037c78c2e121c0f3a11a7,2,b18763b8356388a049663daf98bd5a11871da7f9,2019-10-04 19:14:05,2,user1,1570230845
5fb037c78c2e121c0f3a11a6,1,b18763b8356388a049663daf98bd5a11871da7f9,2019-10-04 19:18:02,2,user1,1570231082
5fb037c78c2e121c0f3a11a5,106,fbc7d4140196eb71c978d04bb5fddcf502826278,2019-10-04 19:22:39,2,user1,1570231359
5fb037c78c2e121c0f3a11a4,45,b18763b8356388a049663daf98bd5a11871da7f9,2019-10-04 20:00:14,2,user1,1570233614
5fb037c78c2e121c0f3a11a3,237,b18763b8356388a049663daf98bd5a11871da7f9,2019-10-04 20:01:43,1,user1,1570233703
5fb4cd893769968abba832b8,55,1c680e923f3e6075ce55680041edb0ee4294f85e,2019-10-04 20:06:33,2,user1,1570233993
5fb037c827a876a1f5a0705a,34,fbc7d4140196eb71c978d04bb5fddcf502826278,2019-10-04 21:44:47,1,user1,1570239887
5fb037c827a876a1f5a07059,33,fbc7d4140196eb71c978d04bb5fddcf502826278,2019-10-04 21:51:02,1,user1,1570240262
5fb037c8ddf7cd0d8a4eca02,27,1c680e923f3e6075ce55680041edb0ee4294f85e,2019-10-05 00:37:20,1,user1,1570250240
5fb037da859d121edca015fd,0,3ea119d62ee7c7322e37127edff76b86f20aa870,2019-10-05 03:14:54,3,user1,1570259694
5fb037da859d121edca015fc,0,3ea119d62ee7c7322e37127edff76b86f20aa870,2019-10-05 03:16:17,3,user1,1570259777
5fb037dbfa0143e581bc1daa,4,6f08384c3647194357a37f0282206e936241e285,2019-10-05 11:50:04,1,user1,1570290604
5fb037db4292218c39dabe0a,34,1c680e923f3e6075ce55680041edb0ee4294f85e,2019-10-05 12:25:44,2,user1,1570292744
5fb037daac0d68e66db3e467,13,4bd8f3526cd8b59271900446abe0956b18d707c0,2019-10-05 13:48:01,2,user1,1570297681
5fb037da817d707e0b82e706,15,f0eb5259ada976cf041e06d3b6b684fab7bd0b53,2019-10-05 20:29:44,1,user1,1570321784
5fb037db36e263414f3696f1,0,aeda04d4e363d9b8bc46d4c65276d063a3f54189,2019-10-05 23:01:18,1,user1,1570330878
5fb037db9129c566f19084a6,0,50943a2857f4d0ffb693f3b5cddeda73411b3d78,2019-10-06 00:00:24,3,user1,1570334424
5fb037db9129c566f19084b4,0,4bd8f3526cd8b59271900446abe0956b18d707c0,2019-10-06 00:29:02,2,user1,1570336142
5fb037db9129c566f19084b3,58,4bd8f3526cd8b59271900446abe0956b18d707c0,2019-10-06 00:29:29,1,user1,1570336169
5fb037db9129c566f19084b2,23,4bd8f3526cd8b59271900446abe0956b18d707c0,2019-10-06 00:31:45,2,user1,1570336305
5fb037db9129c566f19084b1,0,1843edc068983deeba90641fd24362c49f2ba86f,2019-10-06 00:36:08,3,user1,1570336568
5fb037db9129c566f19084b0,2,1843edc068983deeba90641fd24362c49f2ba86f,2019-10-06 00:37:34,2,user1,1570336654
5fb037db9129c566f19084af,0,3ea119d62ee7c7322e37127edff76b86f20aa870,2019-10-06 00:38:52,2,user1,1570336732
5fb037db9129c566f19084ae,1,50943a2857f4d0ffb693f3b5cddeda73411b3d78,2019-10-06 00:43:53,2,user1,1570337033
5fb037db9129c566f19084ad,0,50943a2857f4d0ffb693f3b5cddeda73411b3d78,2019-10-06 00:44:02,2,user1,1570337042
5fb037db9129c566f19084ac,17,3ea119d62ee7c7322e37127edff76b86f20aa870,2019-10-06 00:47:37,2,user1,1570337257
5fb037db9129c566f19084ab,1,50943a2857f4d0ffb693f3b5cddeda73411b3d78,2019-10-06 00:48:26,2,user1,1570337306
5fb037db9129c566f19084aa,0,a64b3398af54e394b299fd13df5c4569736eae16,2019-10-06 00:48:47,2,user1,1570337327
5fb037db9129c566f19084a9,41,1c680e923f3e6075ce55680041edb0ee4294f85e,2019-10-06 00:49:23,2,user1,1570337363
5fb037db9129c566f19084a8,28,50943a2857f4d0ffb693f3b5cddeda73411b3d78,2019-10-06 00:50:13,1,user1,1570337413
5fb037db9129c566f19084a7,0,a64b3398af54e394b299fd13df5c4569736eae16,2019-10-06 00:54:36,3,user1,1570337676
5fb037db5d16c67945d0f062,0,a64b3398af54e394b299fd13df5c4569736eae16,2019-10-06 01:10:25,3,user1,1570338625
5fb037db5d16c67945d0f061,38,a64b3398af54e394b299fd13df5c4569736eae16,2019-10-06 01:11:07,2,user1,1570338667
5fb037db5d16c67945d0f060,0,b18763b8356388a049663daf98bd5a11871da7f9,2019-10-06 01:26:06,2,user1,1570339566
5fb037db5d16c67945d0f05f,0,b18763b8356388a049663daf98bd5a11871da7f9,2019-10-06 01:26:34,3,user1,1570339594
5fb037db8eefb6bddf03344c,0,3ea119d62ee7c7322e37127edff76b86f20aa870,2019-10-06 02:15:02,3,user1,1570342502
5fb037db8eefb6bddf03344b,1,3ea119d62ee7c7322e37127edff76b86f20aa870,2019-10-06 02:33:22,2,user1,1570343602
5fb037db8eefb6bddf03344a,1,3ea119d62ee7c7322e37127edff76b86f20aa870,2019-10-06 02:37:54,2,user1,1570343874
5fb037db8eefb6bddf033449,8,3ea119d62ee7c7322e37127edff76b86f20aa870,2019-10-06 02:38:05,2,user1,1570343885
5fb037dbbb514f468e9cb00c,0,3ea119d62ee7c7322e37127edff76b86f20aa870,2019-10-06 04:00:07,3,user1,1570348807
5fb037dbbb514f468e9cb00b,0,3ea119d62ee7c7322e37127edff76b86f20aa870,2019-10-06 04:00:52,3,user1,1570348852
5fb037dbbb514f468e9cb00a,0,3ea119d62ee7c7322e37127edff76b86f20aa870,2019-10-06 04:01:33,3,user1,1570348893
5fb037dbbb514f468e9cb009,0,3ea119d62ee7c7322e37127edff76b86f20aa870,2019-10-06 04:02:14,3,user1,1570348934
5fb037dbbb514f468e9cb008,0,3ea119d62ee7c7322e37127edff76b86f20aa870,2019-10-06 04:02:59,3,user1,1570348979
5fb037eed6f5e481dab8a62e,1075,10002a31320e099689975a3d80b1522bd9fc2150,2019-10-06 17:21:42,2,user1,1570396902
5fb037ee08928621ab92b0b8,349,55c42c7bcaea31d851ba4568e6e9d187e426bb2a,2019-10-06 18:16:38,2,user1,1570400198
5fb037ee08928621ab92b0b7,41,55c42c7bcaea31d851ba4568e6e9d187e426bb2a,2019-10-06 19:02:45,2,user1,1570402965
5fb037ee08928621ab92b0b6,11,55c42c7bcaea31d851ba4568e6e9d187e426bb2a,2019-10-06 19:03:38,2,user1,1570403018
5fb037ee08928621ab92b0b5,60,55c42c7bcaea31d851ba4568e6e9d187e426bb2a,2019-10-06 19:04:20,1,user1,1570403060
5fb037ed1205b3b4586a81b5,0,fbc7d4140196eb71c978d04bb5fddcf502826278,2019-10-06 22:22:49,2,user1,1570414969
5fb037ed1205b3b4586a81b4,127,4bd8f3526cd8b59271900446abe0956b18d707c0,2019-10-06 22:23:42,2,user1,1570415022
5fb037ed1205b3b4586a81b3,0,fbc7d4140196eb71c978d04bb5fddcf502826278,2019-10-06 22:25:25,3,user1,1570415125
5fb037ed1205b3b4586a81b2,115,fbc7d4140196eb71c978d04bb5fddcf502826278,2019-10-06 22:26:12,2,user1,1570415172
5fb037eecce76d3233993d6a,6,6f08384c3647194357a37f0282206e936241e285,2019-10-07 13:16:53,1,user1,1570468613
5fb0380050864ce2911a0085,2,55c42c7bcaea31d851ba4568e6e9d187e426bb2a,2019-10-08 13:03:06,2,user1,1570554186
5fb0380050864ce2911a0084,626,55c42c7bcaea31d851ba4568e6e9d187e426bb2a,2019-10-08 13:09:18,1,user1,1570554558
5fb03800b0c65f901ec52c6b,77,1c680e923f3e6075ce55680041edb0ee4294f85e,2019-10-08 19:21:57,2,user1,1570576917
5fb03801059e6c1d3cb78ee8,35,1c680e923f3e6075ce55680041edb0ee4294f85e,2019-10-08 20:43:41,2,user1,1570581821
5fb03813b0cc35b1bb7c7cb3,0,af19f497317c2fdc304978c8338c9bdfc1d30f26,2019-10-09 13:43:36,3,user1,1570643016
5fb03813b0cc35b1bb7c7cb2,0,4bd8f3526cd8b59271900446abe0956b18d707c0,2019-10-09 14:01:44,3,user1,1570644104
5fb03813b0cc35b1bb7c7cb1,138,4bd8f3526cd8b59271900446abe0956b18d707c0,2019-10-09 14:02:29,2,user1,1570644149
5fb03813d94bc094d2ecaeb2,0,21e0180a7c1072d95b5e5852ecdeb87872697fa8,2019-10-09 19:06:26,2,user1,1570662386
5fb0381244bc6ca0b195e8cf,6,6f08384c3647194357a37f0282206e936241e285,2019-10-09 21:13:19,1,user1,1570669999
5fb038129a891fe502846816,0,2f6fdf1917fcb0a3a4ce9bc24f80cc473e1b213a,2019-10-10 11:57:15,3,user1,1570723035
5fb0381343cb3372b5595d92,423,1c680e923f3e6075ce55680041edb0ee4294f85e,2019-10-11 00:14:33,1,user1,1570767273
5fb03826925471c1e269348c,7,6f08384c3647194357a37f0282206e936241e285,2019-10-11 01:00:11,1,user1,1570770011
5fb038250a1aaf9c92e5bdfb,4,6f08384c3647194357a37f0282206e936241e285,2019-10-11 13:16:54,1,user1,1570814214
5fb038267571148a2e34ed7b,30,b18763b8356388a049663daf98bd5a11871da7f9,2019-10-11 13:58:28,2,user1,1570816708
5fb038267571148a2e34ed7a,19,b18763b8356388a049663daf98bd5a11871da7f9,2019-10-11 14:01:46,2,user1,1570816906
5fb0382652d2e6508aa160c3,87,fbc7d4140196eb71c978d04bb5fddcf502826278,2019-10-11 17:42:29,2,user1,1570830149
5fb0382652d2e6508aa160c2,54,1c680e923f3e6075ce55680041edb0ee4294f85e,2019-10-11 17:44:11,2,user1,1570830251
5fb0382526d619b8a1994c3a,60,fbc7d4140196eb71c978d04bb5fddcf502826278,2019-10-11 19:08:33,2,user1,1570835313
5fb0382526d619b8a1994c39,116,55c42c7bcaea31d851ba4568e6e9d187e426bb2a,2019-10-11 19:23:46,2,user1,1570836226
5fb0382526d619b8a1994c3b,9,fbc7d4140196eb71c978d04bb5fddcf502826278,2019-10-11 19:45:28,2,user1,1570837528
5fb4cd893769968abba83273,65,b18763b8356388a049663daf98bd5a11871da7f9,2019-10-11 20:39:42,1,user1,1570840782
5fb038251cd293f25a6ed5ff,0,b18763b8356388a049663daf98bd5a11871da7f9,2019-10-11 20:46:17,2,user1,1570841177
5fb038251cd293f25a6ed5fe,51,b18763b8356388a049663daf98bd5a11871da7f9,2019-10-11 20:46:19,2,user1,1570841179
5fb03826cb4af83938081957,13,3ea119d62ee7c7322e37127edff76b86f20aa870,2019-10-11 23:59:57,2,user1,1570852797
5fb03826cb4af83938081956,25,3ea119d62ee7c7322e37127edff76b86f20aa870,2019-10-12 00:01:00,1,user1,1570852860
5fb03826cb4af83938081955,24,b18763b8356388a049663daf98bd5a11871da7f9,2019-10-12 00:01:46,1,user1,1570852906
5fb03826cb4af83938081954,17,b18763b8356388a049663daf98bd5a11871da7f9,2019-10-12 00:03:55,1,user1,1570853035
5fb03826cb4af83938081953,0,b18763b8356388a049663daf98bd5a11871da7f9,2019-10-12 00:17:52,2,user1,1570853872
5fb03826cb4af83938081952,42,3ea119d62ee7c7322e37127edff76b86f20aa870,2019-10-12 00:17:58,2,user1,1570853878
5fb03826cb4af83938081951,9,3ea119d62ee7c7322e37127edff76b86f20aa870,2019-10-12 00:23:55,2,user1,1570854235
5fb038260a21593ca08f10c1,0,3ea119d62ee7c7322e37127edff76b86f20aa870,2019-10-12 01:58:32,5,user1,1570859912
5fb038381d6b361d0172f77a,53,dc671da27a4958205c61514ece426405b706a770,2019-10-12 12:01:12,2,user1,1570896072
5fb038385bd7c6689027b41b,467,1c680e923f3e6075ce55680041edb0ee4294f85e,2019-10-12 13:10:32,2,user1,1570900232
5fb038385bd7c6689027b41a,0,20603235b1c618a80a81e9cabed113fd3e167bc0,2019-10-12 13:15:53,5,user1,1570900553
5fb03838b634a134fb04c9a5,19,fbc7d4140196eb71c978d04bb5fddcf502826278,2019-10-12 13:28:36,2,user1,1570901316
5fb038393b49b95c7f1f6b86,798,b18763b8356388a049663daf98bd5a11871da7f9,2019-10-12 15:47:56,2,user1,1570909676
5fb038393b49b95c7f1f6b87,3,55c42c7bcaea31d851ba4568e6e9d187e426bb2a,2019-10-12 17:02:40,2,user1,1570914160
5fb4cd893769968abba83262,1492,55c42c7bcaea31d851ba4568e6e9d187e426bb2a,2019-10-12 17:05:10,1,user1,1570914310
5fb03839663780089c24964d,11,fe62451aaba8258523a9e3ecdb06f171b49d56be,2019-10-12 20:23:28,1,user1,1570926208
5fb0384bdd02618f2cace3e5,4,6f08384c3647194357a37f0282206e936241e285,2019-10-13 23:15:08,1,user1,1571022908
5fb0384b3f427d3fd742077b,0,51e4bbc84bc06de13c34f57f5f763102ab9d9a0,2019-10-14 11:36:48,3,user1,1571067408
5fb4cd893769968abba8325e,1654,1ea1a7062ba95dd2adb6bfeae40e4e69b761d8a,2019-10-15 00:56:10,1,user1,1571115370
5fb0385e23910b3505535e05,1101,5ece15e7d1cc2dc4fe6ca8734d00e151e8588773,2019-10-15 14:32:06,2,user1,1571164326
5fb0385e23910b3505535e04,663,78805ed6a939d10b1309cdca6e02ab2a044dea9a,2019-10-15 14:51:24,2,user1,1571165484
5fb0385e23910b3505535e03,6,6f08384c3647194357a37f0282206e936241e285,2019-10-15 15:05:25,1,user1,1571166325
5fb0385e23910b3505535e02,45,d0fa578e93a85fc73baebe18b87456765423a53,2019-10-15 15:11:25,2,user1,1571166685
5fb0385e23910b3505535e01,75,d0fa578e93a85fc73baebe18b87456765423a53,2019-10-15 15:14:50,2,user1,1571166890
5fb0385e23910b3505535e00,7,55c42c7bcaea31d851ba4568e6e9d187e426bb2a,2019-10-15 15:20:01,2,user1,1571167201
5fb0385ecb39ba6114cd51c4,387,55c42c7bcaea31d851ba4568e6e9d187e426bb2a,2019-10-15 15:51:00,1,user1,1571169060
5fb0385ecb39ba6114cd51c3,3,6f08384c3647194357a37f0282206e936241e285,2019-10-15 16:09:59,1,user1,1571170199
5fb0385e4a5edca9bfe41b7d,0,4498d09c50e5e5699451052c03a1209bbda3a669,2019-10-15 18:31:46,3,user1,1571178706
5fb0385e4a5edca9bfe41b80,96,1c680e923f3e6075ce55680041edb0ee4294f85e,2019-10-15 19:45:07,2,user1,1571183107
5fb0385e4a5edca9bfe41b7f,0,1c680e923f3e6075ce55680041edb0ee4294f85e,2019-10-15 20:12:18,3,user1,1571184738
5fb0385e4a5edca9bfe41b7e,0,1c680e923f3e6075ce55680041edb0ee4294f85e,2019-10-15 20:15:22,2,user1,1571184922
5fb0385d1ea5ba71635be263,1,a64b3398af54e394b299fd13df5c4569736eae16,2019-10-15 21:55:30,2,user1,1571190930
5fb0385d1ea5ba71635be262,32,a64b3398af54e394b299fd13df5c4569736eae16,2019-10-15 22:14:17,1,user1,1571192057
5fb0385ef543f8e0cc66b384,4,6f08384c3647194357a37f0282206e936241e285,2019-10-16 11:52:17,1,user1,1571241137
5fb0385e8eb1c8c168744175,3,6f08384c3647194357a37f0282206e936241e285,2019-10-16 15:57:36,1,user1,1571255856
5fb0385e5c5c3b2c5b3cac8f,8,6f08384c3647194357a37f0282206e936241e285,2019-10-16 19:46:23,1,user1,1571269583
5fb03870395cd69dd95e8021,472,55c42c7bcaea31d851ba4568e6e9d187e426bb2a,2019-10-17 12:04:04,2,user1,1571328244
5fb0387179099d77adf402e6,74,1c680e923f3e6075ce55680041edb0ee4294f85e,2019-10-17 20:49:54,2,user1,1571359794
5fb0387179099d77adf402e5,45,1c680e923f3e6075ce55680041edb0ee4294f85e,2019-10-17 20:51:26,1,user1,1571359886
5fb0387179099d77adf402e4,20,1c680e923f3e6075ce55680041edb0ee4294f85e,2019-10-17 21:04:10,1,user1,1571360650
5fb03871f6a56b24add352a6,5,6f08384c3647194357a37f0282206e936241e285,2019-10-17 22:35:12,1,user1,1571366112
5fb0388331d38682f83c5b54,100,b18763b8356388a049663daf98bd5a11871da7f9,2019-10-18 22:54:32,1,user1,1571453672
5fb0388331d38682f83c5b53,3,b18763b8356388a049663daf98bd5a11871da7f9,2019-10-18 23:06:52,2,user1,1571454412
5fb0388331d38682f83c5b52,0,b18763b8356388a049663daf98bd5a11871da7f9,2019-10-18 23:07:37,2,user1,1571454457
5fb0388331d38682f83c5b51,56,b18763b8356388a049663daf98bd5a11871da7f9,2019-10-18 23:11:32,1,user1,1571454692
5fb03883eed55dc15e8d4231,0,4bd8f3526cd8b59271900446abe0956b18d707c0,2019-10-18 23:58:49,3,user1,1571457529
5fb03883eed55dc15e8d4230,0,4bd8f3526cd8b59271900446abe0956b18d707c0,2019-10-19 00:00:16,2,user1,1571457616
5fb03883eed55dc15e8d422f,67,4bd8f3526cd8b59271900446abe0956b18d707c0,2019-10-19 00:00:19,2,user1,1571457619
5fb03883eed55dc15e8d422e,1,4dd339027bf4e0a7f0eebd8215a9f78a2f1f77ab,2019-10-19 00:11:55,2,user1,1571458315
5fb038848142d0750f3bc0b7,75,1c680e923f3e6075ce55680041edb0ee4294f85e,2019-10-19 01:10:54,1,user1,1571461854
5fb038848142d0750f3bc0b6,183,1c680e923f3e6075ce55680041edb0ee4294f85e,2019-10-19 01:12:33,2,user1,1571461953
5fb038831e450e5c91f7ec65,0,3ea119d62ee7c7322e37127edff76b86f20aa870,2019-10-19 03:04:16,3,user1,1571468656
5fb038831e450e5c91f7ec64,0,3ea119d62ee7c7322e37127edff76b86f20aa870,2019-10-19 03:04:57,3,user1,1571468697
5fb03884229522a8e31724ca,0,b18763b8356388a049663daf98bd5a11871da7f9,2019-10-19 10:39:19,2,user1,1571495959
5fb038830f69168ce9aab0a6,389,b18763b8356388a049663daf98bd5a11871da7f9,2019-10-19 19:33:19,1,user1,1571527999
5fb03896c27fe387321a4938,4,4bd8f3526cd8b59271900446abe0956b18d707c0,2019-10-20 01:02:35,2,user1,1571547755
5fb0389455abc79f3f1438e4,0,55c42c7bcaea31d851ba4568e6e9d187e426bb2a,2019-10-20 13:59:01,3,user1,1571594341
5fb0389455abc79f3f1438e3,118,55c42c7bcaea31d851ba4568e6e9d187e426bb2a,2019-10-20 14:03:22,2,user1,1571594602
5fb03895f8d1367b05e841f3,2,9a0b8e318939f0d607788dd6d84ed6c5ddfdda62,2019-10-20 17:19:32,2,user1,1571606372
5fb038962bed5dc18c3e08f6,6,3ea119d62ee7c7322e37127edff76b86f20aa870,2019-10-20 20:04:13,2,user1,1571616253
5fb038962bed5dc18c3e08f5,2,3ea119d62ee7c7322e37127edff76b86f20aa870,2019-10-20 20:06:12,2,user1,1571616372
5fb038a9be4a7632517399e4,0,303c0445bbcf6fac90c6e06da2e4fa4536496b1e,2019-10-21 13:40:19,3,user1,1571679619
5fb038a8b55d4a0e2e20ff88,0,adc899d65e17fa3f121d8378194ed7b72086218f,2019-10-22 06:46:34,2,user1,1571741194
5fb038a9b9e139d133c0cfcd,0,d8d306219a845247356e62ffec761289669e58c2,2019-10-22 11:14:50,3,user1,1571757290
5fb038a9b9e139d133c0cfcc,0,a64b3398af54e394b299fd13df5c4569736eae16,2019-10-22 11:49:07,5,user1,1571759347
5fb038a8e03f80853cf6b5cc,37,303c0445bbcf6fac90c6e06da2e4fa4536496b1e,2019-10-22 14:31:49,2,user1,1571769109
5fb038a9124be3d48ec31b76,374,1c680e923f3e6075ce55680041edb0ee4294f85e,2019-10-22 16:48:56,1,user1,1571777336
5fb038ba22d1bf2fbc643fac,5,6f08384c3647194357a37f0282206e936241e285,2019-10-22 19:00:18,1,user1,1571785218
5fb038ba22d1bf2fbc643fab,206,1c680e923f3e6075ce55680041edb0ee4294f85e,2019-10-22 19:06:43,2,user1,1571785603
5fb038bb36176a1cac054296,3,6f08384c3647194357a37f0282206e936241e285,2019-10-22 20:45:15,1,user1,1571791515
5fb038bbca5b835ab8acefc1,98,1c680e923f3e6075ce55680041edb0ee4294f85e,2019-10-23 16:04:26,2,user1,1571861066
5fb038bbc48511ba60aa102a,46,fa2f8f679813620da823f0808f4f60120c9a7811,2019-10-23 17:17:24,2,user1,1571865444
5fb038bb7654c35fdacb1555,2,6f08384c3647194357a37f0282206e936241e285,2019-10-23 18:20:57,1,user1,1571869257
5fb038cdeb60d6420a641c28,0,303c0445bbcf6fac90c6e06da2e4fa4536496b1e,2019-10-24 08:12:15,2,user1,1571919135
5fb038cd36289a1b1cdf01aa,6,6f08384c3647194357a37f0282206e936241e285,2019-10-24 12:31:18,1,user1,1571934678
5fb038cd36289a1b1cdf01a9,162,1c680e923f3e6075ce55680041edb0ee4294f85e,2019-10-24 12:39:48,1,user1,1571935188
5fb038ce5b02489e80037d3b,94,303c0445bbcf6fac90c6e06da2e4fa4536496b1e,2019-10-24 15:22:58,1,user1,1571944978
5fb038ce9078fef38232c21e,109,b18763b8356388a049663daf98bd5a11871da7f9,2019-10-24 18:16:22,2,user1,1571955382
5fb038ce9078fef38232c21d,3,3ea119d62ee7c7322e37127edff76b86f20aa870,2019-10-24 18:34:56,2,user1,1571956496
5fb038ce9078fef38232c21c,0,3ea119d62ee7c7322e37127edff76b86f20aa870,2019-10-24 18:42:43,2,user1,1571956963
5fb038ce92ce1f7368035c82,16,55c42c7bcaea31d851ba4568e6e9d187e426bb2a,2019-10-24 21:15:50,2,user1,1571966150
5fb038ce92ce1f7368035c81,7,55c42c7bcaea31d851ba4568e6e9d187e426bb2a,2019-10-24 21:16:16,2,user1,1571966176
5fb038ce92ce1f7368035c80,552,55c42c7bcaea31d851ba4568e6e9d187e426bb2a,2019-10-24 21:16:50,1,user1,1571966210
5fb038cd2f61bc90632f47c9,823,55c42c7bcaea31d851ba4568e6e9d187e426bb2a,2019-10-25 13:21:56,2,user1,1572024116
5fb038ce4b04b5ccda6ae457,3,4671ffbdd7a25b627a96191ca649b99e917dc35,2019-10-25 16:27:11,2,user1,1572035231
5fb038e0a6a3fc1ba2a467ea,9,6f08384c3647194357a37f0282206e936241e285,2019-10-26 00:39:24,1,user1,1572064764
5fb038e19d8ec805068d75da,0,83a6416eec04d4f622b85c10459692798fe2c447,2019-10-26 09:27:25,3,user1,1572096445
5fb038e19d8ec805068d75db,6,6f08384c3647194357a37f0282206e936241e285,2019-10-26 10:51:08,1,user1,1572101468
5fb038e1540d60104f1cd827,7,6f08384c3647194357a37f0282206e936241e285,2019-10-26 11:18:02,1,user1,1572103082
5fb038e1540d60104f1cd826,7,6f08384c3647194357a37f0282206e936241e285,2019-10-26 11:19:31,1,user1,1572103171
5fb038e0eca4ba348c302e21,3,b18763b8356388a049663daf98bd5a11871da7f9,2019-10-26 18:19:50,2,user1,1572128390
5fb038e0eca4ba348c302e20,154,b18763b8356388a049663daf98bd5a11871da7f9,2019-10-26 18:26:52,1,user1,1572128812
5fb038e0eca4ba348c302e1f,8,fbc7d4140196eb71c978d04bb5fddcf502826278,2019-10-26 18:29:48,2,user1,1572128988
5fb038f4e3b2a941d263bdaf,1,1c680e923f3e6075ce55680041edb0ee4294f85e,2019-10-27 19:53:26,2,user1,1572220406
5fb038f29eb7c4a9f1eea354,1,1c680e923f3e6075ce55680041edb0ee4294f85e,2019-10-27 20:06:15,2,user1,1572221175
5fb038f29eb7c4a9f1eea353,42,1c680e923f3e6075ce55680041edb0ee4294f85e,2019-10-27 20:25:08,1,user1,1572222308
5fb038f3724870025dd76503,6,6f08384c3647194357a37f0282206e936241e285,2019-10-28 14:19:50,1,user1,1572286790
5fb03906de329a792d53c12b,4,6f08384c3647194357a37f0282206e936241e285,2019-10-29 17:11:09,1,user1,1572383469
5fb039051a054cf94a70bed2,3,6f08384c3647194357a37f0282206e936241e285,2019-10-29 23:39:12,1,user1,1572406752
5fb039186661e3c932c45530,1213,32d3463a36556839a26445bd4fe00de9ff75e49c,2019-10-30 12:16:01,1,user1,1572452161
5fb0391939de17d031076bbb,2549,55c42c7bcaea31d851ba4568e6e9d187e426bb2a,2019-10-30 13:59:09,2,user1,1572458349
5fb03919e64e5db9ce8935c7,4,6f08384c3647194357a37f0282206e936241e285,2019-10-30 17:22:53,1,user1,1572470573
5fb03919327c015a003d4634,6,4bd8f3526cd8b59271900446abe0956b18d707c0,2019-10-30 19:28:10,2,user1,1572478090
5fb03919327c015a003d4633,0,4bd8f3526cd8b59271900446abe0956b18d707c0,2019-10-30 19:31:47,3,user1,1572478307
5fb4cd893769968abba83208,1328,4bd8f3526cd8b59271900446abe0956b18d707c0,2019-10-30 19:40:03,2,user1,1572478803
5fb03918041498967956edab,0,59d4374ae493925deafcd1de54ad7b501ce703d6,2019-10-31 10:36:34,3,user1,1572532594
5fb0392c3791fbbf06b32f63,126,1c680e923f3e6075ce55680041edb0ee4294f85e,2019-10-31 18:26:35,2,user1,1572560795
5fb0392c3791fbbf06b32f62,2,4bd8f3526cd8b59271900446abe0956b18d707c0,2019-10-31 18:40:11,2,user1,1572561611
5fb0392c3791fbbf06b32f61,123,1c680e923f3e6075ce55680041edb0ee4294f85e,2019-10-31 18:41:51,2,user1,1572561711
5fb0392c5967b8f1021c7cbc,4,4bd8f3526cd8b59271900446abe0956b18d707c0,2019-10-31 19:02:06,1,user1,1572562926
5fb0392c5967b8f1021c7cbb,0,1c680e923f3e6075ce55680041edb0ee4294f85e,2019-10-31 19:47:05,3,user1,1572565625
5fb0392c5967b8f1021c7cba,0,1c680e923f3e6075ce55680041edb0ee4294f85e,2019-10-31 19:50:04,3,user1,1572565804
5fb0392c5967b8f1021c7cb9,44,1c680e923f3e6075ce55680041edb0ee4294f85e,2019-10-31 19:52:31,2,user1,1572565951
5fb0392ca9d90b1db16da2f6,3,4bd8f3526cd8b59271900446abe0956b18d707c0,2019-10-31 21:08:50,2,user1,1572570530
5fb0392bc14ab7a1d1196153,1183,4bd8f3526cd8b59271900446abe0956b18d707c0,2019-10-31 22:23:30,1,user1,1572575010
5fb0392baff838b7b2c784d5,0,b18763b8356388a049663daf98bd5a11871da7f9,2019-11-01 14:09:20,3,user1,1572631760
5fb0392baff838b7b2c784d4,263,b18763b8356388a049663daf98bd5a11871da7f9,2019-11-01 14:10:10,2,user1,1572631810
5fb0392baff838b7b2c784d3,2,1c680e923f3e6075ce55680041edb0ee4294f85e,2019-11-01 14:45:21,2,user1,1572633921
5fb0392c51a78f5f69b4b9d0,0,1c680e923f3e6075ce55680041edb0ee4294f85e,2019-11-01 15:05:42,3,user1,1572635142
5fb0392aa9d251fb1d46e14b,5,6f08384c3647194357a37f0282206e936241e285,2019-11-01 16:13:44,1,user1,1572639224
5fb0392c59c9a7932d29e705,142,3ea119d62ee7c7322e37127edff76b86f20aa870,2019-11-02 02:29:49,1,user1,1572676189
5fb0392c59c9a7932d29e704,0,3ea119d62ee7c7322e37127edff76b86f20aa870,2019-11-02 02:36:57,2,user1,1572676617
5fb0392c59c9a7932d29e703,0,3ea119d62ee7c7322e37127edff76b86f20aa870,2019-11-02 02:37:15,5,user1,1572676635
5fb0392c59c9a7932d29e702,98,3ea119d62ee7c7322e37127edff76b86f20aa870,2019-11-02 02:37:32,2,user1,1572676652
5fb0393fae60a6e6b7ffea52,36,b18763b8356388a049663daf98bd5a11871da7f9,2019-11-02 10:20:55,2,user1,1572704455
5fb0393fae60a6e6b7ffea51,2,b18763b8356388a049663daf98bd5a11871da7f9,2019-11-02 10:29:49,2,user1,1572704989
5fb0393fae60a6e6b7ffea50,0,b18763b8356388a049663daf98bd5a11871da7f9,2019-11-02 10:30:32,2,user1,1572705032
5fb0393eda611eb20c9155bb,76,1c680e923f3e6075ce55680041edb0ee4294f85e,2019-11-02 18:00:55,1,user1,1572732055
5fb0393edc3b7ee75c803fe8,0,2eec3d639a56e17c18384bca599a53da394e8b7f,2019-11-02 20:56:03,2,user1,1572742563
5fb0393e5bbf3c57feb945ef,1,b18763b8356388a049663daf98bd5a11871da7f9,2019-11-03 01:25:47,2,user1,1572758747
5fb0393e5bbf3c57feb945ee,941,b18763b8356388a049663daf98bd5a11871da7f9,2019-11-03 01:27:01,2,user1,1572758821
5fb0393e5bbf3c57feb945f0,6,6f08384c3647194357a37f0282206e936241e285,2019-11-03 01:27:23,1,user1,1572758843
5fb0393e80b8ee457ed4732f,7,6f08384c3647194357a37f0282206e936241e285,2019-11-03 10:50:00,1,user1,1572796200
5fb03950ef1a1aeb23338a1a,0,55c42c7bcaea31d851ba4568e6e9d187e426bb2a,2019-11-03 21:17:24,2,user1,1572833844
5fb03950ef1a1aeb23338a19,0,55c42c7bcaea31d851ba4568e6e9d187e426bb2a,2019-11-03 21:19:16,3,user1,1572833956
5fb03950ef1a1aeb23338a18,1690,55c42c7bcaea31d851ba4568e6e9d187e426bb2a,2019-11-03 21:21:55,2,user1,1572834115
5fb03951692844995d422d57,7,6f08384c3647194357a37f0282206e936241e285,2019-11-04 14:50:46,1,user1,1572897046
5fb03963e29fc6b818667b98,548,78805ed6a939d10b1309cdca6e02ab2a044dea9a,2019-11-05 14:31:53,2,user1,1572982313
5fb03964ddf410469e3183da,1151,55c42c7bcaea31d851ba4568e6e9d187e426bb2a,2019-11-05 15:30:29,2,user1,1572985829
5fb03964dc5e491265aa55bc,46,1c680e923f3e6075ce55680041edb0ee4294f85e,2019-11-05 17:22:33,1,user1,1572992553
5fb039637ae862a4a2125de8,0,55c42c7bcaea31d851ba4568e6e9d187e426bb2a,2019-11-05 19:54:23,3,user1,1573001663
5fb039637ae862a4a2125de7,51,55c42c7bcaea31d851ba4568e6e9d187e426bb2a,2019-11-05 19:55:23,2,user1,1573001723
5fb03964f9bd9dd34c7cd134,0,f8e622c109a780f282db6e3d00ea5e550fa99cbc,2019-11-06 09:17:52,3,user1,1573049872
5fb039645f0e5eb6441b7414,3,6f08384c3647194357a37f0282206e936241e285,2019-11-06 14:53:38,1,user1,1573070018
5fb039645f0e5eb6441b7413,4,6f08384c3647194357a37f0282206e936241e285,2019-11-06 15:25:10,1,user1,1573071910
5fb4cd893769968abba831df,608,b18763b8356388a049663daf98bd5a11871da7f9,2019-11-07 23:41:34,2,user1,1573188094
5fb0398906a504beb5b15d64,48,a64b3398af54e394b299fd13df5c4569736eae16,2019-11-08 18:05:12,1,user1,1573254312
5fb0398906a504beb5b15d63,34,a64b3398af54e394b299fd13df5c4569736eae16,2019-11-08 18:13:01,2,user1,1573254781
5fb4cd893769968abba831dc,194,fbc7d4140196eb71c978d04bb5fddcf502826278,2019-11-08 20:57:39,2,user1,1573264659
5fb039897268fc706bf2e300,76,a64b3398af54e394b299fd13df5c4569736eae16,2019-11-08 22:07:52,1,user1,1573268872
5fb039897268fc706bf2e2ff,7,fbc7d4140196eb71c978d04bb5fddcf502826278,2019-11-08 22:48:00,2,user1,1573271280
5fb0398938381f179a05386a,0,3ea119d62ee7c7322e37127edff76b86f20aa870,2019-11-09 01:39:31,3,user1,1573281571
5fb0398938381f179a053869,0,3ea119d62ee7c7322e37127edff76b86f20aa870,2019-11-09 01:40:14,3,user1,1573281614
5fb0398938381f179a053868,0,3ea119d62ee7c7322e37127edff76b86f20aa870,2019-11-09 01:41:03,3,user1,1573281663
5fb0398938381f179a053867,203,3ea119d62ee7c7322e37127edff76b86f20aa870,2019-11-09 01:48:03,2,user1,1573282083
5fb0398938381f179a053866,19,3ea119d62ee7c7322e37127edff76b86f20aa870,2019-11-09 01:57:21,2,user1,1573282641
5fb03989a0e9826207ad52df,714,55c42c7bcaea31d851ba4568e6e9d187e426bb2a,2019-11-09 11:22:05,2,user1,1573316525
5fb039893d40609aef001cef,5,a64b3398af54e394b299fd13df5c4569736eae16,2019-11-09 12:04:49,2,user1,1573319089
5fb039893d40609aef001cee,25,a64b3398af54e394b299fd13df5c4569736eae16,2019-11-09 12:33:04,1,user1,1573320784
5fb0398974c82e31431db28d,0,b18763b8356388a049663daf98bd5a11871da7f9,2019-11-09 14:03:28,2,user1,1573326208
5fb0398974c82e31431db28c,6,6f08384c3647194357a37f0282206e936241e285,2019-11-09 14:04:20,1,user1,1573326260
5fb0398974c82e31431db28b,3,6f08384c3647194357a37f0282206e936241e285,2019-11-09 14:53:10,1,user1,1573329190
5fb03989b9f242b741ba55b4,115,55c42c7bcaea31d851ba4568e6e9d187e426bb2a,2019-11-09 16:35:54,2,user1,1573335354
5fb0399c8b5c87333d18273e,34,a64b3398af54e394b299fd13df5c4569736eae16,2019-11-09 19:04:20,2,user1,1573344260
5fb0399c9709f7758f8d0422,0,9b88475f10d7a105f75d5feb027f12a201761ffc,2019-11-10 00:45:18,2,user1,1573364718
5fb0399c0c5b9aa00b4bb198,3,9b88475f10d7a105f75d5feb027f12a201761ffc,2019-11-10 01:27:40,2,user1,1573367260
5fb0399c0c5b9aa00b4bb197,3,9b88475f10d7a105f75d5feb027f12a201761ffc,2019-11-10 01:56:54,2,user1,1573369014
5fb0399c42722ba5806f87dc,5,6f08384c3647194357a37f0282206e936241e285,2019-11-10 14:36:44,1,user1,1573414604
5fb0399c9a70f15aff89f936,0,a64b3398af54e394b299fd13df5c4569736eae16,2019-11-10 20:02:54,3,user1,1573434174
5fb0399c9a70f15aff89f935,0,a64b3398af54e394b299fd13df5c4569736eae16,2019-11-10 20:03:03,3,user1,1573434183
5fb039af2d233df83ec88a68,0,e8e101e1a3ad6e2cb5e18b4c00ee553d35affe3c,2019-11-11 10:08:38,3,user1,1573484918
5fb039ae11a580faf50d9852,4,6f08384c3647194357a37f0282206e936241e285,2019-11-11 15:56:07,1,user1,1573505767
5fb039ae3d48495aca1c2e43,15,ceefb0b125ab492089e262ebdde9247950d990ac,2019-11-11 18:38:04,1,user1,1573515484
5fb039afe65b3d0ff243cd0a,0,1c680e923f3e6075ce55680041edb0ee4294f85e,2019-11-12 13:01:56,3,user1,1573581716
5fb039af23753f3615fb9dbd,2,1c680e923f3e6075ce55680041edb0ee4294f85e,2019-11-12 14:25:44,2,user1,1573586744
5fb039af23753f3615fb9dbc,279,78805ed6a939d10b1309cdca6e02ab2a044dea9a,2019-11-12 14:30:20,2,user1,1573587020
5fb039afa027a98f5722666b,4,33b5a9be7ed364507c0a28156193c1ffbec646da,2019-11-12 15:39:15,1,user1,1573591155
5fb039c1de552ed077fc7570,6,6f08384c3647194357a37f0282206e936241e285,2019-11-12 18:45:48,1,user1,1573602348
5fb039c11bcffb4f9ebe432e,18,a64b3398af54e394b299fd13df5c4569736eae16,2019-11-12 20:16:58,2,user1,1573607818
5fb039c112d0b64ad96c8d6c,33,bbddf36c7414c3399c0341389bf2fca052268a5f,2019-11-13 17:57:13,1,user1,1573685833
5fb039c054be53ee1e1ae625,51,bbddf36c7414c3399c0341389bf2fca052268a5f,2019-11-13 18:07:19,1,user1,1573686439
5fb039c1970cf8b6c11ddede,24,1c680e923f3e6075ce55680041edb0ee4294f85e,2019-11-13 21:51:05,2,user1,1573699865
5fb039d447d63a50a872d2ef,4,6f08384c3647194357a37f0282206e936241e285,2019-11-14 15:16:34,1,user1,1573762594
5fb039d4e651c092db8df9ad,4,6f08384c3647194357a37f0282206e936241e285,2019-11-14 19:59:48,1,user1,1573779588
5fb039d431e3af2640588767,117,3ea119d62ee7c7322e37127edff76b86f20aa870,2019-11-14 22:33:46,1,user1,1573788826
5fb039d431e3af2640588766,2,3ea119d62ee7c7322e37127edff76b86f20aa870,2019-11-14 22:49:47,2,user1,1573789787
5fb039d431e3af2640588765,0,3ea119d62ee7c7322e37127edff76b86f20aa870,2019-11-14 22:53:03,3,user1,1573789983
5fb039d431e3af2640588764,0,3ea119d62ee7c7322e37127edff76b86f20aa870,2019-11-14 22:53:42,3,user1,1573790022
5fb039d431e3af2640588763,0,3ea119d62ee7c7322e37127edff76b86f20aa870,2019-11-14 22:57:24,3,user1,1573790244
5fb039d431e3af2640588762,0,3ea119d62ee7c7322e37127edff76b86f20aa870,2019-11-14 22:58:14,3,user1,1573790294
5fb039d431e3af2640588761,0,3ea119d62ee7c7322e37127edff76b86f20aa870,2019-11-14 22:59:05,3,user1,1573790345
5fb039d431e3af2640588760,0,3ea119d62ee7c7322e37127edff76b86f20aa870,2019-11-14 23:02:38,3,user1,1573790558
5fb039d431e3af264058875f,0,3ea119d62ee7c7322e37127edff76b86f20aa870,2019-11-14 23:10:06,3,user1,1573791006
5fb4cd893769968abba831af,53,3ea119d62ee7c7322e37127edff76b86f20aa870,2019-11-14 23:13:51,2,user1,1573791231
5fb039d4d4dd813e98115731,18,9a0b8e318939f0d607788dd6d84ed6c5ddfdda62,2019-11-15 11:19:11,2,user1,1573834751
5fb039d476eb1de5a562278f,5,55c42c7bcaea31d851ba4568e6e9d187e426bb2a,2019-11-15 12:35:37,2,user1,1573839337
5fb039d46617aae2f403f31b,52,303c0445bbcf6fac90c6e06da2e4fa4536496b1e,2019-11-15 14:09:04,2,user1,1573844944
5fb4cd893769968abba831ab,3508,55c42c7bcaea31d851ba4568e6e9d187e426bb2a,2019-11-16 15:01:13,2,user1,1573934473
5fb039e583747d2509f0e955,88,55c42c7bcaea31d851ba4568e6e9d187e426bb2a,2019-11-16 16:02:33,1,user1,1573938153
5fb039e583747d2509f0e954,44,1c680e923f3e6075ce55680041edb0ee4294f85e,2019-11-16 16:04:20,2,user1,1573938260
5fb039e583747d2509f0e953,9,1c680e923f3e6075ce55680041edb0ee4294f85e,2019-11-16 16:20:05,1,user1,1573939205
5fb039e7d6950839cb6782ac,0,1c680e923f3e6075ce55680041edb0ee4294f85e,2019-11-16 16:30:07,3,user1,1573939807
5fb039e742f2c092ac739bd2,4,fbc7d4140196eb71c978d04bb5fddcf502826278,2019-11-16 20:17:11,2,user1,1573953431
5fb039e73c6728694f90f211,8,fbc7d4140196eb71c978d04bb5fddcf502826278,2019-11-16 22:03:01,1,user1,1573959781
5fb039e7a66698ed8e731956,9,754706c0a31867e289805bb152c0d83cf745f43d,2019-11-16 22:30:39,1,user1,1573961439
5fb039e7a66698ed8e731955,31,754706c0a31867e289805bb152c0d83cf745f43d,2019-11-16 22:31:53,1,user1,1573961513
5fb039f94ce9b93e9214697d,8,303c0445bbcf6fac90c6e06da2e4fa4536496b1e,2019-11-17 13:13:26,2,user1,1574014406
5fb039f94ce9b93e9214697c,27,10d6ee7546fa5658021b8fc2bd04585225035ff6,2019-11-17 13:14:19,2,user1,1574014459
5fb039f94ce9b93e9214697f,47,a289f5c0609cc1729db12af241e5bbc4a7cb63c9,2019-11-17 13:48:08,2,user1,1574016488
5fb039f94ce9b93e9214697e,14,a575cf66a3f5b65f0b218b1f53630d8a75c2d576,2019-11-17 14:25:57,1,user1,1574018757
5fb039faf3e7d8f350bfddc6,29,eaa49de6d5fcb44b60d71cddd259192985201513,2019-11-18 11:00:56,2,user1,1574092856
5fb039faf3e7d8f350bfddc5,18,eaa49de6d5fcb44b60d71cddd259192985201513,2019-11-18 11:01:29,2,user1,1574092889
5fb039faf3e7d8f350bfddc4,212,eaa49de6d5fcb44b60d71cddd259192985201513,2019-11-18 11:02:08,2,user1,1574092928
5fb039faf3e7d8f350bfddc3,3,303c0445bbcf6fac90c6e06da2e4fa4536496b1e,2019-11-18 11:05:52,2,user1,1574093152
5fb039faf3e7d8f350bfddc2,351,a289f5c0609cc1729db12af241e5bbc4a7cb63c9,2019-11-18 11:18:52,2,user1,1574093932
5fb039faf3e7d8f350bfddc1,200,10d6ee7546fa5658021b8fc2bd04585225035ff6,2019-11-18 11:25:02,2,user1,1574094302
5fb039faf3e7d8f350bfddc0,204,a289f5c0609cc1729db12af241e5bbc4a7cb63c9,2019-11-18 11:28:40,2,user1,1574094520
5fb039f998f8fb57a3b2b614,462,fca564fc26587c98a4cee7a3f2eec375b1828047,2019-11-18 14:27:42,2,user1,1574105262
5fb039f998f8fb57a3b2b613,167,d2029aa69004a1aaeb608eaceaab9a0205a6a39e,2019-11-18 14:38:30,2,user1,1574105910
5fb039f998f8fb57a3b2b615,331,fca564fc26587c98a4cee7a3f2eec375b1828047,2019-11-18 14:57:05,2,user1,1574107025
5fb4cd893769968abba83194,247,77703296f5bf0cf1eeea23624c912d6a6af0f693,2019-11-18 15:49:18,1,user1,1574110158
5fb03a0bf46b6c72a1aa6ccd,4,6f08384c3647194357a37f0282206e936241e285,2019-11-18 22:20:51,1,user1,1574133651
5fb03a0cac8b2cfe412e052f,282,1c680e923f3e6075ce55680041edb0ee4294f85e,2019-11-19 01:33:12,2,user1,1574145192
5fb03a0cde157a20b0361515,2899,55c42c7bcaea31d851ba4568e6e9d187e426bb2a,2019-11-19 15:04:49,2,user1,1574193889
5fb03a0c933e33023b81617d,43,a64b3398af54e394b299fd13df5c4569736eae16,2019-11-19 21:53:04,1,user1,1574218384
5fb03a0c8aa24f66cf5f1d2e,43,1c680e923f3e6075ce55680041edb0ee4294f85e,2019-11-19 22:52:14,1,user1,1574221934
5fb03a0c4361148a06686694,4,6f08384c3647194357a37f0282206e936241e285,2019-11-19 23:20:14,1,user1,1574223614
5fb03a1f331582ee417e298c,0,a289f5c0609cc1729db12af241e5bbc4a7cb63c9,2019-11-20 10:27:54,3,user1,1574263674
5fb03a1f331582ee417e298b,107,eaa49de6d5fcb44b60d71cddd259192985201513,2019-11-20 10:47:29,2,user1,1574264849
5fb03a1f585999f2be4badad,35,eaa49de6d5fcb44b60d71cddd259192985201513,2019-11-20 10:56:10,2,user1,1574265370
5fb03a1f585999f2be4badac,297,a289f5c0609cc1729db12af241e5bbc4a7cb63c9,2019-11-20 10:57:36,2,user1,1574265456
5fb03a1f29a38381dcf1796c,12,83d30b62c85e09e7356b176dabe68cf3f03eb61e,2019-11-20 15:23:38,1,user1,1574281418
5fb03a1fc1798dad6253ef4c,87,daf240182806e9b7ab3d749939a2c48ce426813d,2019-11-20 19:52:39,2,user1,1574297559
5fb03a1f36f171785d6062ec,91,3f5779732bda369ae2094b121510e922a6256ada,2019-11-20 19:58:54,1,user1,1574297934
5fb03a1f36f171785d6062eb,46,5c2f8a520dbaf986c9be31d7348d17a637314620,2019-11-20 20:05:19,1,user1,1574298319
5fb03a1f36f171785d6062ea,17,3f5779732bda369ae2094b121510e922a6256ada,2019-11-20 20:13:30,1,user1,1574298810
5fb03a1fe86abf0c525f40a0,103,a64b3398af54e394b299fd13df5c4569736eae16,2019-11-21 01:22:41,2,user1,1574317361
5fb03a1f84462d639bb25f9c,0,3ea119d62ee7c7322e37127edff76b86f20aa870,2019-11-21 03:12:27,3,user1,1574323947
5fb03a1f84462d639bb25f9b,0,3ea119d62ee7c7322e37127edff76b86f20aa870,2019-11-21 03:13:07,5,user1,1574323987
5fb03a1f575fb7c2e39a84b9,0,3ea119d62ee7c7322e37127edff76b86f20aa870,2019-11-21 12:54:20,2,user1,1574358860
5fb03a1f575fb7c2e39a84b8,29,3ea119d62ee7c7322e37127edff76b86f20aa870,2019-11-21 12:55:02,1,user1,1574358902
5fb03a1fa5b05b94e77ce399,1,1c680e923f3e6075ce55680041edb0ee4294f85e,2019-11-21 14:34:43,2,user1,1574364883
5fb03a1fa5b05b94e77ce39a,423,1c680e923f3e6075ce55680041edb0ee4294f85e,2019-11-21 15:20:02,1,user1,1574367602
5fb03a326d760a97f5a80c5d,2,b18763b8356388a049663daf98bd5a11871da7f9,2019-11-22 14:07:20,2,user1,1574449640
5fb03a326d760a97f5a80c5c,52,b18763b8356388a049663daf98bd5a11871da7f9,2019-11-22 14:09:02,1,user1,1574449742
5fb03a30cb01bc600f8baf17,10,b18763b8356388a049663daf98bd5a11871da7f9,2019-11-22 15:02:01,1,user1,1574452921
5fb03a315d5060b72c99d523,123,55c42c7bcaea31d851ba4568e6e9d187e426bb2a,2019-11-22 17:37:53,2,user1,1574462273
5fb03a4477b685beb33b80d8,0,3f59e9bab033f836fc09de131ef9fd2e6f569820,2019-11-23 10:16:24,3,user1,1574522184
5fb03a4477b685beb33b80d7,18,eaa49de6d5fcb44b60d71cddd259192985201513,2019-11-23 10:25:05,2,user1,1574522705
5fb03a437b94b3f0e2710fb6,920,55c42c7bcaea31d851ba4568e6e9d187e426bb2a,2019-11-23 17:37:42,2,user1,1574548662
5fb4cd893769968abba83176,509,3ea119d62ee7c7322e37127edff76b86f20aa870,2019-11-24 02:08:10,2,user1,1574579290
5fb03a44302ce5a29009bdd6,59,1c680e923f3e6075ce55680041edb0ee4294f85e,2019-11-24 13:07:05,1,user1,1574618825
5fb03a44445e881c5e33b535,64,1c680e923f3e6075ce55680041edb0ee4294f85e,2019-11-24 18:08:52,1,user1,1574636932
5fb03a574eb2cab340020a3c,41,4bd8f3526cd8b59271900446abe0956b18d707c0,2019-11-25 17:18:31,2,user1,1574720311
5fb03a574eb2cab340020a3b,13,4bd8f3526cd8b59271900446abe0956b18d707c0,2019-11-25 17:23:03,1,user1,1574720583
5fb03a699601a71452227bcd,0,d2d2caf129354e664bc2b1cf83f296b94a9c6374,2019-11-26 11:10:53,3,user1,1574784653
5fb4cd893769968abba83170,1671,77703296f5bf0cf1eeea23624c912d6a6af0f693,2019-11-26 14:08:23,2,user1,1574795303
5fb03a6979cddca6f55dbda9,180,b18763b8356388a049663daf98bd5a11871da7f9,2019-11-26 15:59:00,2,user1,1574801940
5fb03a694ed00929a41a239e,457,55c42c7bcaea31d851ba4568e6e9d187e426bb2a,2019-11-27 09:45:56,2,user1,1574865956
5fb03a68de31b73c5f188cc1,0,eaa49de6d5fcb44b60d71cddd259192985201513,2019-11-27 13:35:26,2,user1,1574879726
5fb03a69507ad56c5d1e6218,36,55c42c7bcaea31d851ba4568e6e9d187e426bb2a,2019-11-27 15:40:47,1,user1,1574887247
5fb03a692f9beaea1a958e0c,18,5ece15e7d1cc2dc4fe6ca8734d00e151e8588773,2019-11-27 17:00:10,2,user1,1574892010
5fb03a692f9beaea1a958e0b,216,78805ed6a939d10b1309cdca6e02ab2a044dea9a,2019-11-27 17:00:39,2,user1,1574892039
5fb03a8d82467a362ac2ab91,45,55c42c7bcaea31d851ba4568e6e9d187e426bb2a,2019-11-29 13:54:36,1,user1,1575053676
5fb03a8de2294eb63955606c,0,55c42c7bcaea31d851ba4568e6e9d187e426bb2a,2019-11-29 14:21:37,5,user1,1575055297
5fb03a8de2294eb63955606b,27,55c42c7bcaea31d851ba4568e6e9d187e426bb2a,2019-11-29 14:22:12,2,user1,1575055332
5fb03aa1a139713f76aa0db2,10,6f08384c3647194357a37f0282206e936241e285,2019-12-01 12:27:39,1,user1,1575221259
5fb03aa10334b712fe9436de,4,6aac1bf18d73eedf68a89c42cb880259a5bf6ede,2019-12-02 14:00:59,1,user1,1575313259
5fb4cd893769968abba83164,3315,fbc7d4140196eb71c978d04bb5fddcf502826278,2019-12-02 20:59:14,2,user1,1575338354
5fb03ab47b24ebbdf95e68e5,18,eaa49de6d5fcb44b60d71cddd259192985201513,2019-12-03 10:39:27,2,user1,1575387567
5fb03ab4b0791ed1de4b63a6,0,13ed3f9ea45e41fe6c9875b23d7710bf66e23168,2019-12-03 16:03:23,2,user1,1575407003
5fb03ab4b0791ed1de4b63a5,85,1327e45e29df28e0b04b8e507243b2757fce9a08,2019-12-03 16:04:49,2,user1,1575407089
5fb03ab3b65de65d39bda2ff,0,8ca9f3be1d5a4e89f544220563f336d35d0a48cc,2019-12-04 11:05:54,2,user1,1575475554
5fb4cd893769968abba8315f,335,13ed3f9ea45e41fe6c9875b23d7710bf66e23168,2019-12-04 11:48:02,2,user1,1575478082
5fb03ab4f38496db114725ed,57,55c42c7bcaea31d851ba4568e6e9d187e426bb2a,2019-12-04 11:54:17,2,user1,1575478457
5fb03ab4f8fb20b72f3b805c,166,55c42c7bcaea31d851ba4568e6e9d187e426bb2a,2019-12-04 13:54:16,1,user1,1575485656
5fb03ab4f8fb20b72f3b805d,7,6f08384c3647194357a37f0282206e936241e285,2019-12-04 15:41:02,1,user1,1575492062
5fb03ab4d987969cc1b7c27a,0,55c42c7bcaea31d851ba4568e6e9d187e426bb2a,2019-12-04 19:46:53,3,user1,1575506813
5fb03ab4929b838494419bc6,2,1c680e923f3e6075ce55680041edb0ee4294f85e,2019-12-04 20:16:40,2,user1,1575508600
5fb03ab4929b838494419bc5,1698,1c680e923f3e6075ce55680041edb0ee4294f85e,2019-12-04 20:17:37,1,user1,1575508657
5fb03ac7c4f1926f6252d5b4,0,5ede866d0b2089c3686455b655b12a17578731df,2019-12-05 10:49:56,3,user1,1575560996
5fb03ac7ab24e5ee569d8269,194,55c42c7bcaea31d851ba4568e6e9d187e426bb2a,2019-12-05 12:07:14,1,user1,1575565634
5fb03ac7a80214e0ceaf928b,0,78f6c05b3d8212293360bc8efa224876018f2de2,2019-12-05 16:09:36,3,user1,1575580176
5fb03ac7a80214e0ceaf928a,0,78f6c05b3d8212293360bc8efa224876018f2de2,2019-12-05 16:10:12,2,user1,1575580212
5fb4cd893769968abba83154,92,55c42c7bcaea31d851ba4568e6e9d187e426bb2a,2019-12-05 16:52:31,1,user1,1575582751
5fb03ac7ee5ff7b52e597035,3,6f08384c3647194357a37f0282206e936241e285,2019-12-06 01:08:20,1,user1,1575612500
5fb03ac78699998b74bfda43,0,c965b8b89cbf1d3f78f545fa4a19e27fbc3ea279,2019-12-06 12:45:04,3,user1,1575654304
5fb03ada69026a8e3e06973a,0,7eba6b2a74a1d203b402106dd9aff21139ab2a7a,2019-12-07 06:20:58,3,user1,1575717658
5fb03adadfcd5d7ca45e3355,48,55c42c7bcaea31d851ba4568e6e9d187e426bb2a,2019-12-07 18:53:34,1,user1,1575762814
5fb03adab3f77f3abd62b215,0,10002a31320e099689975a3d80b1522bd9fc2150,2019-12-08 11:28:05,3,user1,1575822485
5fb03adab3f77f3abd62b214,0,10002a31320e099689975a3d80b1522bd9fc2150,2019-12-08 11:40:58,3,user1,1575823258
5fb03ada1cc994204867c7ff,20,10002a31320e099689975a3d80b1522bd9fc2150,2019-12-08 11:53:18,2,user1,1575823998
5fb03aeb18177b2faf4ecf13,110,55c42c7bcaea31d851ba4568e6e9d187e426bb2a,2019-12-09 12:47:00,1,user1,1575913620
5fb03b00fbae75d6a9ba4a1b,90,55c42c7bcaea31d851ba4568e6e9d187e426bb2a,2019-12-10 12:51:13,1,user1,1576000273
5fb4cd893769968abba8314a,4038,b18763b8356388a049663daf98bd5a11871da7f9,2019-12-10 13:08:15,1,user1,1576001295
5fb03b00a163a86f057c4689,154,55c42c7bcaea31d851ba4568e6e9d187e426bb2a,2019-12-10 15:25:50,1,user1,1576009550
5fb03b00e316d7b6aa60eb26,36,55c42c7bcaea31d851ba4568e6e9d187e426bb2a,2019-12-10 16:08:50,1,user1,1576012130
5fb03b007aad271399500e3a,0,fbc7d4140196eb71c978d04bb5fddcf502826278,2019-12-10 17:54:35,2,user1,1576018475
5fb03b008f79dac427a24b8a,0,85acc8ce3f08d5ba702d476e436529970be7cbdb,2019-12-11 10:58:55,3,user1,1576079935
5fb03b001a1cf5d1e8c8499d,8,a289f5c0609cc1729db12af241e5bbc4a7cb63c9,2019-12-11 13:21:37,2,user1,1576088497
5fb03b001a1cf5d1e8c8499c,51,a289f5c0609cc1729db12af241e5bbc4a7cb63c9,2019-12-11 13:28:27,2,user1,1576088907
5fb03b001a1cf5d1e8c8499b,423,a289f5c0609cc1729db12af241e5bbc4a7cb63c9,2019-12-11 13:47:03,2,user1,1576090023
5fb03b0009228cec3153c028,4,1ea1a7062ba95dd2adb6bfeae40e4e69b761d8a,2019-12-12 00:01:38,2,user1,1576126898
5fb03b0009228cec3153c029,167,1ea1a7062ba95dd2adb6bfeae40e4e69b761d8a,2019-12-12 01:15:40,1,user1,1576131340
5fb03b0a94c60ec4f30eb5e2,0,60a5ac1df3511857d5a7d855cea2d3168df7d111,2019-12-12 10:54:33,3,user1,1576166073
5fb03b0ac75ce1b2a1da7c2e,119,55c42c7bcaea31d851ba4568e6e9d187e426bb2a,2019-12-12 11:16:01,1,user1,1576167361
5fb03b0ac75ce1b2a1da7c2d,13,eaa49de6d5fcb44b60d71cddd259192985201513,2019-12-12 11:19:42,2,user1,1576167582
5fb4cd893769968abba8313d,0,55c42c7bcaea31d851ba4568e6e9d187e426bb2a,2019-12-12 14:44:22,3,user1,1576179862
5fb4cd893769968abba8313c,0,55c42c7bcaea31d851ba4568e6e9d187e426bb2a,2019-12-12 14:53:17,2,user1,1576180397
5fb4cd893769968abba8313b,3,6f08384c3647194357a37f0282206e936241e285,2019-12-12 22:40:46,1,user1,1576208446
5fb4cd893769968abba8313a,133,55c42c7bcaea31d851ba4568e6e9d187e426bb2a,2019-12-13 11:11:46,1,user1,1576253506
5fb4cd893769968abba83139,0,e01099d28985857d305142b925d23ce241462edf,2019-12-13 17:34:43,3,user1,1576276483
5fb4cd893769968abba83138,86,55c42c7bcaea31d851ba4568e6e9d187e426bb2a,2019-12-14 10:10:21,2,user1,1576336221
5fb4cd893769968abba83137,139,55c42c7bcaea31d851ba4568e6e9d187e426bb2a,2019-12-14 10:17:30,1,user1,1576336650
5fb4cd893769968abba83136,41,fbc7d4140196eb71c978d04bb5fddcf502826278,2019-12-14 13:53:34,2,user1,1576349614
5fb4cd893769968abba83135,0,4e208321217f636b00d23a1d531959239bb018cd,2019-12-17 14:54:44,5,user1,1576612484
5fb4cd893769968abba83134,0,55dfc318bf39657301ed78684eb850a7e2b4401,2019-12-20 10:52:45,3,user1,1576857165
5fb4cd893769968abba83133,0,13ed3f9ea45e41fe6c9875b23d7710bf66e23168,2019-12-20 18:13:53,3,user1,1576883633
5fb2e35357a46774937045fb,4,55c42c7bcaea31d851ba4568e6e9d187e426bb2a,2019-12-22 23:41:03,2,user1,1577076063
5fb2e35357a46774937045fa,142,55c42c7bcaea31d851ba4568e6e9d187e426bb2a,2019-12-22 23:43:05,2,user1,1577076185
5fb2e3549eb363dbf63ca76e,0,f5281077aeb58e2b9c2a225b4a38fce6ad04f2c8,2019-12-23 11:36:12,3,user1,1577118972
5fb2e353983dc65a556838c7,0,13ed3f9ea45e41fe6c9875b23d7710bf66e23168,2019-12-23 13:52:14,2,user1,1577127134
5fb2e353983dc65a556838c6,0,13ed3f9ea45e41fe6c9875b23d7710bf66e23168,2019-12-23 13:52:30,2,user1,1577127150
5fb2e3522212b9cfb6530a4a,155,55c42c7bcaea31d851ba4568e6e9d187e426bb2a,2019-12-23 16:32:00,1,user1,1577136720
5fb2e3522212b9cfb6530a4b,14,13ed3f9ea45e41fe6c9875b23d7710bf66e23168,2019-12-23 19:12:20,2,user1,1577146340
5fb2e3541116ff64176b2e41,0,55c42c7bcaea31d851ba4568e6e9d187e426bb2a,2019-12-24 11:06:20,3,user1,1577203580
5fb2e3547c72ba962ca754ad,183,55c42c7bcaea31d851ba4568e6e9d187e426bb2a,2019-12-24 12:53:41,1,user1,1577210021
5fb4cd893769968abba83129,108,55c42c7bcaea31d851ba4568e6e9d187e426bb2a,2019-12-26 13:25:53,1,user1,1577384753
5fb2e37970a6f5acf724ebdf,0,55c42c7bcaea31d851ba4568e6e9d187e426bb2a,2019-12-27 11:53:33,3,user1,1577465613
5fb2e37970a6f5acf724ebde,133,55c42c7bcaea31d851ba4568e6e9d187e426bb2a,2019-12-27 11:56:19,2,user1,1577465779
5fb2e38d6894090fe4b2bbda,0,ae26c630b7671ae0fbe0b5860022a1e52b692f10,2019-12-27 16:18:46,2,user1,1577481526
5fb2e38d6894090fe4b2bbd9,20,1d5fc06b5788db77332240c4ccee01c4131d1455,2019-12-27 16:20:56,2,user1,1577481656
5fb2e38b753e01e836ab6c48,19,55c42c7bcaea31d851ba4568e6e9d187e426bb2a,2019-12-27 19:27:20,2,user1,1577492840
5fb2e38b753e01e836ab6c49,33,55c42c7bcaea31d851ba4568e6e9d187e426bb2a,2019-12-27 20:44:13,1,user1,1577497453
5fb2e38d01f9005b86297a9f,47,55c42c7bcaea31d851ba4568e6e9d187e426bb2a,2019-12-28 19:28:27,1,user1,1577579307
5fb4cd893769968abba83121,1197,fbc7d4140196eb71c978d04bb5fddcf502826278,2019-12-28 20:10:16,2,user1,1577581816
5fb2e3b28f8a0b1d82c8dbfa,0,55c42c7bcaea31d851ba4568e6e9d187e426bb2a,2019-12-30 11:55:01,3,user1,1577724901
5fb2e3b217c44e160c698971,0,4aab083cd05122f30b9375255762b8a4572b940b,2019-12-30 12:38:20,3,user1,1577727500
5fb4cd893769968abba8311e,102,55c42c7bcaea31d851ba4568e6e9d187e426bb2a,2019-12-30 13:24:52,2,user1,1577730292
5fb2e3b28455663ca832d176,6,b5968b79fdb7017fd896560536f75da526d13689,2019-12-30 15:23:30,1,user1,1577737410
5fb2e3b2306b2366a78bb1a9,0,55c42c7bcaea31d851ba4568e6e9d187e426bb2a,2019-12-31 11:35:20,3,user1,1577810120
5fb2e3b2306b2366a78bb1a8,136,55c42c7bcaea31d851ba4568e6e9d187e426bb2a,2019-12-31 11:38:50,2,user1,1577810330
5fb2e3b2306b2366a78bb1aa,94,55c42c7bcaea31d851ba4568e6e9d187e426bb2a,2019-12-31 13:13:12,1,user1,1577815992
5fb2e3b251540b8869ef29dc,116,10002a31320e099689975a3d80b1522bd9fc2150,2019-12-31 14:44:01,1,user1,1577821441
5fb2e3c59a3c197717c22863,3139,4bd8f3526cd8b59271900446abe0956b18d707c0,2020-01-02 10:59:37,1,user1,1577980777
5fb2e3c590904d24138b33ec,54,55c42c7bcaea31d851ba4568e6e9d187e426bb2a,2020-01-02 13:10:59,1,user1,1577988659
5fb2e3c535471ea68665fbd7,7,158a1f8b2d8deeee6b8416af9e454fd8b5c1462e,2020-01-02 14:02:25,1,user1,1577991745
5fb2e3c535471ea68665fbd6,0,55c42c7bcaea31d851ba4568e6e9d187e426bb2a,2020-01-02 14:16:53,3,user1,1577992613
5fb2e3c535471ea68665fbd5,5,55c42c7bcaea31d851ba4568e6e9d187e426bb2a,2020-01-02 14:17:11,2,user1,1577992631
5fb2e3c535471ea68665fbd4,116,55c42c7bcaea31d851ba4568e6e9d187e426bb2a,2020-01-02 14:44:38,1,user1,1577994278
5fb2e3c535471ea68665fbd8,151,eaa49de6d5fcb44b60d71cddd259192985201513,2020-01-02 15:15:02,2,user1,1577996102
5fb4cd893769968abba83111,117,55c42c7bcaea31d851ba4568e6e9d187e426bb2a,2020-01-03 12:01:01,2,user1,1578070861
5fb2e3d65175199cc5a4c94a,0,55c42c7bcaea31d851ba4568e6e9d187e426bb2a,2020-01-03 13:34:30,3,user1,1578076470
5fb2e3d65175199cc5a4c949,29,55c42c7bcaea31d851ba4568e6e9d187e426bb2a,2020-01-03 13:37:25,2,user1,1578076645
5fb2e3d828613fc5281c9ca4,57,55c42c7bcaea31d851ba4568e6e9d187e426bb2a,2020-01-03 20:01:28,2,user1,1578099688
5fb2e3d8c65c812e21567dc8,0,54cc541a77f43fbe1a902b5f13b2b60727ab4bab,2020-01-04 11:12:18,3,user1,1578154338
5fb2e3eaf9992dcf2ed6a831,1316,b18763b8356388a049663daf98bd5a11871da7f9,2020-01-05 22:30:49,1,user1,1578281449
5fb2e3eaf9992dcf2ed6a832,5,6f08384c3647194357a37f0282206e936241e285,2020-01-05 23:43:51,1,user1,1578285831
5fb2e3fd3ba29b4ee2c4b24e,282,55c42c7bcaea31d851ba4568e6e9d187e426bb2a,2020-01-06 11:46:56,2,user1,1578329216
5fb2e3fde1783ca85d479766,21,55c42c7bcaea31d851ba4568e6e9d187e426bb2a,2020-01-06 13:11:39,2,user1,1578334299
5fb2e3fde1783ca85d479767,53,55c42c7bcaea31d851ba4568e6e9d187e426bb2a,2020-01-06 14:15:06,1,user1,1578338106
5fb2e3fda124197bf428c196,217,55c42c7bcaea31d851ba4568e6e9d187e426bb2a,2020-01-06 17:00:39,2,user1,1578348039
5fb2e3fd144e864488218330,5,20ed93b0bcce3dd34f7a366fa0dcffac7ba5e041,2020-01-07 09:57:26,1,user1,1578409046
5fb2e3fe4fcd1a021251db77,194,1c680e923f3e6075ce55680041edb0ee4294f85e,2020-01-07 22:24:28,2,user1,1578453868
5fb2e3fe4fcd1a021251db78,5,6f08384c3647194357a37f0282206e936241e285,2020-01-07 23:35:33,1,user1,1578458133
5fb2e410dbcca0d8c64e1383,50,55c42c7bcaea31d851ba4568e6e9d187e426bb2a,2020-01-08 11:45:03,2,user1,1578501903
5fb2e4100563c8b590730976,4,55c42c7bcaea31d851ba4568e6e9d187e426bb2a,2020-01-08 21:34:04,2,user1,1578537244
5fb2e4100563c8b590730975,29,1c680e923f3e6075ce55680041edb0ee4294f85e,2020-01-08 21:54:05,1,user1,1578538445
5fb2e411f983fdb3fe69ee8d,75,55c42c7bcaea31d851ba4568e6e9d187e426bb2a,2020-01-08 22:42:00,2,user1,1578541320
5fb2e411776bcad0b624750e,538,55c42c7bcaea31d851ba4568e6e9d187e426bb2a,2020-01-09 11:11:47,2,user1,1578586307
5fb2e4220773de10587f1892,0,55c42c7bcaea31d851ba4568e6e9d187e426bb2a,2020-01-09 22:34:56,2,user1,1578627296
5fb2e42377b5b71fe0690e27,188,55c42c7bcaea31d851ba4568e6e9d187e426bb2a,2020-01-10 10:12:24,1,user1,1578669144
5fb2e42377b5b71fe0690e26,0,55c42c7bcaea31d851ba4568e6e9d187e426bb2a,2020-01-10 10:20:29,2,user1,1578669629
5fb2e42377b5b71fe0690e25,74,55c42c7bcaea31d851ba4568e6e9d187e426bb2a,2020-01-10 10:21:31,1,user1,1578669691
5fb2e4238f16ac2fdc7c5f0d,61,4ccc14d874d3c638682dded3994d5a6e0cb1a4d1,2020-01-10 13:45:56,2,user1,1578681956
5fb2e42390fd03f3f4cee818,120,55c42c7bcaea31d851ba4568e6e9d187e426bb2a,2020-01-10 17:30:22,1,user1,1578695422
5fb2e435dd47e5feeba1f8dd,156,55c42c7bcaea31d851ba4568e6e9d187e426bb2a,2020-01-11 11:39:15,1,user1,1578760755
5fb2e435dd47e5feeba1f8dc,13,55c42c7bcaea31d851ba4568e6e9d187e426bb2a,2020-01-11 11:56:40,1,user1,1578761800
5fb2e4360674d3df181bbd08,16,55c42c7bcaea31d851ba4568e6e9d187e426bb2a,2020-01-11 12:18:22,1,user1,1578763102
5fb2e4353e879c4041a1837b,36,10002a31320e099689975a3d80b1522bd9fc2150,2020-01-11 15:14:45,1,user1,1578773685
5fb2e43606b6bd57b66d0932,4,6f08384c3647194357a37f0282206e936241e285,2020-01-11 22:33:28,1,user1,1578800008
5fb2e436d2ee9c4d7505df25,38,55c42c7bcaea31d851ba4568e6e9d187e426bb2a,2020-01-12 10:00:00,1,user1,1578841200
5fb2e43630eff1af1c8a9222,24,55c42c7bcaea31d851ba4568e6e9d187e426bb2a,2020-01-12 10:08:59,1,user1,1578841739
5fb2e436d209b49a56155aee,21,55c42c7bcaea31d851ba4568e6e9d187e426bb2a,2020-01-12 14:17:41,1,user1,1578856661
5fb2e436bff95d3c84e3f23d,16,6a68a0f19fa22a965d9215654e278bfa4db1bdb2,2020-01-12 16:09:17,1,user1,1578863357
5fb2e436bff95d3c84e3f23c,0,6a68a0f19fa22a965d9215654e278bfa4db1bdb2,2020-01-12 16:12:35,5,user1,1578863555
5fb2e436bff95d3c84e3f23b,32,6a68a0f19fa22a965d9215654e278bfa4db1bdb2,2020-01-12 16:13:06,1,user1,1578863586
5fb2e44949f1daf363ec057f,368,55c42c7bcaea31d851ba4568e6e9d187e426bb2a,2020-01-13 10:53:21,1,user1,1578930801
5fb2e449c3a4d1cfb1ad56db,167,55c42c7bcaea31d851ba4568e6e9d187e426bb2a,2020-01-13 16:45:22,1,user1,1578951922
5fb2e449c3a4d1cfb1ad56de,10,b366e8b2383e3ad8765474fb87040329b6f4474b,2020-01-13 17:24:37,1,user1,1578954277
5fb2e449c3a4d1cfb1ad56dd,0,55c42c7bcaea31d851ba4568e6e9d187e426bb2a,2020-01-13 17:33:31,3,user1,1578954811
5fb2e449c3a4d1cfb1ad56dc,0,55c42c7bcaea31d851ba4568e6e9d187e426bb2a,2020-01-13 17:49:45,2,user1,1578955785
5fb2e449c3a4d1cfb1ad56e0,9,55c42c7bcaea31d851ba4568e6e9d187e426bb2a,2020-01-13 18:48:17,2,user1,1578959297
5fb2e449c3a4d1cfb1ad56df,12,10002a31320e099689975a3d80b1522bd9fc2150,2020-01-13 18:51:13,1,user1,1578959473
5fb2e449bdd42d3d0c6bda11,54,6a68a0f19fa22a965d9215654e278bfa4db1bdb2,2020-01-13 19:53:07,2,user1,1578963187
5fb2e45c7a646ae14043dc3b,110,55c42c7bcaea31d851ba4568e6e9d187e426bb2a,2020-01-14 13:40:17,1,user1,1579027217
5fb2e45cc0dea2b814442f8c,5,6f08384c3647194357a37f0282206e936241e285,2020-01-14 18:49:16,1,user1,1579045756
5fb2e45cc0dea2b814442f8b,4,6f08384c3647194357a37f0282206e936241e285,2020-01-14 18:50:36,1,user1,1579045836
5fb2e45cf47937c9ffb49e77,0,55c42c7bcaea31d851ba4568e6e9d187e426bb2a,2020-01-15 13:42:50,3,user1,1579113770
5fb2e45cf47937c9ffb49e76,0,55c42c7bcaea31d851ba4568e6e9d187e426bb2a,2020-01-15 13:43:30,3,user1,1579113810
5fb2e45cf47937c9ffb49e75,5,55c42c7bcaea31d851ba4568e6e9d187e426bb2a,2020-01-15 13:47:15,2,user1,1579114035
5fb2e45cf47937c9ffb49e78,146,55c42c7bcaea31d851ba4568e6e9d187e426bb2a,2020-01-15 14:07:55,1,user1,1579115275
5fb2e45c78a83a50dc856196,5,55c42c7bcaea31d851ba4568e6e9d187e426bb2a,2020-01-15 17:27:20,2,user1,1579127240
5fb4cd893769968abba830dd,92,55c42c7bcaea31d851ba4568e6e9d187e426bb2a,2020-01-15 17:55:39,1,user1,1579128939
5fb2e45c8a8021bd1c6b7834,4,6f08384c3647194357a37f0282206e936241e285,2020-01-15 22:49:39,1,user1,1579146579
5fb4cd893769968abba830db,453,55c42c7bcaea31d851ba4568e6e9d187e426bb2a,2020-01-16 10:55:42,2,user1,1579190142
5fb2e46fc5b1f8d258551bec,0,55c42c7bcaea31d851ba4568e6e9d187e426bb2a,2020-01-16 14:15:32,3,user1,1579202132
5fb2e46fc5b1f8d258551beb,87,55c42c7bcaea31d851ba4568e6e9d187e426bb2a,2020-01-16 14:16:57,2,user1,1579202217
5fb2e46fb5d5c1391dd3afb2,0,55c42c7bcaea31d851ba4568e6e9d187e426bb2a,2020-01-16 15:52:51,3,user1,1579207971
5fb2e46f8262dff13272d593,52,10002a31320e099689975a3d80b1522bd9fc2150,2020-01-16 18:20:41,1,user1,1579216841
5fb4cd893769968abba830d6,3007,b18763b8356388a049663daf98bd5a11871da7f9,2020-01-16 20:33:42,1,user1,1579224822
5fb2e46ffaddd05a6878e27b,0,b18763b8356388a049663daf98bd5a11871da7f9,2020-01-16 21:42:20,2,user1,1579228940
5fb4cd893769968abba830d4,956,32d3463a36556839a26445bd4fe00de9ff75e49c,2020-01-17 12:07:30,1,user1,1579280850
5fb2e46fc85aa5388a5bf828,160,55c42c7bcaea31d851ba4568e6e9d187e426bb2a,2020-01-17 12:44:06,1,user1,1579283046
5fb2e46fc85aa5388a5bf829,51,55c42c7bcaea31d851ba4568e6e9d187e426bb2a,2020-01-17 13:47:53,1,user1,1579286873
5fb2e48214c94f57304710b1,0,55c42c7bcaea31d851ba4568e6e9d187e426bb2a,2020-01-17 18:08:38,3,user1,1579302518
5fb2e481304f49eeccd36323,0,55c42c7bcaea31d851ba4568e6e9d187e426bb2a,2020-01-17 18:13:13,2,user1,1579302793
5fb2e481304f49eeccd36322,39,55c42c7bcaea31d851ba4568e6e9d187e426bb2a,2020-01-17 18:13:33,1,user1,1579302813
5fb2e481304f49eeccd36321,50,10002a31320e099689975a3d80b1522bd9fc2150,2020-01-17 18:18:21,2,user1,1579303101
5fb2e482c603570aab9da4c7,0,3ea119d62ee7c7322e37127edff76b86f20aa870,2020-01-19 02:05:30,3,user1,1579417530
5fb2e4955d5d65680c42774c,26,55c42c7bcaea31d851ba4568e6e9d187e426bb2a,2020-01-19 12:57:29,1,user1,1579456649
5fb2e49502e6f2032e5d4b2d,1018,b18763b8356388a049663daf98bd5a11871da7f9,2020-01-19 16:41:34,2,user1,1579470094
5fb2e49409741497266564de,4,6f08384c3647194357a37f0282206e936241e285,2020-01-19 22:22:19,1,user1,1579490539
5fb2e495c1325ba09ff66b45,134,55c42c7bcaea31d851ba4568e6e9d187e426bb2a,2020-01-20 11:22:47,2,user1,1579537367
5fb2e4946ec1a33c818456c6,7,8c1587dc481c3d9ea8fec9e3d7747162f7b3ac5d,2020-01-20 17:34:31,1,user1,1579559671
5fb2e4957858a21423cbf599,68,55c42c7bcaea31d851ba4568e6e9d187e426bb2a,2020-01-20 18:21:31,1,user1,1579562491
5fb2e4a6fbc112ef1c77be0a,4,6f08384c3647194357a37f0282206e936241e285,2020-01-21 12:44:58,1,user1,1579628698
5fb2e4a6fbc112ef1c77be0b,6,6f08384c3647194357a37f0282206e936241e285,2020-01-21 14:28:45,1,user1,1579634925
5fb2e4a8a22f2a7ac689ea60,134,55c42c7bcaea31d851ba4568e6e9d187e426bb2a,2020-01-21 17:09:25,1,user1,1579644565
5fb2e4a86006acaecf441130,6,1fba2c18a9b5dd63ea853dfcdab53bfa8e2e3918,2020-01-21 17:54:01,1,user1,1579647241
5fb2e4a86006acaecf44112f,0,55c42c7bcaea31d851ba4568e6e9d187e426bb2a,2020-01-21 18:26:03,3,user1,1579649163
5fb2e4a86006acaecf44112e,22,55c42c7bcaea31d851ba4568e6e9d187e426bb2a,2020-01-21 18:34:12,2,user1,1579649652
5fb2e4a8ec7da1072099826b,10,55c42c7bcaea31d851ba4568e6e9d187e426bb2a,2020-01-22 10:35:33,2,user1,1579707333
5fb4cd893769968abba830bf,232,55c42c7bcaea31d851ba4568e6e9d187e426bb2a,2020-01-22 10:36:02,2,user1,1579707362
5fb2e4ba29f574be0ee41965,116,55c42c7bcaea31d851ba4568e6e9d187e426bb2a,2020-01-22 13:23:30,1,user1,1579717410
5fb2e4ba29f574be0ee41966,33,55c42c7bcaea31d851ba4568e6e9d187e426bb2a,2020-01-22 13:52:32,1,user1,1579719152
5fb2e4bbb7a568ae8dcca26f,3,6a68a0f19fa22a965d9215654e278bfa4db1bdb2,2020-01-22 18:07:33,2,user1,1579734453
5fb2e4bbb7a568ae8dcca26e,4,6a68a0f19fa22a965d9215654e278bfa4db1bdb2,2020-01-22 18:09:07,2,user1,1579734547
5fb2e4bbb7a568ae8dcca26d,0,55c42c7bcaea31d851ba4568e6e9d187e426bb2a,2020-01-22 18:10:31,2,user1,1579734631
5fb2e4bbb7a568ae8dcca26c,3,55c42c7bcaea31d851ba4568e6e9d187e426bb2a,2020-01-22 18:11:04,2,user1,1579734664
5fb2e4bbb7a568ae8dcca26b,14,55c42c7bcaea31d851ba4568e6e9d187e426bb2a,2020-01-22 18:12:19,1,user1,1579734739
5fb2e4cd52f1194a0490329f,0,55c42c7bcaea31d851ba4568e6e9d187e426bb2a,2020-01-24 13:22:18,3,user1,1579890138
5fb2e4ce1cd4852026a1f84a,28,1373b69d78222876c3dc212dbe6c836bbee3b3b3,2020-01-25 10:54:56,1,user1,1579967696
5fb2e4ce1cd4852026a1f84c,8,55c42c7bcaea31d851ba4568e6e9d187e426bb2a,2020-01-25 12:11:58,1,user1,1579972318
5fb2e4ce1cd4852026a1f84b,37,55c42c7bcaea31d851ba4568e6e9d187e426bb2a,2020-01-25 12:36:58,2,user1,1579973818
5fb2e4cd837864c6482f0a65,28,55c42c7bcaea31d851ba4568e6e9d187e426bb2a,2020-01-25 12:40:04,1,user1,1579974004
5fb2e4e10e6a74a78b247da1,39,55c42c7bcaea31d851ba4568e6e9d187e426bb2a,2020-01-26 14:34:43,1,user1,1580067283
5fb2e4e04a23cf4c1ae5b77b,0,55c42c7bcaea31d851ba4568e6e9d187e426bb2a,2020-01-26 20:44:35,3,user1,1580089475
5fb2e4e1a9efe20f5e338a7b,12,55c42c7bcaea31d851ba4568e6e9d187e426bb2a,2020-01-26 21:02:59,2,user1,1580090579
5fb2e4e1f3233835e7a16fba,387,55c42c7bcaea31d851ba4568e6e9d187e426bb2a,2020-01-27 11:06:45,1,user1,1580141205
5fb2e4f4ea9b6a58ce250d3f,0,fc4cb186bac634e2638cfa0cf37d9ae95976b44f,2020-01-27 15:07:08,3,user1,1580155628
5fb2e4f4ea9b6a58ce250d3e,0,55c42c7bcaea31d851ba4568e6e9d187e426bb2a,2020-01-27 15:29:43,3,user1,1580156983
5fb2e4f4ea9b6a58ce250d3d,40,55c42c7bcaea31d851ba4568e6e9d187e426bb2a,2020-01-27 15:30:13,2,user1,1580157013
5fb2e4f4ea9b6a58ce250d3c,36,55c42c7bcaea31d851ba4568e6e9d187e426bb2a,2020-01-27 15:31:29,1,user1,1580157089
5fb2e4f3438400fb64c63dcd,107,10002a31320e099689975a3d80b1522bd9fc2150,2020-01-27 16:35:37,1,user1,1580160937
5fb2e4f3438400fb64c63dce,67,55c42c7bcaea31d851ba4568e6e9d187e426bb2a,2020-01-27 17:20:54,1,user1,1580163654
5fb2e4f496438294d8805cf0,82,55c42c7bcaea31d851ba4568e6e9d187e426bb2a,2020-01-28 11:30:32,1,user1,1580229032
5fb2e4f49a29af81ec64f8cb,36,10002a31320e099689975a3d80b1522bd9fc2150,2020-01-28 11:55:30,1,user1,1580230530
5fb2e4f49a29af81ec64f8cc,0,8ff5ecf659a6a817f9ba8924f931562b0340412f,2020-01-28 13:45:33,5,user1,1580237133
5fb2e4f321bfddb743c35d0f,248,55c42c7bcaea31d851ba4568e6e9d187e426bb2a,2020-01-28 14:44:27,1,user1,1580240667
5fb2e4f321bfddb743c35d10,184,55c42c7bcaea31d851ba4568e6e9d187e426bb2a,2020-01-28 15:30:48,1,user1,1580243448
5fb2e50608eb65dfa182074e,0,55c42c7bcaea31d851ba4568e6e9d187e426bb2a,2020-01-29 11:42:42,3,user1,1580316162
5fb2e50608eb65dfa1820750,0,55c42c7bcaea31d851ba4568e6e9d187e426bb2a,2020-01-29 12:11:22,3,user1,1580317882
5fb2e50608eb65dfa182074f,254,55c42c7bcaea31d851ba4568e6e9d187e426bb2a,2020-01-29 12:21:09,2,user1,1580318469
5fb2e50649227dbddd77b813,14,55c42c7bcaea31d851ba4568e6e9d187e426bb2a,2020-01-29 18:20:56,1,user1,1580340056
5fb2e50613255696679945ea,286,55c42c7bcaea31d851ba4568e6e9d187e426bb2a,2020-01-30 13:36:38,1,user1,1580409398
5fb2e50613255696679945eb,58,55c42c7bcaea31d851ba4568e6e9d187e426bb2a,2020-01-30 14:12:06,1,user1,1580411526
5fb2e51a4579bf4781db1af6,211,55c42c7bcaea31d851ba4568e6e9d187e426bb2a,2020-01-31 14:02:24,1,user1,1580497344
5fb2e519de8937d199e44874,103,55c42c7bcaea31d851ba4568e6e9d187e426bb2a,2020-02-01 11:44:56,1,user1,1580575496
5fb2e519de8937d199e44875,112,55c42c7bcaea31d851ba4568e6e9d187e426bb2a,2020-02-01 12:10:53,1,user1,1580577053
5fb2e51a2096e191bb3a063c,46,55c42c7bcaea31d851ba4568e6e9d187e426bb2a,2020-02-01 17:31:18,1,user1,1580596278
5fb2e51a2096e191bb3a063b,27,55c42c7bcaea31d851ba4568e6e9d187e426bb2a,2020-02-01 17:41:31,1,user1,1580596891
5fb2e52b753bea4973c5e283,82,4ccc14d874d3c638682dded3994d5a6e0cb1a4d1,2020-02-01 18:26:27,2,user1,1580599587
5fb2e52d0a9296c3cd06c0be,5,10002a31320e099689975a3d80b1522bd9fc2150,2020-02-01 19:45:16,2,user1,1580604316
5fb2e52c7b8106e3b323e6e7,7,6f08384c3647194357a37f0282206e936241e285,2020-02-02 14:07:38,1,user1,1580670458
5fb2e53e2ef7bbc5825c9a81,5,6f08384c3647194357a37f0282206e936241e285,2020-02-03 17:49:53,1,user1,1580770193
5fb2e53f391ce325e6823ca8,3,6f08384c3647194357a37f0282206e936241e285,2020-02-03 18:06:30,1,user1,1580771190
5fb2e53f391ce325e6823ca7,6,6f08384c3647194357a37f0282206e936241e285,2020-02-03 18:08:30,1,user1,1580771310
5fb2e53f391ce325e6823ca6,49,55c42c7bcaea31d851ba4568e6e9d187e426bb2a,2020-02-03 18:17:32,1,user1,1580771852
5fb2e53fcb54de067cb4c085,5,6f08384c3647194357a37f0282206e936241e285,2020-02-03 20:40:57,1,user1,1580780457
5fb2e53d0adb0b2878db373e,135,55c42c7bcaea31d851ba4568e6e9d187e426bb2a,2020-02-04 11:55:53,1,user1,1580835353
5fb2e53d0adb0b2878db373d,0,55c42c7bcaea31d851ba4568e6e9d187e426bb2a,2020-02-04 12:33:01,3,user1,1580837581
5fb2e53d0adb0b2878db373c,51,55c42c7bcaea31d851ba4568e6e9d187e426bb2a,2020-02-04 12:44:36,2,user1,1580838276
5fb2e53f9cea8692bc0eab28,11,6a68a0f19fa22a965d9215654e278bfa4db1bdb2,2020-02-04 18:05:16,2,user1,1580857516
5fb2e5529535b74a1dc93b4c,0,55c42c7bcaea31d851ba4568e6e9d187e426bb2a,2020-02-05 11:16:52,3,user1,1580919412
5fb2e5529535b74a1dc93b4b,174,55c42c7bcaea31d851ba4568e6e9d187e426bb2a,2020-02-05 11:17:45,2,user1,1580919465
5fb4cd893769968abba8308a,570,55c42c7bcaea31d851ba4568e6e9d187e426bb2a,2020-02-05 11:46:34,1,user1,1580921194
5fb2e55241a3b9733f814d95,63,55c42c7bcaea31d851ba4568e6e9d187e426bb2a,2020-02-05 15:41:20,1,user1,1580935280
5fb2e5527d812bdd44315452,136,55c42c7bcaea31d851ba4568e6e9d187e426bb2a,2020-02-05 18:40:26,1,user1,1580946026
5fb2e552e162f7a5f0862f72,17,55c42c7bcaea31d851ba4568e6e9d187e426bb2a,2020-02-06 10:54:04,1,user1,1581004444
5fb2e552e162f7a5f0862f71,156,55c42c7bcaea31d851ba4568e6e9d187e426bb2a,2020-02-06 11:22:41,1,user1,1581006161
5fb2e5519b21f7d104b16d05,127,55c42c7bcaea31d851ba4568e6e9d187e426bb2a,2020-02-06 12:59:56,1,user1,1581011996
5fb2e55240e6f9944566a4ee,62,55c42c7bcaea31d851ba4568e6e9d187e426bb2a,2020-02-06 16:01:22,1,user1,1581022882
5fb2e55240e6f9944566a4ef,74,55c42c7bcaea31d851ba4568e6e9d187e426bb2a,2020-02-06 18:24:19,1,user1,1581031459
5fb2e564ee7a1e2828dc7a86,0,55c42c7bcaea31d851ba4568e6e9d187e426bb2a,2020-02-07 13:31:51,2,user1,1581100311
5fb2e564ee7a1e2828dc7a85,3,55c42c7bcaea31d851ba4568e6e9d187e426bb2a,2020-02-07 13:32:26,2,user1,1581100346
5fb2e5653eedfe6c5fcc8e7c,20,55c42c7bcaea31d851ba4568e6e9d187e426bb2a,2020-02-07 13:52:38,1,user1,1581101558
5fb2e565f273aea710ce8252,72,a64b3398af54e394b299fd13df5c4569736eae16,2020-02-07 16:43:46,1,user1,1581111826
5fb2e565f4965b1a1eb6e385,108,fbc7d4140196eb71c978d04bb5fddcf502826278,2020-02-07 18:53:19,2,user1,1581119599
5fb2e565ce75a83148f9e9b4,53,fbc7d4140196eb71c978d04bb5fddcf502826278,2020-02-07 21:05:11,2,user1,1581127511
5fb2e565ce75a83148f9e9b3,0,6a68a0f19fa22a965d9215654e278bfa4db1bdb2,2020-02-07 21:17:40,3,user1,1581128260
5fb2e56533162c7b358cd38e,132,6a68a0f19fa22a965d9215654e278bfa4db1bdb2,2020-02-07 22:06:53,2,user1,1581131213
5fb2e56533162c7b358cd38d,4,a64b3398af54e394b299fd13df5c4569736eae16,2020-02-07 22:43:58,2,user1,1581133438
5fb2e56533162c7b358cd38c,116,a64b3398af54e394b299fd13df5c4569736eae16,2020-02-07 22:44:43,1,user1,1581133483
5fb2e56533162c7b358cd38f,122,a64b3398af54e394b299fd13df5c4569736eae16,2020-02-07 23:21:45,1,user1,1581135705
5fb2e5655b1dd44eb8c5fdd3,2,b18763b8356388a049663daf98bd5a11871da7f9,2020-02-08 00:17:09,2,user1,1581139029
5fb2e5655b1dd44eb8c5fdd2,17,b18763b8356388a049663daf98bd5a11871da7f9,2020-02-08 00:24:25,2,user1,1581139465
5fb2e57794bc1f966668444b,19,c785a2ea75e2bbeb28f76cb1a6ec1b6f6a020237,2020-02-08 10:00:25,2,user1,1581174025
5fb2e57794bc1f966668444c,32,c785a2ea75e2bbeb28f76cb1a6ec1b6f6a020237,2020-02-08 11:19:25,2,user1,1581178765
5fb2e57794bc1f966668444e,5,6f08384c3647194357a37f0282206e936241e285,2020-02-08 12:27:00,1,user1,1581182820
5fb2e57794bc1f966668444d,22,c785a2ea75e2bbeb28f76cb1a6ec1b6f6a020237,2020-02-08 12:49:29,2,user1,1581184169
5fb2e57799b20c0043d811e5,0,55c42c7bcaea31d851ba4568e6e9d187e426bb2a,2020-02-08 14:04:35,2,user1,1581188675
5fb2e57799b20c0043d811e4,0,55c42c7bcaea31d851ba4568e6e9d187e426bb2a,2020-02-08 14:05:10,2,user1,1581188710
5fb2e57799b20c0043d811e3,4,55c42c7bcaea31d851ba4568e6e9d187e426bb2a,2020-02-08 14:08:36,2,user1,1581188916
5fb2e57799b20c0043d811e2,210,a64b3398af54e394b299fd13df5c4569736eae16,2020-02-08 14:09:23,2,user1,1581188963
5fb2e57799b20c0043d811e1,0,55c42c7bcaea31d851ba4568e6e9d187e426bb2a,2020-02-08 14:11:38,3,user1,1581189098
5fb2e57799b20c0043d811e0,533,55c42c7bcaea31d851ba4568e6e9d187e426bb2a,2020-02-08 14:13:08,2,user1,1581189188
5fb2e577a050397762984c93,98,a64b3398af54e394b299fd13df5c4569736eae16,2020-02-08 18:48:22,1,user1,1581205702
5fb2e578f9bc138740bbde17,26,3f5779732bda369ae2094b121510e922a6256ada,2020-02-08 19:26:54,1,user1,1581208014
5fb2e57896d1081dbd426e38,0,fbc7d4140196eb71c978d04bb5fddcf502826278,2020-02-08 22:16:41,3,user1,1581218201
5fb2e57896d1081dbd426e37,45,fbc7d4140196eb71c978d04bb5fddcf502826278,2020-02-08 22:22:44,2,user1,1581218564
5fb2e57896d1081dbd426e3c,0,b18763b8356388a049663daf98bd5a11871da7f9,2020-02-08 22:56:45,2,user1,1581220605
5fb2e57896d1081dbd426e3b,53,b18763b8356388a049663daf98bd5a11871da7f9,2020-02-08 23:03:22,1,user1,1581221002
5fb2e57896d1081dbd426e3a,48,1c680e923f3e6075ce55680041edb0ee4294f85e,2020-02-08 23:06:07,2,user1,1581221167
5fb2e57896d1081dbd426e39,62,fbc7d4140196eb71c978d04bb5fddcf502826278,2020-02-08 23:07:17,2,user1,1581221237
5fb2e578937d19fe1be0c708,0,fbc7d4140196eb71c978d04bb5fddcf502826278,2020-02-09 00:36:24,3,user1,1581226584
5fb2e578952e2cb932cf0aad,0,fbc7d4140196eb71c978d04bb5fddcf502826278,2020-02-09 00:53:46,3,user1,1581227626
5fb2e578952e2cb932cf0aac,0,b18763b8356388a049663daf98bd5a11871da7f9,2020-02-09 00:59:46,3,user1,1581227986
5fb2e57730c22b95fbc88b5a,1,b18763b8356388a049663daf98bd5a11871da7f9,2020-02-09 10:15:49,2,user1,1581261349
5fb2e57730c22b95fbc88b59,333,fbc7d4140196eb71c978d04bb5fddcf502826278,2020-02-09 10:16:31,2,user1,1581261391
5fb2e57730c22b95fbc88b5b,1,b18763b8356388a049663daf98bd5a11871da7f9,2020-02-09 10:58:19,2,user1,1581263899
5fb2e578607dd73a2cc37afe,123,b18763b8356388a049663daf98bd5a11871da7f9,2020-02-09 13:24:22,1,user1,1581272662
5fb2e58a52bcb18b3c6df903,0,a64b3398af54e394b299fd13df5c4569736eae16,2020-02-09 14:52:54,2,user1,1581277974
5fb2e58a52bcb18b3c6df902,0,a64b3398af54e394b299fd13df5c4569736eae16,2020-02-09 14:53:04,2,user1,1581277984
5fb2e58a52bcb18b3c6df901,0,a64b3398af54e394b299fd13df5c4569736eae16,2020-02-09 14:53:19,3,user1,1581277999
5fb2e58a52bcb18b3c6df900,0,a64b3398af54e394b299fd13df5c4569736eae16,2020-02-09 14:53:30,2,user1,1581278010
5fb2e58a32159113839278bf,101,55c42c7bcaea31d851ba4568e6e9d187e426bb2a,2020-02-10 11:51:20,2,user1,1581353480
5fb2e58a32159113839278be,0,f0e85c247c0f1ef4c71df6230c9160696c819361,2020-02-10 12:04:23,2,user1,1581354263
5fb2e59d071fe20de20e15cb,162,7147bd01ca07e7db7b176adb977f8c9d73b52918,2020-02-11 11:50:18,2,user1,1581439818
5fb2e59b88ca41e5f6a27094,0,fbc7d4140196eb71c978d04bb5fddcf502826278,2020-02-11 21:29:42,2,user1,1581474582
5fb2e59b88ca41e5f6a27093,165,fbc7d4140196eb71c978d04bb5fddcf502826278,2020-02-11 21:36:29,1,user1,1581474989
5fb2e59d258d2af2980da117,19,fbc7d4140196eb71c978d04bb5fddcf502826278,2020-02-12 12:00:10,2,user1,1581526810
5fb2e59cd73f46c1e968cbb5,8,6f08384c3647194357a37f0282206e936241e285,2020-02-12 13:37:15,1,user1,1581532635
5fb4cd893769968abba83051,768,55c42c7bcaea31d851ba4568e6e9d187e426bb2a,2020-02-12 14:03:15,1,user1,1581534195
5fb2e59d5befa0fc043c2225,159,1c680e923f3e6075ce55680041edb0ee4294f85e,2020-02-12 16:07:37,2,user1,1581541657
5fb2e59d5befa0fc043c2226,4,6f08384c3647194357a37f0282206e936241e285,2020-02-12 17:01:56,1,user1,1581544916
5fb2e5b0f50337c3b630b25c,53,1c680e923f3e6075ce55680041edb0ee4294f85e,2020-02-13 00:15:48,1,user1,1581570948
5fb2e5b0f50337c3b630b25b,11,1c680e923f3e6075ce55680041edb0ee4294f85e,2020-02-13 00:17:46,1,user1,1581571066
5fb4cd893769968abba8304c,927,55c42c7bcaea31d851ba4568e6e9d187e426bb2a,2020-02-14 11:58:37,2,user1,1581699517
5fb2e5c2d7c054fa512580e1,5,4da228f402566f8b5089dc1f021f483d4b174046,2020-02-14 14:01:07,1,user1,1581706867
5fb2e5c17445077b3ec66f65,1,b18763b8356388a049663daf98bd5a11871da7f9,2020-02-14 15:49:51,2,user1,1581713391
5fb2e5c2b4568012f9ae65d4,386,1c680e923f3e6075ce55680041edb0ee4294f85e,2020-02-14 17:25:57,2,user1,1581719157
5fb2e5c2010382b57d059044,2,1c680e923f3e6075ce55680041edb0ee4294f85e,2020-02-14 19:03:34,2,user1,1581725014
5fb2e5c2010382b57d059043,0,1c680e923f3e6075ce55680041edb0ee4294f85e,2020-02-14 19:09:35,3,user1,1581725375
5fb2e5c1ed22fd9aff20c320,294,1c680e923f3e6075ce55680041edb0ee4294f85e,2020-02-14 19:14:07,2,user1,1581725647
5fb4cd893769968abba83045,87,1c680e923f3e6075ce55680041edb0ee4294f85e,2020-02-14 21:13:03,1,user1,1581732783
5fb2e5c2c7ec2f6e0ee7aa26,6,1c680e923f3e6075ce55680041edb0ee4294f85e,2020-02-14 21:39:27,2,user1,1581734367
5fb2e5c2774c6a08a6ff83ca,9,a64b3398af54e394b299fd13df5c4569736eae16,2020-02-14 22:31:15,1,user1,1581737475
5fb2e5c2774c6a08a6ff83c9,26,a64b3398af54e394b299fd13df5c4569736eae16,2020-02-14 22:32:19,2,user1,1581737539
5fb2e5c25442577e320733c8,0,fbc7d4140196eb71c978d04bb5fddcf502826278,2020-02-15 01:18:02,3,user1,1581747482
5fb2e5c25442577e320733c7,54,fbc7d4140196eb71c978d04bb5fddcf502826278,2020-02-15 01:19:36,2,user1,1581747576
5fb2e5c25442577e320733c6,0,3ea119d62ee7c7322e37127edff76b86f20aa870,2020-02-15 01:47:58,3,user1,1581749278
5fb2e5d561e0378e92205744,16,55c42c7bcaea31d851ba4568e6e9d187e426bb2a,2020-02-15 15:59:40,2,user1,1581800380
5fb2e5d561e0378e92205743,415,55c42c7bcaea31d851ba4568e6e9d187e426bb2a,2020-02-15 16:00:34,2,user1,1581800434
5fb2e5d54eee6c2ffebed1b5,46,a64b3398af54e394b299fd13df5c4569736eae16,2020-02-15 16:47:05,1,user1,1581803225
5fb2e5d5f89a6cd94a1b89cb,0,fbc7d4140196eb71c978d04bb5fddcf502826278,2020-02-15 19:18:38,2,user1,1581812318
5fb4cd893769968abba8303a,988,872c3d82fd6249e63363aeb294605a1404d7c542,2020-02-16 12:00:05,2,user1,1581872405
5fb2e5d55b7ab04093980389,59,a64b3398af54e394b299fd13df5c4569736eae16,2020-02-16 14:50:19,2,user1,1581882619
5fb2e5d4821bcb39086f362c,1,1c680e923f3e6075ce55680041edb0ee4294f85e,2020-02-16 15:18:08,2,user1,1581884288
5fb2e5d4821bcb39086f362b,0,1c680e923f3e6075ce55680041edb0ee4294f85e,2020-02-16 15:18:56,3,user1,1581884336
5fb2e5d4821bcb39086f362a,435,1c680e923f3e6075ce55680041edb0ee4294f85e,2020-02-16 15:20:36,2,user1,1581884436
5fb2e5d4821bcb39086f3629,2,55c42c7bcaea31d851ba4568e6e9d187e426bb2a,2020-02-16 15:31:24,2,user1,1581885084
5fb2e5d4821bcb39086f3628,59,55c42c7bcaea31d851ba4568e6e9d187e426bb2a,2020-02-16 15:32:03,1,user1,1581885123
5fb2e5e634174064af40e284,0,55c42c7bcaea31d851ba4568e6e9d187e426bb2a,2020-02-17 10:55:11,3,user1,1581954911
5fb4cd893769968abba83032,250,55c42c7bcaea31d851ba4568e6e9d187e426bb2a,2020-02-17 11:11:23,2,user1,1581955883
5fb2e5e8cca8cb0cae4ec28a,148,55c42c7bcaea31d851ba4568e6e9d187e426bb2a,2020-02-17 12:23:17,1,user1,1581960197
5fb2e5e71d16c0b44e6763c2,5,6f08384c3647194357a37f0282206e936241e285,2020-02-17 15:36:17,1,user1,1581971777
5fb2e5e7905f2df1d79bd8ec,99,55c42c7bcaea31d851ba4568e6e9d187e426bb2a,2020-02-17 18:19:57,1,user1,1581981597
5fb2e5f9f13e68bf4a485fff,132,55c42c7bcaea31d851ba4568e6e9d187e426bb2a,2020-02-18 11:52:00,1,user1,1582044720
5fb2e5f91f7992c7322254a9,0,55c42c7bcaea31d851ba4568e6e9d187e426bb2a,2020-02-18 13:58:01,3,user1,1582052281
5fb2e5f91f7992c7322254a8,4,55c42c7bcaea31d851ba4568e6e9d187e426bb2a,2020-02-18 14:02:20,2,user1,1582052540
5fb2e5f91f7992c7322254a7,0,55c42c7bcaea31d851ba4568e6e9d187e426bb2a,2020-02-18 14:02:31,2,user1,1582052551
5fb2e5fb46da5fff4bf118f3,74,55c42c7bcaea31d851ba4568e6e9d187e426bb2a,2020-02-18 14:53:18,1,user1,1582055598
5fb2e60d611517294ff3fdfa,3,55c42c7bcaea31d851ba4568e6e9d187e426bb2a,2020-02-20 14:12:25,2,user1,1582225945
5fb2e60d2511bc1ddf4712c0,4,55c42c7bcaea31d851ba4568e6e9d187e426bb2a,2020-02-20 14:14:32,2,user1,1582226072
5fb2e60d2511bc1ddf4712bf,113,55c42c7bcaea31d851ba4568e6e9d187e426bb2a,2020-02-20 14:25:00,1,user1,1582226700
5fb2e60d49237679605a430c,0,55c42c7bcaea31d851ba4568e6e9d187e426bb2a,2020-02-20 15:21:55,3,user1,1582230115
5fb2e60d49237679605a430b,4,55c42c7bcaea31d851ba4568e6e9d187e426bb2a,2020-02-20 15:22:22,2,user1,1582230142
5fb2e60d49237679605a430d,7,55c42c7bcaea31d851ba4568e6e9d187e426bb2a,2020-02-20 16:36:48,1,user1,1582234608
5fb2e60d60813fab7f1b2233,4,6f08384c3647194357a37f0282206e936241e285,2020-02-20 22:52:40,1,user1,1582257160
5fb2e60d60813fab7f1b2232,305,1c680e923f3e6075ce55680041edb0ee4294f85e,2020-02-20 23:03:16,1,user1,1582257796
5fb2e60cf1b7ad02308efd1d,42,10002a31320e099689975a3d80b1522bd9fc2150,2020-02-21 09:47:58,1,user1,1582296478
5fb2e60dd559447f477d76c2,188,55c42c7bcaea31d851ba4568e6e9d187e426bb2a,2020-02-21 14:26:37,1,user1,1582313197
5fb2e60dd559447f477d76c1,30,55c42c7bcaea31d851ba4568e6e9d187e426bb2a,2020-02-21 14:33:47,1,user1,1582313627
5fb2e6202145fe07b585cc4d,133,55c42c7bcaea31d851ba4568e6e9d187e426bb2a,2020-02-22 12:16:08,2,user1,1582391768
5fb2e6202145fe07b585cc4c,0,55c42c7bcaea31d851ba4568e6e9d187e426bb2a,2020-02-22 12:19:26,5,user1,1582391966
5fb2e6202145fe07b585cc4b,14,55c42c7bcaea31d851ba4568e6e9d187e426bb2a,2020-02-22 12:19:37,2,user1,1582391977
5fb2e6202145fe07b585cc4a,3,6f08384c3647194357a37f0282206e936241e285,2020-02-22 12:22:56,1,user1,1582392176
5fb2e6202145fe07b585cc49,156,55c42c7bcaea31d851ba4568e6e9d187e426bb2a,2020-02-22 13:10:13,1,user1,1582395013
5fb2e633deb1e6f51be9a971,17,55c42c7bcaea31d851ba4568e6e9d187e426bb2a,2020-02-24 10:07:02,1,user1,1582556822
5fb2e63396248a053ad4a666,0,ddb7edd6472be21996832bd49398b4d54673a2f4,2020-02-24 10:29:22,3,user1,1582558162
5fb2e63396248a053ad4a667,297,7147bd01ca07e7db7b176adb977f8c9d73b52918,2020-02-24 11:35:49,2,user1,1582562149
5fb2e632059fa6282a0349d3,135,55c42c7bcaea31d851ba4568e6e9d187e426bb2a,2020-02-24 12:50:38,1,user1,1582566638
5fb2e632059fa6282a0349d5,0,55c42c7bcaea31d851ba4568e6e9d187e426bb2a,2020-02-24 13:53:06,3,user1,1582570386
5fb2e632059fa6282a0349d4,0,55c42c7bcaea31d851ba4568e6e9d187e426bb2a,2020-02-24 13:54:49,5,user1,1582570489
5fb2e633ca8bb1588913a67f,4,6f08384c3647194357a37f0282206e936241e285,2020-02-24 14:57:40,1,user1,1582574260
5fb2e633ca8bb1588913a680,82,55c42c7bcaea31d851ba4568e6e9d187e426bb2a,2020-02-24 15:18:42,2,user1,1582575522
5fb2e6330543a239d854e23d,206,55c42c7bcaea31d851ba4568e6e9d187e426bb2a,2020-02-24 18:25:17,1,user1,1582586717
5fb2e63319bb9228aa9b60d1,252,55c42c7bcaea31d851ba4568e6e9d187e426bb2a,2020-02-25 11:47:07,1,user1,1582649227
5fb2e6461aebeddb72a1e4ae,17,55c42c7bcaea31d851ba4568e6e9d187e426bb2a,2020-02-25 14:42:19,2,user1,1582659739
5fb2e6461aebeddb72a1e4ad,0,99fa2eee511839fc703045909e61c016303818ea,2020-02-25 14:43:17,3,user1,1582659797
5fb2e646649fb3829b77324a,272,55c42c7bcaea31d851ba4568e6e9d187e426bb2a,2020-02-25 15:38:14,2,user1,1582663094
5fb2e6462ba65d1716a39f4f,103,55c42c7bcaea31d851ba4568e6e9d187e426bb2a,2020-02-25 16:32:26,1,user1,1582666346
5fb4cd893769968abba8300b,459,10d6ee7546fa5658021b8fc2bd04585225035ff6,2020-02-26 11:08:27,2,user1,1582733307
5fb2e646b38ecc7676edf154,214,635768de8ca63a46778b98d9768bfccf3c585340,2020-02-26 11:16:58,2,user1,1582733818
5fb2e646b38ecc7676edf153,0,a2329b0d77ecce49968636aaf3ab138a8b05be7e,2020-02-26 11:17:50,5,user1,1582733870
5fb2e646b38ecc7676edf152,742,10d6ee7546fa5658021b8fc2bd04585225035ff6,2020-02-26 11:20:55,2,user1,1582734055
5fb2e646b38ecc7676edf151,183,10d6ee7546fa5658021b8fc2bd04585225035ff6,2020-02-26 11:43:20,2,user1,1582735400
5fb2e646b38ecc7676edf150,483,55c42c7bcaea31d851ba4568e6e9d187e426bb2a,2020-02-26 11:49:31,1,user1,1582735771
5fb2e646b9c732df08d66584,93,55c42c7bcaea31d851ba4568e6e9d187e426bb2a,2020-02-26 13:26:29,1,user1,1582741589
5fb2e646120c14cf66ac5422,5,6f08384c3647194357a37f0282206e936241e285,2020-02-26 15:36:36,1,user1,1582749396
5fb2e6460d01d08f5fffc507,0,55c42c7bcaea31d851ba4568e6e9d187e426bb2a,2020-02-26 19:39:30,3,user1,1582763970
5fb2e6460d01d08f5fffc506,0,55c42c7bcaea31d851ba4568e6e9d187e426bb2a,2020-02-26 19:39:59,3,user1,1582763999
5fb2e6589613e747e684e641,0,ffd408e8cda11b078baab8035cb00e86cedecb7d,2020-02-27 09:52:02,3,user1,1582815122
5fb2e659eb4c29220acb6f2b,3,6ab442bfdb49a709df3a433e50847f07d7bc0f74,2020-02-27 10:34:37,1,user1,1582817677
5fb2e659eb4c29220acb6f2a,34,10002a31320e099689975a3d80b1522bd9fc2150,2020-02-27 10:50:34,1,user1,1582818634
5fb2e659640361e01fd24b66,97,55c42c7bcaea31d851ba4568e6e9d187e426bb2a,2020-02-27 13:47:50,1,user1,1582829270
5fb2e658c76e3aeb1606cd5d,35,10002a31320e099689975a3d80b1522bd9fc2150,2020-02-27 14:53:02,1,user1,1582833182
5fb2e658c76e3aeb1606cd5c,66,10002a31320e099689975a3d80b1522bd9fc2150,2020-02-27 14:54:02,1,user1,1582833242
5fb2e658c76e3aeb1606cd5e,7,6f08384c3647194357a37f0282206e936241e285,2020-02-27 16:02:47,1,user1,1582837367
5fb2e658a4b254b0eceb1e23,5,6f08384c3647194357a37f0282206e936241e285,2020-02-27 20:58:34,1,user1,1582855114
5fb2e658a4b254b0eceb1e24,221,eaa49de6d5fcb44b60d71cddd259192985201513,2020-02-27 22:31:05,2,user1,1582860665
5fb2e658a4b254b0eceb1e25,5,6f08384c3647194357a37f0282206e936241e285,2020-02-27 23:58:36,1,user1,1582865916
5fb2e658a4b254b0eceb1e26,6,6f08384c3647194357a37f0282206e936241e285,2020-02-28 00:17:09,1,user1,1582867029
5fb2e659e75adac7316995b1,171,55c42c7bcaea31d851ba4568e6e9d187e426bb2a,2020-02-28 11:19:13,1,user1,1582906753
5fb2e6596d2508dbda5e617e,58,8820157370a9eb492357ffa0b771414b358c34fa,2020-02-28 16:33:56,2,user1,1582925636
5fb2e6592b9b1ea878383d17,0,55c42c7bcaea31d851ba4568e6e9d187e426bb2a,2020-02-28 17:26:48,2,user1,1582928808
5fb2e6592b9b1ea878383d16,34,55c42c7bcaea31d851ba4568e6e9d187e426bb2a,2020-02-28 17:47:25,1,user1,1582930045
5fb2e6592b9b1ea878383d15,3,55c42c7bcaea31d851ba4568e6e9d187e426bb2a,2020-02-28 17:53:32,1,user1,1582930412
5fb2e66b42fa5f96c096ed21,15,55c42c7bcaea31d851ba4568e6e9d187e426bb2a,2020-02-29 11:55:42,1,user1,1582995342
5fb2e66cd9be2bc7518f5afd,0,55c42c7bcaea31d851ba4568e6e9d187e426bb2a,2020-03-01 15:43:52,3,user1,1583095432
5fb2e66cd9be2bc7518f5afc,31,55c42c7bcaea31d851ba4568e6e9d187e426bb2a,2020-03-01 16:18:20,2,user1,1583097500
5fb2e67eb2d3354aaddd5e7a,8,55c42c7bcaea31d851ba4568e6e9d187e426bb2a,2020-03-01 16:19:28,1,user1,1583097568
5fb2e67efd85d7045c68baa7,4,6f08384c3647194357a37f0282206e936241e285,2020-03-01 20:49:14,1,user1,1583113754
5fb2e67fff89ba977b3d5789,83,55c42c7bcaea31d851ba4568e6e9d187e426bb2a,2020-03-02 11:55:46,1,user1,1583168146
5fb2e67f4ba5f5d4b2e4fac9,413,7147bd01ca07e7db7b176adb977f8c9d73b52918,2020-03-02 12:55:45,2,user1,1583171745
5fb2e67f4ba5f5d4b2e4fac8,10,7147bd01ca07e7db7b176adb977f8c9d73b52918,2020-03-02 13:03:45,2,user1,1583172225
5fb2e67f4ba5f5d4b2e4fac7,0,55c42c7bcaea31d851ba4568e6e9d187e426bb2a,2020-03-02 13:07:32,2,user1,1583172452
5fb2e67f4ba5f5d4b2e4fac6,60,eaa49de6d5fcb44b60d71cddd259192985201513,2020-03-02 13:08:30,2,user1,1583172510
5fb2e67f4ba5f5d4b2e4fac5,70,55c42c7bcaea31d851ba4568e6e9d187e426bb2a,2020-03-02 13:09:41,1,user1,1583172581
5fb2e67ed5f90893220c9743,83,7147bd01ca07e7db7b176adb977f8c9d73b52918,2020-03-02 15:57:20,2,user1,1583182640
5fb2e67ed5f90893220c9742,109,eaa49de6d5fcb44b60d71cddd259192985201513,2020-03-02 15:59:22,2,user1,1583182762
5fb2e67ed5f90893220c9741,473,10d6ee7546fa5658021b8fc2bd04585225035ff6,2020-03-02 16:01:25,2,user1,1583182885
5fb2e67ed5f90893220c9740,0,10d6ee7546fa5658021b8fc2bd04585225035ff6,2020-03-02 16:09:24,2,user1,1583183364
5fb2e67ed5f90893220c973f,62,f79169f3380bf0985b3ef3dd25ab374c6b48a110,2020-03-02 16:12:37,2,user1,1583183557
5fb2e67ed5f90893220c973e,60,f79169f3380bf0985b3ef3dd25ab374c6b48a110,2020-03-02 16:13:44,2,user1,1583183624
5fb2e67ed5f90893220c973d,44,7a189d2c8476be0d72cdd58566d41c852b8c45c0,2020-03-02 16:17:46,2,user1,1583183866
5fb4cd893769968abba82fdf,180,7ea8e82361dd9cafa1ef9ff1ed25fe7fc3dd4db,2020-03-02 16:19:09,2,user1,1583183949
5fb2e67ed5f90893220c9746,349,635768de8ca63a46778b98d9768bfccf3c585340,2020-03-02 16:30:21,2,user1,1583184621
5fb2e67ed5f90893220c9745,297,10d6ee7546fa5658021b8fc2bd04585225035ff6,2020-03-02 16:36:28,2,user1,1583184988
5fb2e67ed5f90893220c9744,163,7147bd01ca07e7db7b176adb977f8c9d73b52918,2020-03-02 16:42:20,2,user1,1583185340
5fb2e691b7652b35c68fbdd7,5,6f08384c3647194357a37f0282206e936241e285,2020-03-03 10:17:53,1,user1,1583248673
5fb2e691c47059572845a209,52,10002a31320e099689975a3d80b1522bd9fc2150,2020-03-03 10:54:49,1,user1,1583250889
5fb2e69287b2676f63db847f,329,55c42c7bcaea31d851ba4568e6e9d187e426bb2a,2020-03-03 15:05:57,1,user1,1583265957
5fb2e69287b2676f63db847e,0,55c42c7bcaea31d851ba4568e6e9d187e426bb2a,2020-03-03 15:13:23,5,user1,1583266403
5fb2e69287b2676f63db847d,211,55c42c7bcaea31d851ba4568e6e9d187e426bb2a,2020-03-03 15:13:48,2,user1,1583266428
5fb2e691b88b0b09313a375f,0,cdcf3cc0f105d1b199d2043586b27320310828ab,2020-03-03 17:58:10,1,user1,1583276290
5fb2e6923e4dd98282131ff1,6,6f08384c3647194357a37f0282206e936241e285,2020-03-03 23:53:06,1,user1,1583297586
5fb2e6912bb4cb02acdd2895,47,15890e2bfd33be637567cad1b27270687302e353,2020-03-04 11:34:59,1,user1,1583339699
5fb2e6928629cb1eb6992122,120,55c42c7bcaea31d851ba4568e6e9d187e426bb2a,2020-03-04 15:06:50,1,user1,1583352410
5fb2e6a31c41eb8ceeae6f2a,716,55c42c7bcaea31d851ba4568e6e9d187e426bb2a,2020-03-05 12:31:12,1,user1,1583429472
5fb2e6a31c41eb8ceeae6f2e,0,1c680e923f3e6075ce55680041edb0ee4294f85e,2020-03-05 16:03:08,3,user1,1583442188
5fb2e6a31c41eb8ceeae6f2d,28,1c680e923f3e6075ce55680041edb0ee4294f85e,2020-03-05 16:04:20,2,user1,1583442260
5fb2e6a31c41eb8ceeae6f2c,30,1c680e923f3e6075ce55680041edb0ee4294f85e,2020-03-05 16:11:54,2,user1,1583442714
5fb2e6a31c41eb8ceeae6f2b,0,1c680e923f3e6075ce55680041edb0ee4294f85e,2020-03-05 16:12:42,2,user1,1583442762
5fb4cd893769968abba82fcd,2875,1c680e923f3e6075ce55680041edb0ee4294f85e,2020-03-05 16:13:07,1,user1,1583442787
5fb2e6a4204c670850832bd5,0,55c42c7bcaea31d851ba4568e6e9d187e426bb2a,2020-03-05 19:28:51,3,user1,1583454531
5fb2e6a5560b61a9a8abb68c,1288,32d3463a36556839a26445bd4fe00de9ff75e49c,2020-03-06 10:33:44,1,user1,1583508824
5fb2e6a569c826e67cd231df,239,55c42c7bcaea31d851ba4568e6e9d187e426bb2a,2020-03-06 14:58:43,1,user1,1583524723
5fb2e6a43a53c1026137c446,4,6f08384c3647194357a37f0282206e936241e285,2020-03-06 23:20:27,1,user1,1583554827
5fb2e6b8e9459c92d6a6271c,38,55c42c7bcaea31d851ba4568e6e9d187e426bb2a,2020-03-07 11:40:48,1,user1,1583599248
5fb2e6b807b67f434986a0d9,112,55c42c7bcaea31d851ba4568e6e9d187e426bb2a,2020-03-08 14:48:12,1,user1,1583693292
5fb2e6cb3df96ef776b7fd26,359,55c42c7bcaea31d851ba4568e6e9d187e426bb2a,2020-03-09 13:39:00,1,user1,1583775540
5fb2e6cb3df96ef776b7fd25,22,55c42c7bcaea31d851ba4568e6e9d187e426bb2a,2020-03-09 13:45:09,2,user1,1583775909
5fb2e6cb3b1e082e0527d7ac,5,b101520326d488097fa791ea607f502463007d8b,2020-03-09 16:22:36,1,user1,1583785356
5fb2e6cb2e9c840fef586077,0,6a68a0f19fa22a965d9215654e278bfa4db1bdb2,2020-03-09 19:46:49,3,user1,1583797609
5fb2e6cb2e9c840fef586076,0,6a68a0f19fa22a965d9215654e278bfa4db1bdb2,2020-03-09 19:47:11,3,user1,1583797631
5fb2e6cb2e9c840fef586075,210,6a68a0f19fa22a965d9215654e278bfa4db1bdb2,2020-03-09 19:47:18,1,user1,1583797638
5fb2e6cba73204dc46341e59,35,55c42c7bcaea31d851ba4568e6e9d187e426bb2a,2020-03-09 21:21:54,1,user1,1583803314
5fb2e6ca47fdca375af64105,0,55c42c7bcaea31d851ba4568e6e9d187e426bb2a,2020-03-10 10:45:36,3,user1,1583851536
5fb2e6ca47fdca375af64104,65,55c42c7bcaea31d851ba4568e6e9d187e426bb2a,2020-03-10 10:46:16,2,user1,1583851576
5fb2e6d7624135298067a5e4,74,55c42c7bcaea31d851ba4568e6e9d187e426bb2a,2020-03-10 13:35:40,1,user1,1583861740
5fb2e6d7624135298067a5e3,29,55c42c7bcaea31d851ba4568e6e9d187e426bb2a,2020-03-10 13:51:48,1,user1,1583862708
5fb2e6d7846cc7717e6c5ebc,25,fbc7d4140196eb71c978d04bb5fddcf502826278,2020-03-11 00:03:20,2,user1,1583899400
5fb4cd893769968abba82fba,3,55c42c7bcaea31d851ba4568e6e9d187e426bb2a,2020-03-11 21:19:45,2,user1,1583975985
5fb4cd893769968abba82fb9,1103,a64b3398af54e394b299fd13df5c4569736eae16,2020-03-12 00:59:44,1,user1,1583989184
5fb4cd893769968abba82fb8,744,fbc7d4140196eb71c978d04bb5fddcf502826278,2020-03-12 15:23:07,2,user1,1584040987
5fb4cd893769968abba82fb7,0,fbc7d4140196eb71c978d04bb5fddcf502826278,2020-03-12 16:01:33,3,user1,1584043293
5fb4cd893769968abba82fb6,183,fbc7d4140196eb71c978d04bb5fddcf502826278,2020-03-12 16:02:51,2,user1,1584043371
5fb4cd893769968abba82fb5,4873,4671ffbdd7a25b627a96191ca649b99e917dc35,2020-03-12 17:42:55,2,user1,1584049375
5fb4cd893769968abba82fb4,0,1c680e923f3e6075ce55680041edb0ee4294f85e,2020-03-12 19:09:08,3,user1,1584054548
5fb4cd893769968abba82fb3,330,1c680e923f3e6075ce55680041edb0ee4294f85e,2020-03-12 19:38:36,2,user1,1584056316
5fb4cd893769968abba82fb2,1853,1c680e923f3e6075ce55680041edb0ee4294f85e,2020-03-12 22:05:33,2,user1,1584065133
5fb4cd893769968abba82fb1,1274,1c680e923f3e6075ce55680041edb0ee4294f85e,2020-03-12 22:36:40,1,user1,1584067000
5fb4cd893769968abba82fb0,23,247d3fbe752a7c3b0c3135c49b15389b4ef12b9,2020-03-13 13:55:49,1,user1,1584122149
5fb4cd893769968abba82faf,0,55c42c7bcaea31d851ba4568e6e9d187e426bb2a,2020-03-13 22:22:52,3,user1,1584152572
5fb4cd893769968abba82fae,462,55c42c7bcaea31d851ba4568e6e9d187e426bb2a,2020-03-13 22:30:50,2,user1,1584153050
5fb4cd893769968abba82fad,94,55c42c7bcaea31d851ba4568e6e9d187e426bb2a,2020-03-14 14:06:50,1,user1,1584209210
5fb4cd893769968abba82fac,45,55c42c7bcaea31d851ba4568e6e9d187e426bb2a,2020-03-14 15:44:23,1,user1,1584215063
5fb4cd893769968abba82fab,0,55c42c7bcaea31d851ba4568e6e9d187e426bb2a,2020-03-15 15:45:23,3,user1,1584301523
5fb4cd893769968abba82faa,0,55c42c7bcaea31d851ba4568e6e9d187e426bb2a,2020-03-15 16:23:06,3,user1,1584303786
5fb4cd893769968abba82fa9,131,55c42c7bcaea31d851ba4568e6e9d187e426bb2a,2020-03-15 16:27:25,1,user1,1584304045
5fb4cd893769968abba82fa8,96,55c42c7bcaea31d851ba4568e6e9d187e426bb2a,2020-03-15 16:42:04,1,user1,1584304924
5fb4cd893769968abba82fa7,3587,4bd8f3526cd8b59271900446abe0956b18d707c0,2020-03-16 11:26:26,1,user1,1584372386
5fb4cd893769968abba82fa6,4,83e895a900f0dd2ba7620bd6f8c486026b000ef1,2020-03-16 13:16:29,1,user1,1584378989
5fb4cd893769968abba82fa5,166,55c42c7bcaea31d851ba4568e6e9d187e426bb2a,2020-03-17 12:25:26,1,user1,1584462326
5fb4cd893769968abba82fa4,1,1c680e923f3e6075ce55680041edb0ee4294f85e,2020-03-17 13:17:29,2,user1,1584465449
5fb4cd893769968abba82fa3,4288,1c680e923f3e6075ce55680041edb0ee4294f85e,2020-03-17 13:18:09,1,user1,1584465489
5fb4cd893769968abba82fa2,39,55c42c7bcaea31d851ba4568e6e9d187e426bb2a,2020-03-18 11:48:03,1,user1,1584546483
5fb4cd893769968abba82fa1,13,1fba2c18a9b5dd63ea853dfcdab53bfa8e2e3918,2020-03-18 14:40:25,1,user1,1584556825
5fb4cd893769968abba82fa0,6,6f08384c3647194357a37f0282206e936241e285,2020-03-18 21:01:41,1,user1,1584579701
5fb4cd893769968abba82f9f,2990,a64b3398af54e394b299fd13df5c4569736eae16,2020-03-18 21:10:17,2,user1,1584580217
5fb4cd893769968abba82f9e,4670,fbc7d4140196eb71c978d04bb5fddcf502826278,2020-03-18 22:00:27,2,user1,1584583227
5fb4cd893769968abba82f9d,1128,247d3fbe752a7c3b0c3135c49b15389b4ef12b9,2020-03-19 12:30:56,1,user1,1584635456
5fb4cd893769968abba82f9c,4772,b18763b8356388a049663daf98bd5a11871da7f9,2020-03-19 22:00:18,1,user1,1584669618
5fb4cd893769968abba82f9b,0,b812be3efe66164a6e4171e8e9db491b7857a31f,2020-03-20 17:06:59,3,user1,1584738419
5fb4cd893769968abba82f9a,0,b812be3efe66164a6e4171e8e9db491b7857a31f,2020-03-20 17:10:32,3,user1,1584738632
5fb4cd893769968abba82f99,0,b812be3efe66164a6e4171e8e9db491b7857a31f,2020-03-20 17:14:34,3,user1,1584738874
5fb4cd893769968abba82f98,0,b812be3efe66164a6e4171e8e9db491b7857a31f,2020-03-20 17:15:34,3,user1,1584738934
5fb4cd893769968abba82f97,3,1411bd4a8078591652131ddeeae7b534a5674d94,2020-03-22 14:46:15,1,user1,1584902775
5fb4cd893769968abba82f96,5,6f08384c3647194357a37f0282206e936241e285,2020-03-22 16:35:55,1,user1,1584909355
5fb4cd893769968abba82f95,6,6f08384c3647194357a37f0282206e936241e285,2020-03-23 13:06:37,1,user1,1584983197
5fb4cd893769968abba82f94,7,bcac2f48134cd87bd6fb8b33bcf9628277638d61,2020-03-23 16:40:03,1,user1,1584996003
5fb4cd893769968abba82f93,5,6f08384c3647194357a37f0282206e936241e285,2020-03-26 00:12:29,1,user1,1585195949
5fb4cd893769968abba82f92,10,6f08384c3647194357a37f0282206e936241e285,2020-03-26 17:25:44,1,user1,1585257944
5fb4cd893769968abba82f91,0,1ea1a7062ba95dd2adb6bfeae40e4e69b761d8a,2020-03-26 20:30:34,2,user1,1585269034
5fb4cd893769968abba82f90,0,1ea1a7062ba95dd2adb6bfeae40e4e69b761d8a,2020-03-26 20:30:49,2,user1,1585269049
5fb4cd893769968abba82f8f,7200,1ea1a7062ba95dd2adb6bfeae40e4e69b761d8a,2020-03-26 20:46:09,1,user1,1585269969
5fb4cd893769968abba82f8e,2481,1ea1a7062ba95dd2adb6bfeae40e4e69b761d8a,2020-03-26 22:46:27,1,user1,1585277187
5fb4cd893769968abba82f8d,10,9be5f6ccb808ff76482ba3b249046ef35dc94216,2020-03-27 10:31:34,1,user1,1585319494
5fb4cd893769968abba82f8c,954,,2020-03-27 11:01:40,1,user1,1585321300
5fb4cd893769968abba82f8b,6,6f08384c3647194357a37f0282206e936241e285,2020-03-27 11:48:27,1,user1,1585324107
5fb4cd893769968abba82f8a,2,4bd8f3526cd8b59271900446abe0956b18d707c0,2020-03-27 12:25:11,2,user1,1585326311
5fb4cd893769968abba82f89,5,6f08384c3647194357a37f0282206e936241e285,2020-03-27 12:44:11,1,user1,1585327451
5fb4cd893769968abba82f88,4,6f08384c3647194357a37f0282206e936241e285,2020-03-28 17:47:39,1,user1,1585432059
5fb4cd893769968abba82f87,0,b812be3efe66164a6e4171e8e9db491b7857a31f,2020-03-29 09:56:30,3,user1,1585490190
5fb4cd893769968abba82f86,0,b812be3efe66164a6e4171e8e9db491b7857a31f,2020-03-29 11:52:57,5,user1,1585497177
5fb4cd893769968abba82f85,4157,4bd8f3526cd8b59271900446abe0956b18d707c0,2020-03-29 17:21:13,2,user1,1585516873
5fb4cd893769968abba82f84,5,6f08384c3647194357a37f0282206e936241e285,2020-03-29 19:13:37,1,user1,1585523617
5fb4cd893769968abba82f83,8,6f08384c3647194357a37f0282206e936241e285,2020-03-29 19:14:54,1,user1,1585523694
5fb4cd893769968abba82f82,4,6f08384c3647194357a37f0282206e936241e285,2020-03-29 21:27:43,1,user1,1585531663
5fb4cd893769968abba82f81,50,eaa49de6d5fcb44b60d71cddd259192985201513,2020-03-30 00:01:53,2,user1,1585540913
5fb4cd893769968abba82f80,2084,1c680e923f3e6075ce55680041edb0ee4294f85e,2020-03-30 00:37:50,1,user1,1585543070
5fb4cd893769968abba82f7f,1861,1c680e923f3e6075ce55680041edb0ee4294f85e,2020-03-30 01:12:52,1,user1,1585545172
5fb4cd893769968abba82f7e,56,,2020-03-30 14:07:05,1,user1,1585591625
5fb4cd893769968abba82f7d,3045,fbc7d4140196eb71c978d04bb5fddcf502826278,2020-03-30 22:42:38,1,user1,1585622558
5fb4cd893769968abba82f7c,4,e5cd489acb49365aca73cd94171e915fc91b8487,2020-04-08 11:57:16,1,user1,1586361436
5fb4cd893769968abba82f7b,4,b132289b4d01287c448ff393e8f0113e79817850,2020-04-08 12:12:47,1,user1,1586362367
5fb4cd893769968abba82f7a,3610,a64b3398af54e394b299fd13df5c4569736eae16,2020-04-09 00:07:49,2,user1,1586405269
5fb4cd893769968abba82f79,600,a64b3398af54e394b299fd13df5c4569736eae16,2020-04-09 13:54:20,1,user1,1586454860
5fb4cd893769968abba82f78,6,62d27db8e88349ba42fcf10de05bfae16366457d,2020-04-11 12:14:17,1,user1,1586621657
5fb4cd893769968abba82f77,0,b812be3efe66164a6e4171e8e9db491b7857a31f,2020-04-15 13:40:48,5,user1,1586972448
5fb4cd893769968abba82f76,0,b812be3efe66164a6e4171e8e9db491b7857a31f,2020-04-15 13:43:56,5,user1,1586972636
5fb4cd893769968abba82f75,3,549f2841edb8f83d58c49e394af92178bd05bfd8,2020-04-17 13:02:48,1,user1,1587142968
5fb4cd893769968abba82f74,28,70947de04c815c25a40625a5a184b2e5072ba745,2020-04-17 18:37:17,1,user1,1587163037
5fb4cd893769968abba82f73,3865,4bd8f3526cd8b59271900446abe0956b18d707c0,2020-04-18 12:57:27,1,user1,1587229047
5fb4cd893769968abba82f72,0,5b130582e1e520eb07a0a5daf3b8ff8833b2e5e5,2020-04-20 11:27:57,3,user1,1587396477
5fb4cd893769968abba82f71,3,68bb4c9b3a7e83314274c504726bfffaa8520ad5,2020-04-23 10:27:07,1,user1,1587652027
5fb4cd893769968abba82f70,6,1fba2c18a9b5dd63ea853dfcdab53bfa8e2e3918,2020-04-23 15:02:32,1,user1,1587668552
5fb4cd893769968abba82f6f,2505,a437feb1768777d9b7a9b14f0a38d7fd856eb1e6,2020-04-24 12:36:59,1,user1,1587746219
5fb4cd893769968abba82f6e,2205,1ea1a7062ba95dd2adb6bfeae40e4e69b761d8a,2020-05-02 01:01:10,1,user1,1588395670
5fb4cd893769968abba82f6d,15,6c3f6f359bd4902fa14927f2371a793d30be7a79,2020-05-03 18:21:47,1,user1,1588544507
5fb4cd893769968abba82f6c,0,6c3f6f359bd4902fa14927f2371a793d30be7a79,2020-05-03 18:22:16,3,user1,1588544536
5fb4cd893769968abba82f6b,0,78ef78303fa03083f4f32a4933276dafcddee680,2020-05-16 11:27:36,3,user1,1589642856
5fb4cd893769968abba82f6a,0,8ff54fc7ab300c15b330a8569a9c5f1d4d518576,2020-05-16 14:24:57,3,user1,1589653497
5fb4cd893769968abba82f69,0,a89c87425480dbbdef027f23508204fab01acab8,2020-05-16 14:32:11,3,user1,1589653931
5fb4cd893769968abba82f68,24,55c42c7bcaea31d851ba4568e6e9d187e426bb2a,2020-05-17 15:53:33,1,user1,1589745213
5fb4cd893769968abba82f67,0,a4d305cb37749ff5c1900090713b0ad6a6af5584,2020-05-17 17:41:50,3,user1,1589751710
5fb4cd893769968abba82f66,0,a4d305cb37749ff5c1900090713b0ad6a6af5584,2020-05-17 17:43:35,2,user1,1589751815
5fb4cd893769968abba82f65,0,67d465308186bb6886673565bc6fd76006c83285,2020-05-22 14:31:12,5,user1,1590172272
5fb4cd893769968abba82f64,29,eaa49de6d5fcb44b60d71cddd259192985201513,2020-05-22 14:31:45,2,user1,1590172305
5fb4cd893769968abba82f63,61,55c42c7bcaea31d851ba4568e6e9d187e426bb2a,2020-05-25 17:47:16,2,user1,1590443236
5fb4cd893769968abba82f62,48,55c42c7bcaea31d851ba4568e6e9d187e426bb2a,2020-05-25 18:41:23,1,user1,1590446483
5fb4cd893769968abba82f61,88,1fba2c18a9b5dd63ea853dfcdab53bfa8e2e3918,2020-05-27 14:41:18,1,user1,1590604878
5fb4cd893769968abba82f60,0,4c6e210e74c7d0577b1979c9ac236cac77afa4b3,2020-05-27 14:48:16,5,user1,1590605296
5fb4cd893769968abba82f5f,0,83ea36d8801b48fd3f32214ad483f8b6fe4e0137,2020-05-30 14:09:17,5,user1,1590862157
5fb4cd893769968abba82f5e,0,1fba2c18a9b5dd63ea853dfcdab53bfa8e2e3918,2020-06-03 16:55:27,3,user1,1591217727
5fb4cd893769968abba82f5d,0,838555805092ed82386eee8d84ed81b1b55a901e,2020-06-04 09:15:19,3,user1,1591276519
5fb4cd893769968abba82f5c,3,a64b3398af54e394b299fd13df5c4569736eae16,2020-06-06 16:33:30,2,user1,1591475610
5fb4cd893769968abba82f5b,2492,a64b3398af54e394b299fd13df5c4569736eae16,2020-06-06 16:44:26,1,user1,1591476266
5fb4cd893769968abba82f5a,0,55c42c7bcaea31d851ba4568e6e9d187e426bb2a,2020-06-09 08:29:19,3,user1,1591705759
5fb4cd893769968abba82f59,0,55c42c7bcaea31d851ba4568e6e9d187e426bb2a,2020-06-09 08:35:43,3,user1,1591706143
5fb4cd893769968abba82f58,0,a17ce79b90ecf5ec28183bcae9a7cd48b57ef127,2020-06-11 17:06:56,3,user1,1591909616
5fb4cd893769968abba82f57,0,,2020-06-12 13:57:29,3,user1,1591984649
5fb4cd893769968abba82f56,2955,4bd8f3526cd8b59271900446abe0956b18d707c0,2020-06-12 15:00:43,2,user1,1591988443
5fb4cd893769968abba82f55,0,dd324d5e92ba9d694020a63bc0ecd97b0411299,2020-06-13 11:41:19,3,user1,1592062879
5fb4cf9ca1c32aca1bc519f9,0,a4a36a5c0c521a6eca43a9989985347eaecd818d,2020-06-14 13:36:38,3,user1,1592156198
5fb4cda77a37b4d75ec76bfb,198,635768de8ca63a46778b98d9768bfccf3c585340,2020-06-15 12:01:36,2,user1,1592236896
5fb4cfd4c590d90b954155c3,0,55c42c7bcaea31d851ba4568e6e9d187e426bb2a,2020-06-15 15:59:37,2,user1,1592251177
5fb4cfd4c590d90b954155c2,0,6a68a0f19fa22a965d9215654e278bfa4db1bdb2,2020-06-15 16:01:51,2,user1,1592251311
5fb4cfd4c590d90b954155c1,0,6a68a0f19fa22a965d9215654e278bfa4db1bdb2,2020-06-15 16:02:16,2,user1,1592251336
5fb4cf5bce9ee3466fc15611,0,1ea1a7062ba95dd2adb6bfeae40e4e69b761d8a,2020-06-15 18:31:56,2,user1,1592260316
5fb4cf5bce9ee3466fc15610,0,4671ffbdd7a25b627a96191ca649b99e917dc35,2020-06-15 18:33:26,2,user1,1592260406
5fb4cf76a93a49718b6c5b7a,0,9eb962f144498d66917559f1ef004f8b8cf16a0d,2020-06-18 10:21:55,3,user1,1592490115
5fb4ce7802929b3b5ad67304,0,f29be43f28126e17a670a12cd1715c78631b1f5e,2020-06-20 16:16:13,5,user1,1592684173
5fb4ce7802929b3b5ad67303,0,f29be43f28126e17a670a12cd1715c78631b1f5e,2020-06-20 16:16:29,5,user1,1592684189
5fb4ce7802929b3b5ad67302,0,f29be43f28126e17a670a12cd1715c78631b1f5e,2020-06-20 16:16:43,3,user1,1592684203
5fb4ce7802929b3b5ad67301,0,f29be43f28126e17a670a12cd1715c78631b1f5e,2020-06-20 16:17:25,3,user1,1592684245
5fb4ce7802929b3b5ad67300,12,f29be43f28126e17a670a12cd1715c78631b1f5e,2020-06-20 16:18:06,1,user1,1592684286
5fb4ce7802929b3b5ad672ff,14,f29be43f28126e17a670a12cd1715c78631b1f5e,2020-06-20 16:18:35,1,user1,1592684315
5fb4cdf389ba1a452614d6ee,0,592fc78ed19c8c203648503ac5f60af134e3fb24,2020-06-22 12:32:02,2,user1,1592843522
5fb4cdf389ba1a452614d6ed,164,3b4747151af990390e2354a11bd3cfa69b38f7fa,2020-06-22 12:32:25,2,user1,1592843545
5fb4cdf389ba1a452614d6ec,788,3b4747151af990390e2354a11bd3cfa69b38f7fa,2020-06-22 12:38:14,2,user1,1592843894
5fb4cdf389ba1a452614d6ef,0,7d1421796e1c0e5b3bb4ea153882994bdb7e6074,2020-06-22 14:26:44,3,user1,1592850404
5fb4cdb9901a0b1e19e08d00,1948,a64b3398af54e394b299fd13df5c4569736eae16,2020-06-23 00:02:21,2,user1,1592884941
5fb4d03305367694e7dac73e,0,8094bcc6422532f5331915bfda79e3e35befece5,2020-06-24 14:03:33,3,user1,1593021813
5fb4d03305367694e7dac73d,0,9ee02b4210d38cbc362b4e0570df5bfa937acb79,2020-06-24 14:41:29,3,user1,1593024089
5fb4cffbad46996ca2f2b0ed,0,79b3ce1ae96d99a2d99333021ee392154f68b621,2020-06-25 12:04:14,3,user1,1593101054
5fb4cff9358c4be8047382c8,48,b38491159c9cd3c356c540547feb8c82d33f1e3c,2020-06-25 13:51:55,2,user1,1593107515
5fb4d00e3f9d8b6b7d64ff8a,77,10002a31320e099689975a3d80b1522bd9fc2150,2020-06-25 16:50:13,1,user1,1593118213
5fb4cffbfbb59bf6afc4d0a2,0,55c42c7bcaea31d851ba4568e6e9d187e426bb2a,2020-06-28 14:48:02,3,user1,1593370082
5fb4d0214d40e332f0cb9f97,2474,fbc7d4140196eb71c978d04bb5fddcf502826278,2020-06-29 22:02:08,1,user1,1593482528
5fb4d034008f95e2f0df629f,5,4671ffbdd7a25b627a96191ca649b99e917dc35,2020-06-30 12:03:12,2,user1,1593532992
5fb4cffb8def616a9927b134,1743,4671ffbdd7a25b627a96191ca649b99e917dc35,2020-06-30 14:17:36,1,user1,1593541056
5fb4d0597cf615e5bcb425ae,0,4406ecbe4708352e9241b71cc7fe648ec6b615ab,2020-07-02 16:06:41,3,user1,1593720401
5fb4d05865a62592e86537a2,0,5e084b88520a50c3ca36321c4d523c11c947ce44,2020-07-03 09:15:50,3,user1,1593782150
5fb4d06c100ee8982ded3141,1452,4671ffbdd7a25b627a96191ca649b99e917dc35,2020-07-04 14:05:53,2,user1,1593885953
5fb4d06c9f3e67aa964c98b8,0,55c42c7bcaea31d851ba4568e6e9d187e426bb2a,2020-07-04 20:43:48,3,user1,1593909828
5fb4d06c9f3e67aa964c98b9,0,55c42c7bcaea31d851ba4568e6e9d187e426bb2a,2020-07-04 20:50:10,2,user1,1593910210
5fb4d06c9f3e67aa964c98bb,0,55c42c7bcaea31d851ba4568e6e9d187e426bb2a,2020-07-04 22:14:32,3,user1,1593915272
5fb4d06c9f3e67aa964c98ba,21,55c42c7bcaea31d851ba4568e6e9d187e426bb2a,2020-07-04 22:17:18,2,user1,1593915438
5fb4d091f4bebd7b7c58722a,815,dae6ac4408bc7a5034f663e847e09b0b5d422fff,2020-07-07 13:11:15,1,user1,1594141875
5fb4d091f4bebd7b7c587229,13,dae6ac4408bc7a5034f663e847e09b0b5d422fff,2020-07-07 13:25:17,1,user1,1594142717
5fb4d091f4bebd7b7c587228,13,dae6ac4408bc7a5034f663e847e09b0b5d422fff,2020-07-07 13:25:36,2,user1,1594142736
5fb4d0a4c0c8f3e858be9f7c,51,55c42c7bcaea31d851ba4568e6e9d187e426bb2a,2020-07-09 17:18:00,1,user1,1594329480
5fb4d0b74d3e4febaa540e56,0,f899d189e32c68b79b53da30c279fcbcf34ea4b1,2020-07-10 10:21:09,3,user1,1594390869
5fb4d0cac2e673d0330ac348,16,55c42c7bcaea31d851ba4568e6e9d187e426bb2a,2020-07-12 14:56:14,1,user1,1594580174
5fb4d0ca7f01bb69ceb71641,0,1b2a61155071b85045abc7c89fa34d75e97df2e5,2020-07-13 10:40:20,3,user1,1594651220
5fb4d0ef26e019f7e60c56b9,0,55c42c7bcaea31d851ba4568e6e9d187e426bb2a,2020-07-16 12:52:09,3,user1,1594918329
5fb4d0ef0b40ee2599fe8d12,65,55c42c7bcaea31d851ba4568e6e9d187e426bb2a,2020-07-16 16:04:03,2,user1,1594929843
5fb4d101a3d2797d99ad095e,0,560d371d00ee0e591f65acc6fa7df26d56628344,2020-07-18 12:53:04,3,user1,1595091184
5fb4d1276555baf29d9f689a,0,a7cde2c72405f991986be343d288b4f84632dd5,2020-07-20 11:16:00,3,user1,1595258160
5fb4d12659de83a187efacb2,0,a7cde2c72405f991986be343d288b4f84632dd5,2020-07-20 17:00:31,3,user1,1595278831
5fb4d127bf738b0baccb756d,5,fbc7d4140196eb71c978d04bb5fddcf502826278,2020-07-21 16:34:27,2,user1,1595363667
5fb4d12719a373ff8e213ce8,48,d9bee3c27263e4cda7f8f22c5fe4657b4403964,2020-07-21 19:43:39,1,user1,1595375019
5fb4d13aaf4e4ee02c85b47b,69,55c42c7bcaea31d851ba4568e6e9d187e426bb2a,2020-07-23 13:54:04,1,user1,1595526844
5fb4d15f583e0e6641d4d06f,42,55c42c7bcaea31d851ba4568e6e9d187e426bb2a,2020-07-26 17:25:26,1,user1,1595798726
5fb4d1710cdb0d9f91ceda22,0,45b635f5490cfca2fca4714bbe7c85b715a697a0,2020-07-27 13:00:39,5,user1,1595869239
5fb4d172b50f0a6522059d32,0,1bac6fe1f1e1838cb9ae3634cf5cfedc4cdf7ab7,2020-07-27 16:09:36,3,user1,1595880576
5fb4d197b22264a38a71ce13,0,55c42c7bcaea31d851ba4568e6e9d187e426bb2a,2020-07-31 19:59:38,3,user1,1596239978
5fb4d1aa06724651ed726180,0,d854f7767698f955947d38a8f744d603f020e61c,2020-08-01 13:49:35,3,user1,1596304175
5fb4d1e29e8e72491cfb75c5,0,544942d2336fc837005a2c556f876e5d60ae647f,2020-08-06 13:20:18,3,user1,1596734418
5fb4d1f5b07865221420a09b,1055,1ea1a7062ba95dd2adb6bfeae40e4e69b761d8a,2020-08-08 02:00:28,2,user1,1596866428
5fb4d1f30e88804770fadc73,0,9b88475f10d7a105f75d5feb027f12a201761ffc,2020-08-08 02:25:48,2,user1,1596867948
5fb4d21a2400fef70ec1de98,0,d3c1352b1334ff66c6d052f80022a601d79ad666,2020-08-11 14:05:05,3,user1,1597169105
5fb4d240409486739377b20b,68,55c42c7bcaea31d851ba4568e6e9d187e426bb2a,2020-08-14 18:28:13,1,user1,1597444093
5fb4d240409486739377b20c,0,55c42c7bcaea31d851ba4568e6e9d187e426bb2a,2020-08-14 19:26:22,2,user1,1597447582
5fb4d253a7c29d51575b9648,0,d6066fd7e61302a655cd8c18eff61f210807a3da,2020-08-17 17:55:39,3,user1,1597701339
5fb4d252c6775c9681c314c6,4,fbc7d4140196eb71c978d04bb5fddcf502826278,2020-08-17 21:03:44,2,user1,1597712624
5fb4d252c6775c9681c314c5,553,fbc7d4140196eb71c978d04bb5fddcf502826278,2020-08-17 21:06:19,1,user1,1597712779
5fb4d2649ac86864fbc45979,78,6a68a0f19fa22a965d9215654e278bfa4db1bdb2,2020-08-18 19:41:15,2,user1,1597794075
5fb4d2659f4739e3d5e1756a,0,2a99a4c0bc80ed560c566791dda2ec20eea91e8e,2020-08-19 11:22:26,3,user1,1597850546
5fb4d2788d37b77f0e5d02ba,0,135e0df4e63d1157f69dadf54995dd2739da287c,2020-08-19 16:05:21,3,user1,1597867521
5fb4d28bbfb9fc839c3dbffd,59,eaa49de6d5fcb44b60d71cddd259192985201513,2020-08-21 18:43:57,2,user1,1598049837
5fb4d289bd9f5b621e56c7da,22,55c42c7bcaea31d851ba4568e6e9d187e426bb2a,2020-08-21 20:39:01,1,user1,1598056741
5fb4d2d659340830f2eec860,26,55c42c7bcaea31d851ba4568e6e9d187e426bb2a,2020-08-28 20:07:08,1,user1,1598659628
5fb4d30c1e69dd54ab1e70f2,0,87e242afe04adbee74fa5db93e68c1d380272914,2020-09-02 16:04:12,3,user1,1599077052
5fb4d30ee1dbf05516ef22fb,162,1c680e923f3e6075ce55680041edb0ee4294f85e,2020-09-03 16:50:50,2,user1,1599166250
5fb4d30ded78e8310312a8ea,2537,f51181e35f1fc81dc40512c47bd88921881edb72,2020-09-03 17:17:43,2,user1,1599167863
5fb4d320bc9b78d0bdfbdabd,10,7ce04720e340cdf5b1d51d88563cf9870c1efc12,2020-09-04 12:06:31,1,user1,1599235591
5fb4d320aae5c66811288381,2371,74576635841e2dfe45bf546b1af709aa136c281b,2020-09-04 14:32:37,1,user1,1599244357
5fb4d332c2c22fab45abba7f,0,4671ffbdd7a25b627a96191ca649b99e917dc35,2020-09-07 00:32:57,3,user1,1599453177
5fb4d332c2c22fab45abba7e,0,4671ffbdd7a25b627a96191ca649b99e917dc35,2020-09-07 00:34:07,3,user1,1599453247
5fb4d334568c4028f1d188be,503,4671ffbdd7a25b627a96191ca649b99e917dc35,2020-09-07 00:59:18,2,user1,1599454758
5fb4d334568c4028f1d188bc,6,4671ffbdd7a25b627a96191ca649b99e917dc35,2020-09-07 01:08:18,1,user1,1599455298
5fb4d346467d8455611511bd,0,f7276b5ce03191ad9b47c09e1366d83966c6ddfe,2020-09-07 16:19:21,3,user1,1599509961
5fb4d34655c8fa61cb2f4b39,0,f7276b5ce03191ad9b47c09e1366d83966c6ddfe,2020-09-08 14:09:32,3,user1,1599588572
5fb4d34566d32dc1a8cdbc94,0,3c6ea5c8a88ed8a773eeca9580f1f4637ed996db,2020-09-09 10:00:05,3,user1,1599660005
5fb4d359643e934d93f1eac6,1307,a8f5ed33463b30f475c74d59c9c842ab96941c17,2020-09-10 16:58:46,2,user1,1599771526
5fb4d36cd34c562c2b9cf204,0,718c65af09d349b7f1f38fb71fa1feb07366d3e3,2020-09-11 12:29:43,3,user1,1599841783
5fb4d36c6a0a08aa7210b836,32,55c42c7bcaea31d851ba4568e6e9d187e426bb2a,2020-09-11 17:20:44,1,user1,1599859244
5fb4d36cf096d2e8dc13c2a6,54,698583969e71e79e97130933b3f9e524f89e38a0,2020-09-11 17:43:35,2,user1,1599860615
5fb4d36cf096d2e8dc13c2a5,0,4abd7caf71dabfac7d14086fc4996fa99383d1ae,2020-09-11 17:51:20,3,user1,1599861080
5fb4d36cf096d2e8dc13c2a4,0,4abd7caf71dabfac7d14086fc4996fa99383d1ae,2020-09-11 17:52:04,3,user1,1599861124
5fb4d36cf096d2e8dc13c2a3,16,4abd7caf71dabfac7d14086fc4996fa99383d1ae,2020-09-11 17:52:41,1,user1,1599861161
5fb4d37ec321a25cb3ef82a4,1539,4bd8f3526cd8b59271900446abe0956b18d707c0,2020-09-14 02:09:43,2,user1,1600063783
5fb4d39122d80edaeaf3a9ae,0,f7276b5ce03191ad9b47c09e1366d83966c6ddfe,2020-09-14 15:49:38,3,user1,1600112978
5fb4d39122d80edaeaf3a9af,1900,a64b3398af54e394b299fd13df5c4569736eae16,2020-09-14 17:05:18,1,user1,1600117518
5fb4d3916a2ed762f1bed948,0,f7276b5ce03191ad9b47c09e1366d83966c6ddfe,2020-09-15 18:51:43,3,user1,1600210303
5fb4d3a59364df94a9983b0d,0,2a86c80ebc6c03c5224c4ec426fa7d089dcd805b,2020-09-16 11:40:04,3,user1,1600270804
5fb4d3a5d3144acf7c3593fb,0,f7276b5ce03191ad9b47c09e1366d83966c6ddfe,2020-09-17 16:16:12,5,user1,1600373772
5fb4d3b5ccab652aaf454ccf,64,55c42c7bcaea31d851ba4568e6e9d187e426bb2a,2020-09-18 18:46:30,1,user1,1600469190
5fb4d3b7c16af1cc138b2e7a,0,53dcb5da4999fbed68b98d87868b4c27bde61f8e,2020-09-19 12:34:14,3,user1,1600533254
5fb4d3ca494f2816f93917c3,22,55c42c7bcaea31d851ba4568e6e9d187e426bb2a,2020-09-19 17:37:16,1,user1,1600551436
5fb4d3c98d48cc784dcd01ca,129,10002a31320e099689975a3d80b1522bd9fc2150,2020-09-20 14:17:41,1,user1,1600625861
5fb4d3dd917672a9193ced4c,5,4671ffbdd7a25b627a96191ca649b99e917dc35,2020-09-22 01:28:17,2,user1,1600752497
5fb4d3effe2d2991cb4e97a5,4,2c381690b1d1a0d81e516389b65a524619a8384a,2020-09-23 12:47:31,1,user1,1600879651
5fb4d3f0aa20cbd940750431,0,2c381690b1d1a0d81e516389b65a524619a8384a,2020-09-24 16:10:01,2,user1,1600978201
5fb4d3f0aa20cbd940750430,102,55c42c7bcaea31d851ba4568e6e9d187e426bb2a,2020-09-24 16:10:11,2,user1,1600978211
5fb4d3f0aa20cbd940750432,0,55c42c7bcaea31d851ba4568e6e9d187e426bb2a,2020-09-24 17:47:19,3,user1,1600984039
5fb4d403f2e0e9c5b81a149a,63,10002a31320e099689975a3d80b1522bd9fc2150,2020-09-25 12:40:19,1,user1,1601052019
5fb4d416e1fa9e6cf5a29d10,40,d9bff9902d6572955a79bc18521e518cb8709997,2020-09-27 02:30:04,1,user1,1601188204
5fb4d416183ffe9de3163759,23,d9bff9902d6572955a79bc18521e518cb8709997,2020-09-28 02:25:32,1,user1,1601274332
5fb4d42900b620b02f33e7e7,19,304187350a7bd83bed75bcf7440d7357b87125e2,2020-09-28 15:55:11,1,user1,1601322911
5fb4d4296d7b3f6ea9eb1ed6,980,1c680e923f3e6075ce55680041edb0ee4294f85e,2020-09-29 23:09:24,2,user1,1601435364
5fb4d43cc65c95d68b817fea,0,20365c029deb30438b395c5e1dfaa318b8471032,2020-09-30 11:08:10,5,user1,1601478490
5fb4d43b1b113e13aa0c63e6,0,bfd3a443b13482d98aa54146a06e325a8a2beb3d,2020-10-01 12:24:08,3,user1,1601569448
5fb4d44dd42bc8303dbec095,45,9e1c894aa79d99b2fcad3a66c067c3305b6070e3,2020-10-02 13:44:02,2,user1,1601660642
5fb4d44dd42bc8303dbec094,484,20365c029deb30438b395c5e1dfaa318b8471032,2020-10-02 13:45:44,2,user1,1601660744
5fb4d44dd42bc8303dbec093,0,680e3dcfdf0cd31a78405cb7758900ce0fb76c04,2020-10-02 13:51:09,3,user1,1601661069
5fb4d44dd42bc8303dbec092,0,2bb097250672598a2ee1142e680d2f44a1e306e,2020-10-02 14:31:31,3,user1,1601663491
5fb4d44ecff0bf1a17942ae7,0,ef10ce555328b59d3cf10d386e15b46093ce7bd4,2020-10-02 15:47:09,3,user1,1601668029
5fb4d44f35557cf05ad723b4,0,aa94270531c1c8f993ef3e71ec636fcd5f3e1da4,2020-10-03 14:45:24,3,user1,1601750724
5fb4d473484774b7b2b7b26b,0,2bb097250672598a2ee1142e680d2f44a1e306e,2020-10-05 11:26:39,3,user1,1601911599
5fb4d4740b9a2a3c1106506b,21,eaa49de6d5fcb44b60d71cddd259192985201513,2020-10-05 13:45:03,2,user1,1601919903
5fb4d4740b9a2a3c1106506a,875,ef10ce555328b59d3cf10d386e15b46093ce7bd4,2020-10-05 13:47:36,2,user1,1601920056
5fb4d4740b9a2a3c11065069,183,2bb097250672598a2ee1142e680d2f44a1e306e,2020-10-05 14:19:03,2,user1,1601921943
5fb4d4740b9a2a3c11065068,333,f593970ee435435a65ebf748baec575c658c7a1d,2020-10-05 14:22:59,2,user1,1601922179
5fb4d4742d764ab48a155be3,0,2bb097250672598a2ee1142e680d2f44a1e306e,2020-10-06 09:47:27,3,user1,1601992047
5fb4d4744f3ccaa4171a8749,0,f0761628b3d73cb5caaf45fdf7251949ece2ecc4,2020-10-06 15:53:00,3,user1,1602013980
5fb4d4744107fab56b46dbf8,1614,a64b3398af54e394b299fd13df5c4569736eae16,2020-10-06 17:07:29,2,user1,1602018449
5fb4d47331b3ea1644d458ec,496,1c680e923f3e6075ce55680041edb0ee4294f85e,2020-10-06 22:14:23,2,user1,1602036863
5fb4d47331b3ea1644d458eb,4,1c680e923f3e6075ce55680041edb0ee4294f85e,2020-10-06 22:23:15,2,user1,1602037395
5fb4d47331b3ea1644d458ea,9,1c680e923f3e6075ce55680041edb0ee4294f85e,2020-10-06 22:24:26,1,user1,1602037466
5fb4d4872e731460b1919677,1972,a64b3398af54e394b299fd13df5c4569736eae16,2020-10-07 23:07:38,2,user1,1602126458
5fb4d48776ab56b5edfd178d,54,ce1d1f4628c6861cc4f65db9df2f79b7622e183b,2020-10-08 12:01:55,1,user1,1602172915
5fb4d487d2ff1b3a71ba600c,0,a64b3398af54e394b299fd13df5c4569736eae16,2020-10-08 14:49:25,3,user1,1602182965
5fb4d487d2ff1b3a71ba600b,182,a64b3398af54e394b299fd13df5c4569736eae16,2020-10-08 14:50:42,2,user1,1602183042
5fb4d4990a84eade7ba396ba,74,55c42c7bcaea31d851ba4568e6e9d187e426bb2a,2020-10-09 09:45:30,2,user1,1602251130
5fb4d49aede5f3ac5068e3e9,13,9fef455d28176496cc28a7235268d7bd79dd7731,2020-10-09 15:44:20,1,user1,1602272660
5fb4d4bfa57bc84f9e7c893f,11,8af532b4b21881a0acd6664d8c6899d9ddc1c35d,2020-10-12 11:25:35,1,user1,1602516335
5fb4d4c0a39c19bf26436d07,129,55c42c7bcaea31d851ba4568e6e9d187e426bb2a,2020-10-12 11:57:27,2,user1,1602518247
5fb4d4be4a926f0317f0b397,99,55c42c7bcaea31d851ba4568e6e9d187e426bb2a,2020-10-12 12:49:33,2,user1,1602521373
5fb4d4c0484fccdadcd2998b,0,a64b3398af54e394b299fd13df5c4569736eae16,2020-10-12 13:41:56,2,user1,1602524516
5fb4d4c0484fccdadcd2998a,6,a64b3398af54e394b299fd13df5c4569736eae16,2020-10-12 13:43:04,2,user1,1602524584
5fb4d4c0484fccdadcd29989,260,a64b3398af54e394b299fd13df5c4569736eae16,2020-10-12 13:43:39,1,user1,1602524619
5fb4d4bfe5ce3f9cf86b01fb,1183,b44aa44afa6185f8fa20bcd4d9c8882db7047bd7,2020-10-12 16:14:04,1,user1,1602533644
5fb4d4d3c43f4b01287eb06e,0,d1e4e28b1b2652fdbda3728dbfb90163e37778d7,2020-10-14 13:38:12,3,user1,1602697092
5fb4d4d235197866cc6fca82,242,d1e4e28b1b2652fdbda3728dbfb90163e37778d7,2020-10-14 17:13:32,1,user1,1602710012
5fb4d4d3011aeb67b52689e7,0,3278365921f1bc78e38e03f038869576de2a357f,2020-10-15 11:07:39,3,user1,1602774459
5fb4d4e5668b441542ec76bf,1215,c64392b187563b8921b54152b9f10b5367d96c8a,2020-10-16 14:00:54,2,user1,1602871254
5fb4d4f7340bc4fcba7f7fcd,0,,2020-10-18 09:15:12,3,user1,1603026912
5fb4d50bcb5b1f2751f79d4c,0,eb7f5474e281966f337fc1cf891a08c4cc8df757,2020-10-20 11:21:22,3,user1,1603207282
5fb4d50cdecb3f9d68edfb88,0,eb7f5474e281966f337fc1cf891a08c4cc8df757,2020-10-20 17:01:16,3,user1,1603227676
5fb4d51e884df8f918c48388,0,ae3367a8f3320529f27a7f581260f2b5d907c1e7,2020-10-21 10:28:46,3,user1,1603290526
5fb4d51e5466e6c6d71f7bcf,0,ce1d1f4628c6861cc4f65db9df2f79b7622e183b,2020-10-22 12:03:32,3,user1,1603382612
5fb4d53114a06e3c255195b0,0,4671ffbdd7a25b627a96191ca649b99e917dc35,2020-10-22 20:45:26,2,user1,1603413926
5fb4d5314c2904afaf292db2,42,4671ffbdd7a25b627a96191ca649b99e917dc35,2020-10-22 20:52:29,2,user1,1603414349
5fb4d5314c2904afaf292db3,483,4671ffbdd7a25b627a96191ca649b99e917dc35,2020-10-22 23:05:15,1,user1,1603422315
5fb4d5317d699795e97de9e5,0,d54f4940963d205756f323c1066c1a80a727e11d,2020-10-23 09:33:56,3,user1,1603460036
5fb4d52f1af42f4dc6b429b7,33,55c42c7bcaea31d851ba4568e6e9d187e426bb2a,2020-10-23 13:08:54,2,user1,1603472934
5fb4d52f1af42f4dc6b429b9,0,f352d0ef11491fe4e4df70d5cd9a24a9a444a6a7,2020-10-23 13:47:12,3,user1,1603475232
5fb4d52f1af42f4dc6b429b8,124,eaa49de6d5fcb44b60d71cddd259192985201513,2020-10-23 15:11:07,2,user1,1603480267
5fb4d55799f5344a4e3b014e,4,88d49b4820b63d96ef0422a3ca4bdf981c4f64c8,2020-10-27 13:19:20,1,user1,1603819160
5fb4d557e072a3f442f23bb7,98,ce1d1f4628c6861cc4f65db9df2f79b7622e183b,2020-10-27 16:47:21,1,user1,1603831641
5fb4d557e072a3f442f23bb9,681,a64b3398af54e394b299fd13df5c4569736eae16,2020-10-27 17:25:10,1,user1,1603833910
5fb4d557e072a3f442f23bb8,0,fbfaecea3b6695b437aaf6a045890f87f1bec2ce,2020-10-27 17:50:44,3,user1,1603835444
5fb4d5692ee013293cbd8660,0,8620400ec7f879c876c4bddac2747e730104ed46,2020-10-28 14:00:06,3,user1,1603908006
5fb4d56ab4dfb24b4dbcd7a4,0,55c42c7bcaea31d851ba4568e6e9d187e426bb2a,2020-10-28 14:48:18,3,user1,1603910898
5fb4d56ab4dfb24b4dbcd7a3,211,55c42c7bcaea31d851ba4568e6e9d187e426bb2a,2020-10-28 14:52:30,2,user1,1603911150
5fb4d56a6766161cfe9285c3,56,55c42c7bcaea31d851ba4568e6e9d187e426bb2a,2020-10-28 18:08:58,1,user1,1603922938
5fb4d56a64bf85f8385737e9,0,b44aa44afa6185f8fa20bcd4d9c8882db7047bd7,2020-10-29 18:37:16,3,user1,1604011036
5fb4d57b7985aafdc9998453,86,eaa49de6d5fcb44b60d71cddd259192985201513,2020-10-30 12:40:42,2,user1,1604076042
5fb4d57b7985aafdc9998452,134,b44aa44afa6185f8fa20bcd4d9c8882db7047bd7,2020-10-30 12:43:19,2,user1,1604076199
5fb4d57d8b0c59d5acac8a92,36,55c42c7bcaea31d851ba4568e6e9d187e426bb2a,2020-10-31 14:39:08,1,user1,1604169548
5fb4d57c15f934674eac6f9c,30,55c42c7bcaea31d851ba4568e6e9d187e426bb2a,2020-10-31 15:16:42,1,user1,1604171802
5fb4d57d98141806abf7b55c,0,99dc86984daf72ac64e3744961806fe898190750,2020-10-31 16:55:14,3,user1,1604177714
5fb4d58a935ffae7067e0b44,13,55c42c7bcaea31d851ba4568e6e9d187e426bb2a,2020-11-01 11:52:34,1,user1,1604249554
5fc74bc89251845791721313,19,55c42c7bcaea31d851ba4568e6e9d187e426bb2a,2020-11-01 13:50:53,1,user1,1604256653
5fc74bc8da871911587d47d9,1932,6e7b286b378917def01d7478e690608fd1ea1cf9,2020-11-02 11:06:25,1,user1,1604333185
5fc74bc8da871911587d47d8,0,1f3eb7424be0abb0641a4940bbb959f901450b88,2020-11-02 11:07:13,5,user1,1604333233
5fc74bc65e89bb97e0e0dc0f,0,432648d1360f6944fac6e8f13430e3746ba0c9b8,2020-11-02 20:01:18,3,user1,1604365278
5fc74bc7be17a6b69c742d1b,49,55c42c7bcaea31d851ba4568e6e9d187e426bb2a,2020-11-03 10:56:51,2,user1,1604419011
5fc74bc7be17a6b69c742d1a,4,1ea1a7062ba95dd2adb6bfeae40e4e69b761d8a,2020-11-03 11:20:50,2,user1,1604420450
5fc74bdbbc68042b31417dbe,51,10002a31320e099689975a3d80b1522bd9fc2150,2020-11-03 17:28:30,1,user1,1604442510
5fc74beee86d5a2529ef1845,8,10002a31320e099689975a3d80b1522bd9fc2150,2020-11-06 14:02:57,1,user1,1604689377
5fc74beee86d5a2529ef1844,7,10002a31320e099689975a3d80b1522bd9fc2150,2020-11-06 14:03:27,1,user1,1604689407
5fc74beee86d5a2529ef1843,47,10002a31320e099689975a3d80b1522bd9fc2150,2020-11-06 14:03:54,1,user1,1604689434
5fc74c002835f2ca659ac260,2,55c42c7bcaea31d851ba4568e6e9d187e426bb2a,2020-11-08 14:24:54,2,user1,1604863494
5fc74c002835f2ca659ac25f,32,55c42c7bcaea31d851ba4568e6e9d187e426bb2a,2020-11-08 14:27:01,1,user1,1604863621
5fc74c149872bae1ff6f838e,0,4b212bb79a3430458307634850b744112444b881,2020-11-10 13:24:51,3,user1,1605032691
5fc74c274dd4ace10856a5cc,0,250bdedbf58de90cbf6a707a331d87bade7baf00,2020-11-11 09:56:18,3,user1,1605106578
5fc74c39c754dd874e0fdc05,84,4ccc14d874d3c638682dded3994d5a6e0cb1a4d1,2020-11-12 15:06:32,2,user1,1605211592
5fc74c39c754dd874e0fdc04,0,55c42c7bcaea31d851ba4568e6e9d187e426bb2a,2020-11-12 15:12:46,3,user1,1605211966
5fc74c39c754dd874e0fdc06,15,55c42c7bcaea31d851ba4568e6e9d187e426bb2a,2020-11-12 15:38:19,2,user1,1605213499
5fc74c39ab65699e337e4f1c,181,529eba545b46a48f0692cdf423e873adb56851cd,2020-11-13 15:44:50,2,user1,1605300290
5fc74c4c3df51097bc555f12,0,32f31d9b2c36efb2cac44803879859e3a4a4322b,2020-11-14 12:32:09,3,user1,1605375129
5fc74c4d4831c681dec118d5,7,89fc75d0eb5412ec978b3ab30de1960107e5dab9,2020-11-14 16:56:37,1,user1,1605390997
5fc74c72236c2d007b0334a3,131,eaa49de6d5fcb44b60d71cddd259192985201513,2020-11-18 17:44:15,2,user1,1605739455
5fc74c73d9c1c507e23ef894,1417,a64b3398af54e394b299fd13df5c4569736eae16,2020-11-18 20:47:04,1,user1,1605750424
5fc74c734f0408f1591d8ac4,559,1c680e923f3e6075ce55680041edb0ee4294f85e,2020-11-18 22:07:59,2,user1,1605755279
5fc74c73a8c3f0e33914afb2,0,de2d1249b72e9901e54eff7b4b5d4abf9969094,2020-11-19 11:38:52,3,user1,1605803932
5fc74c73c929f954a5592301,38,b44aa44afa6185f8fa20bcd4d9c8882db7047bd7,2020-11-19 13:56:13,2,user1,1605812173
5fc74c73b5c3825c5bdb408d,0,10002a31320e099689975a3d80b1522bd9fc2150,2020-11-19 14:38:50,3,user1,1605814730
5fc74c73b5c3825c5bdb408c,36,10002a31320e099689975a3d80b1522bd9fc2150,2020-11-19 14:40:39,2,user1,1605814839
5fc74c73b5c3825c5bdb408b,193,b44aa44afa6185f8fa20bcd4d9c8882db7047bd7,2020-11-19 14:42:06,2,user1,1605814926
5fc74c73b5c3825c5bdb408e,68,55c42c7bcaea31d851ba4568e6e9d187e426bb2a,2020-11-19 16:20:45,2,user1,1605820845
5fc74c738ae4c3a6eedba25d,68,55c42c7bcaea31d851ba4568e6e9d187e426bb2a,2020-11-19 16:27:54,1,user1,1605821274
5fc74c8627de82f42623522b,23,55c42c7bcaea31d851ba4568e6e9d187e426bb2a,2020-11-20 15:52:58,1,user1,1605905578
5fc74c983b0e19dd97160751,45,4ccc14d874d3c638682dded3994d5a6e0cb1a4d1,2020-11-22 15:29:23,2,user1,1606076963
5fc74c9982d71018c6299a2f,0,6a68a0f19fa22a965d9215654e278bfa4db1bdb2,2020-11-22 23:14:07,3,user1,1606104847
5fc74c9982d71018c6299a2e,74,6a68a0f19fa22a965d9215654e278bfa4db1bdb2,2020-11-22 23:14:44,1,user1,1606104884
5fc74cacb958ce7afc282ef4,0,8dc5022a7c87e98601c8bd1a579d4b5d7f63fa06,2020-11-23 17:52:06,3,user1,1606171926
5fc74cac59f81e41d767c1de,8,8dc5022a7c87e98601c8bd1a579d4b5d7f63fa06,2020-11-23 19:32:52,1,user1,1606177972
5fc74cacfd45ffe376beb3be,6,652f1165f1e88aa3fdb0fded93703fcfdb0dc81f,2020-11-24 13:50:26,1,user1,1606243826
5fc74cbd2626b208f8b66e6a,0,652f1165f1e88aa3fdb0fded93703fcfdb0dc81f,2020-11-25 13:32:09,3,user1,1606329129
5fc74cbfaacd56227294e180,0,d61c0a7aad307a9119a409aceab5ef1373ef28f6,2020-11-26 15:52:58,3,user1,1606423978
5fc74ce593797ca14c6d41c6,50,4ccc14d874d3c638682dded3994d5a6e0cb1a4d1,2020-11-29 17:01:27,2,user1,1606687287
5fd9ba486e5767056c2c9460,0,49aeb99ebeea7bcc8b2453fa680ba1068e4c74df,2020-12-01 16:22:29,3,user1,1606857749
5fd9ba48a67ce34634290ca9,377,b44aa44afa6185f8fa20bcd4d9c8882db7047bd7,2020-12-02 12:23:14,1,user1,1606929794
5fd9ba46739aa83848b72a6a,2,a64b3398af54e394b299fd13df5c4569736eae16,2020-12-02 14:20:03,2,user1,1606936803
5fd9ba46739aa83848b72a69,110,41d52cb9ce488360e00158332b085016a79b527b,2020-12-02 14:29:39,2,user1,1606937379
5fd9ba48ebd3e6f6ad415409,1667,a64b3398af54e394b299fd13df5c4569736eae16,2020-12-02 16:28:40,2,user1,1606944520
5fd9ba5b887c4d394bce1c9f,0,49aeb99ebeea7bcc8b2453fa680ba1068e4c74df,2020-12-03 11:08:49,3,user1,1607011729
5fd9ba5cf751f81ccba5b5f9,47,1c680e923f3e6075ce55680041edb0ee4294f85e,2020-12-03 20:07:10,1,user1,1607044030
5fd9ba5b4947f3cd331b64b2,197,b44aa44afa6185f8fa20bcd4d9c8882db7047bd7,2020-12-04 11:43:14,1,user1,1607100194
5fd9ba5b4947f3cd331b64b1,0,e3ee4b80163d6ef43cae3f63093d478ec0cc5294,2020-12-04 11:57:46,3,user1,1607101066
5fd9ba6f956fba108ed93d6a,2594,4671ffbdd7a25b627a96191ca649b99e917dc35,2020-12-04 21:08:13,2,user1,1607134093
5fd9ba6f956fba108ed93d69,5,4bd8f3526cd8b59271900446abe0956b18d707c0,2020-12-04 21:54:55,2,user1,1607136895
5fd9ba6fcd7e59dd207fadb1,24,55c42c7bcaea31d851ba4568e6e9d187e426bb2a,2020-12-06 14:16:11,1,user1,1607282171
5fd9ba84360f4536731da936,0,c937e22390893d43802c3517d51cd970cc836b11,2020-12-07 11:10:19,3,user1,1607357419
5fd9ba82d03307d3bebbbf20,1247,a64b3398af54e394b299fd13df5c4569736eae16,2020-12-07 14:34:51,2,user1,1607369691
5fd9ba82a033469dbe85f6d7,22,c937e22390893d43802c3517d51cd970cc836b11,2020-12-07 16:38:46,1,user1,1607377126
5fd9ba98375d408ee7eb9d37,0,528fe33f3f8923e3f9daf49680c2fe7162b9a048,2020-12-08 16:06:23,3,user1,1607461583
5fd9ba98d32e4a0f2fe855a5,69,f3d21ea037272feda4eaeaa180ccc3b5d4a7fde9,2020-12-09 10:27:17,1,user1,1607527637
5fd9ba98d32e4a0f2fe855a4,862,f3d21ea037272feda4eaeaa180ccc3b5d4a7fde9,2020-12-09 10:32:46,2,user1,1607527966
5fd9ba98d32e4a0f2fe855a3,141,a64b3398af54e394b299fd13df5c4569736eae16,2020-12-09 11:01:41,2,user1,1607529701
5fd9ba982c8b7d53b957582e,165,10002a31320e099689975a3d80b1522bd9fc2150,2020-12-09 11:33:30,1,user1,1607531610
5fd9ba982c8b7d53b957582d,0,1c680e923f3e6075ce55680041edb0ee4294f85e,2020-12-09 11:57:09,2,user1,1607533029
5fd9ba982c8b7d53b957582c,15,1c680e923f3e6075ce55680041edb0ee4294f85e,2020-12-09 11:58:25,1,user1,1607533105
5fd9ba98dc6c71cfd75e8f02,10,55c42c7bcaea31d851ba4568e6e9d187e426bb2a,2020-12-09 14:48:45,1,user1,1607543325
5fd9baabbda9d2d2a559100d,141,55c42c7bcaea31d851ba4568e6e9d187e426bb2a,2020-12-10 13:15:52,2,user1,1607624152
5fd9baabbda9d2d2a559100c,58,55c42c7bcaea31d851ba4568e6e9d187e426bb2a,2020-12-10 13:32:52,1,user1,1607625172
5fd9baabd770c7eaa0dbcd15,109,41d52cb9ce488360e00158332b085016a79b527b,2020-12-10 15:40:56,2,user1,1607632856
5fd9baabd770c7eaa0dbcd14,7,d76b00cc2085333ba7bfa14d46cd73473061c185,2020-12-10 15:51:15,1,user1,1607633475
5fd9baabae13dd469f41b3b0,7,fbc7d4140196eb71c978d04bb5fddcf502826278,2020-12-10 18:46:59,2,user1,1607644019
5fd9baabae13dd469f41b3b1,813,fbc7d4140196eb71c978d04bb5fddcf502826278,2020-12-10 21:31:46,2,user1,1607653906
5fd9baacdadf17f8d5539447,46,55c42c7bcaea31d851ba4568e6e9d187e426bb2a,2020-12-11 10:33:22,1,user1,1607700802
5fd9baabf1b432f9c8ea1f7e,0,41d52cb9ce488360e00158332b085016a79b527b,2020-12-11 11:21:21,2,user1,1607703681
6023b4cfaaeafe3b7d7ffb0a,8,10002a31320e099689975a3d80b1522bd9fc2150,2020-12-15 13:10:23,1,user1,1608055823
6023b4cfaaeafe3b7d7ffb09,42,10002a31320e099689975a3d80b1522bd9fc2150,2020-12-15 13:10:52,2,user1,1608055852
6023b4ce3d647676d0111fca,71,55c42c7bcaea31d851ba4568e6e9d187e426bb2a,2020-12-15 17:59:46,1,user1,1608073186
6023b4ce40b21650da36a6bc,0,b44aa44afa6185f8fa20bcd4d9c8882db7047bd7,2020-12-15 18:33:01,3,user1,1608075181
6023b4ce40b21650da36a6bb,31,55c42c7bcaea31d851ba4568e6e9d187e426bb2a,2020-12-15 18:53:18,1,user1,1608076398
6023b4cf8975f10086c54c9c,6,e9aea99b16f0a347496b91dc7f47a7c8e0726cb9,2020-12-16 13:39:08,1,user1,1608143948
6023b4e3cabf601bfd39bf08,10,f3d21ea037272feda4eaeaa180ccc3b5d4a7fde9,2020-12-17 16:53:51,2,user1,1608242031
6023b4e3cf3ed2469d7964b9,0,650cd3e02e27fbf0f1b8610db6fbe676d7f07293,2020-12-18 14:09:48,3,user1,1608318588
6023b4e3cf3ed2469d7964b8,77,eaa49de6d5fcb44b60d71cddd259192985201513,2020-12-18 14:41:05,2,user1,1608320465
6023b4e3cf3ed2469d7964b7,0,b44aa44afa6185f8fa20bcd4d9c8882db7047bd7,2020-12-18 14:55:54,2,user1,1608321354
6023b4e3cf3ed2469d7964b6,146,b44aa44afa6185f8fa20bcd4d9c8882db7047bd7,2020-12-18 14:56:17,2,user1,1608321377
6023b50a594c96903d95f653,34,41d52cb9ce488360e00158332b085016a79b527b,2020-12-21 13:13:09,1,user1,1608574389
6023b51e09d6c8e360fda7eb,516,b5a77d7b5efbe3fdd221c4039beeb3e83766595f,2020-12-22 19:42:25,2,user1,1608684145
6023b532d94520f24f5278ef,3195,754a7846306c520978824fa6ef069077c6e0a5a6,2020-12-25 12:04:06,1,user1,1608915846
6023b56d2825fcc9434d1318,97,55c42c7bcaea31d851ba4568e6e9d187e426bb2a,2020-12-29 18:53:26,1,user1,1609286006
6023b56d5e8d67f87d4527c5,1456,ffff34d40008d14b00cc650bbb45f1182f300ec0,2020-12-31 12:31:12,2,user1,1609435872
6023b56d5e8d67f87d4527c4,2,a64b3398af54e394b299fd13df5c4569736eae16,2020-12-31 12:55:50,2,user1,1609437350
6023b59408d30c159a02b6af,2,b18763b8356388a049663daf98bd5a11871da7f9,2021-01-04 00:01:59,2,user1,1609736519
6023b59408d30c159a02b6ae,0,b18763b8356388a049663daf98bd5a11871da7f9,2021-01-04 00:02:40,2,user1,1609736560
6023b5a9197042567ca2f1f4,96,10002a31320e099689975a3d80b1522bd9fc2150,2021-01-04 17:59:12,2,user1,1609801152
6023b5a9197042567ca2f1f7,49,10002a31320e099689975a3d80b1522bd9fc2150,2021-01-04 18:43:57,1,user1,1609803837
6023b5a9197042567ca2f1f6,27,10002a31320e099689975a3d80b1522bd9fc2150,2021-01-04 19:14:35,1,user1,1609805675
6023b5a9197042567ca2f1f5,135,10002a31320e099689975a3d80b1522bd9fc2150,2021-01-04 19:20:33,1,user1,1609806033
6023b5a96f4585391765cf40,7,cf8160b96371b8204bbfe232a09b2ab0030f8cc0,2021-01-05 12:28:09,1,user1,1609867689
6023b5bd445d320b8473f793,6,fbc7d4140196eb71c978d04bb5fddcf502826278,2021-01-05 21:39:28,2,user1,1609900768
6023b5bd4b450c82031a7f9a,6,4671ffbdd7a25b627a96191ca649b99e917dc35,2021-01-05 23:07:52,2,user1,1609906072
6023b5bc7698854d3a23d936,1114,6e7b286b378917def01d7478e690608fd1ea1cf9,2021-01-06 12:07:23,1,user1,1609952843
6023b5bdc96491b8d08cc4e4,3,e368c52129f97c3c4ae2bf91f37526af4d0d422b,2021-01-06 16:22:10,2,user1,1609968130
6023b5bcde77daa8c62c92ad,0,cb5ece534439979a7d345578453cea5415faec29,2021-01-07 11:33:54,3,user1,1610037234
6023b5d05e6ce1aea4f5b9ac,12,6a68a0f19fa22a965d9215654e278bfa4db1bdb2,2021-01-08 14:38:40,2,user1,1610134720
6023b5cfb96f670bce385167,1415,fbc7d4140196eb71c978d04bb5fddcf502826278,2021-01-08 18:02:30,1,user1,1610146950
6023b5e452d5725ee4c15dd5,37,55c42c7bcaea31d851ba4568e6e9d187e426bb2a,2021-01-09 13:29:18,1,user1,1610216958
6023b5e452d5725ee4c15dd4,30,55c42c7bcaea31d851ba4568e6e9d187e426bb2a,2021-01-09 14:09:38,1,user1,1610219378
6023b5e468f89d2530fe3d76,9,4abd7caf71dabfac7d14086fc4996fa99383d1ae,2021-01-10 16:02:01,1,user1,1610312521
6023b5f82e3408548cf7d121,0,746a3724c4b0452b0d7fd557025991646416b764,2021-01-12 10:18:35,3,user1,1610464715
6023b5f750daf47e11e925bd,0,746a3724c4b0452b0d7fd557025991646416b764,2021-01-12 16:33:42,3,user1,1610487222
6023b620d6338e62b42f8f5d,6,1c680e923f3e6075ce55680041edb0ee4294f85e,2021-01-15 16:02:01,2,user1,1610744521
6023b61ec36190b10401a4cc,33,fda41d996b6b67c8e0972ef261cb8c2b7d17d9ae,2021-01-15 18:05:01,2,user1,1610751901
6023b632fb1154ef800fb345,27,55c42c7bcaea31d851ba4568e6e9d187e426bb2a,2021-01-17 16:50:58,1,user1,1610920258
6023b64792738b946d281894,901,fda41d996b6b67c8e0972ef261cb8c2b7d17d9ae,2021-01-18 10:54:36,2,user1,1610985276
6023b647a1627171f678bf8b,740,55c42c7bcaea31d851ba4568e6e9d187e426bb2a,2021-01-18 20:40:24,2,user1,1611020424
6023b64620d604703b574ca7,0,983b2f49529f20ef4ff726b57eb0dda7dd2ffcd0,2021-01-19 11:04:50,3,user1,1611072290
6023b646191c3b5c73328a4c,48,4bd8f3526cd8b59271900446abe0956b18d707c0,2021-01-19 13:35:34,1,user1,1611081334
6023b646191c3b5c73328a4b,0,983b2f49529f20ef4ff726b57eb0dda7dd2ffcd0,2021-01-19 13:43:22,3,user1,1611081802
6023b65a9920492078a47f00,26,4dd339027bf4e0a7f0eebd8215a9f78a2f1f77ab,2021-01-20 17:53:26,1,user1,1611183206
6023b65a3bc68085b075d77b,0,55c42c7bcaea31d851ba4568e6e9d187e426bb2a,2021-01-20 21:37:33,3,user1,1611196653
6023b66d1faea31e20c84a3f,102,fda41d996b6b67c8e0972ef261cb8c2b7d17d9ae,2021-01-21 12:33:03,2,user1,1611250383
6023b66d1faea31e20c84a3e,122,a64b3398af54e394b299fd13df5c4569736eae16,2021-01-21 12:48:59,1,user1,1611251339
6023b66d1faea31e20c84a3d,245,fda41d996b6b67c8e0972ef261cb8c2b7d17d9ae,2021-01-21 12:51:17,2,user1,1611251477
6023b66e9fc17d24f57d8286,0,4bd8f3526cd8b59271900446abe0956b18d707c0,2021-01-22 13:19:20,3,user1,1611339560
6023b66e64b0719c78ddba14,124,4bd8f3526cd8b59271900446abe0956b18d707c0,2021-01-22 13:44:21,2,user1,1611341061
6023b66d307275a169e5bbf9,623,55c42c7bcaea31d851ba4568e6e9d187e426bb2a,2021-01-22 17:50:00,2,user1,1611355800
6023b682835bc68388744814,95,fda41d996b6b67c8e0972ef261cb8c2b7d17d9ae,2021-01-24 13:07:20,2,user1,1611511640
6023b682e6a1cf35015bbfbb,12,a64b3398af54e394b299fd13df5c4569736eae16,2021-01-24 13:36:01,1,user1,1611513361
6023b695ea37d9046377604e,18,a64b3398af54e394b299fd13df5c4569736eae16,2021-01-25 15:41:15,2,user1,1611607275
6023b6a9d2015e749bd531d6,0,1725e67b45204561ad68a71ecad577d5858496b1,2021-01-26 12:46:41,3,user1,1611683201
6023b6a9485c551e5ac5d79d,7,9f276e98ae655f27a35b888b3ca64af7441ee3ea,2021-01-27 12:25:34,1,user1,1611768334
6023b6a9485c551e5ac5d79c,105,a64b3398af54e394b299fd13df5c4569736eae16,2021-01-27 12:37:11,2,user1,1611769031
6023b6a9485c551e5ac5d79e,0,9f276e98ae655f27a35b888b3ca64af7441ee3ea,2021-01-27 13:18:31,3,user1,1611771511
6023b6a978bac0893a4bdf1d,8,8572366139a884267ad1a9ba3142cc998da2e46b,2021-01-27 19:21:51,1,user1,1611793311
6023b6bd51b594bbcc938c2a,10,4bd8f3526cd8b59271900446abe0956b18d707c0,2021-01-28 18:10:33,1,user1,1611875433
6023b6d06c729ab94b16dcd6,51,4bd8f3526cd8b59271900446abe0956b18d707c0,2021-01-29 18:28:12,1,user1,1611962892
6023b6d06c729ab94b16dcd5,0,4bd8f3526cd8b59271900446abe0956b18d707c0,2021-01-29 18:35:53,3,user1,1611963353
6023b6d06c729ab94b16dcd4,20,4bd8f3526cd8b59271900446abe0956b18d707c0,2021-01-29 18:36:03,2,user1,1611963363
6023b6d06c729ab94b16dcd3,84,4bd8f3526cd8b59271900446abe0956b18d707c0,2021-01-29 18:36:46,1,user1,1611963406
6023b6d167696e62efc2cd7d,61,a64b3398af54e394b299fd13df5c4569736eae16,2021-01-30 11:26:19,2,user1,1612023979
6023b6d15f5a9581dadb3f94,0,55c42c7bcaea31d851ba4568e6e9d187e426bb2a,2021-01-30 17:13:15,3,user1,1612044795
6023b6d1693f9e624520ee1d,584,55c42c7bcaea31d851ba4568e6e9d187e426bb2a,2021-01-30 18:09:51,2,user1,1612048191
6023b6d1693f9e624520ee1c,3,754a7846306c520978824fa6ef069077c6e0a5a6,2021-01-30 18:19:47,2,user1,1612048787
6023b6d1693f9e624520ee1b,35,754a7846306c520978824fa6ef069077c6e0a5a6,2021-01-30 18:21:04,2,user1,1612048864
6023b6e4436f45f81d57f43c,956,cd76926a8c366719f29f0473f1b4528fb999c130,2021-02-01 12:52:57,1,user1,1612201977
6023b6f8ab0a45419ef60eb1,0,ad5a7e8791a55375506283dc83ea5573129a1709,2021-02-03 10:53:32,3,user1,1612367612
6023b71f8433960126e07718,163,4bd8f3526cd8b59271900446abe0956b18d707c0,2021-02-06 17:11:09,1,user1,1612649469
6023b73313dafe1ab577b1c8,9,4bd8f3526cd8b59271900446abe0956b18d707c0,2021-02-06 23:07:19,2,user1,1612670839
6023b733b5ae3c7198cc1d01,829,4671ffbdd7a25b627a96191ca649b99e917dc35,2021-02-07 01:22:25,2,user1,1612678945
6023b732e13bcb1e917c72e4,717,55c42c7bcaea31d851ba4568e6e9d187e426bb2a,2021-02-07 16:14:48,1,user1,1612732488
60ca4705b1ddaaf5ceb664c7,33,a64b3398af54e394b299fd13df5c4569736eae16,2021-02-08 13:55:39,1,user1,1612810539
60ca4705b1ddaaf5ceb664c6,3,a64b3398af54e394b299fd13df5c4569736eae16,2021-02-08 14:03:05,2,user1,1612810985
60ca4705b1ddaaf5ceb664ca,3,6a68a0f19fa22a965d9215654e278bfa4db1bdb2,2021-02-08 15:20:21,2,user1,1612815621
60ca4705b1ddaaf5ceb664c9,3,6a68a0f19fa22a965d9215654e278bfa4db1bdb2,2021-02-08 15:21:22,2,user1,1612815682
60ca4705b1ddaaf5ceb664c8,441,6a68a0f19fa22a965d9215654e278bfa4db1bdb2,2021-02-08 15:22:31,1,user1,1612815751
6023b73cfd121f6676bb00f2,0,a633c0fa8484a92cbcb8b9197c1ff324f00243f4,2021-02-08 17:55:32,3,user1,1612824932
60ca46554daec31d6dc12fc3,0,51c2fc152e7a975a7adacccf7b378cccdbf3639b,2021-02-09 12:32:35,3,user1,1612891955
60ca4655d9e499559940a604,63,eaa49de6d5fcb44b60d71cddd259192985201513,2021-02-10 00:38:27,2,user1,1612935507
60ca466986eb0021b5d9ec34,68,a64b3398af54e394b299fd13df5c4569736eae16,2021-02-10 11:54:22,2,user1,1612976062
60ca467cb726381a7960750e,10,a64b3398af54e394b299fd13df5c4569736eae16,2021-02-12 00:47:27,1,user1,1613108847
60ca467d11b5988279b00cd2,0,aab381239930f1de9a1ce73a632b2f466257a876,2021-02-12 09:53:35,3,user1,1613141615
60ca469097399a45f8106128,4,55c42c7bcaea31d851ba4568e6e9d187e426bb2a,2021-02-14 15:22:24,2,user1,1613334144
60ca469097399a45f8106127,274,55c42c7bcaea31d851ba4568e6e9d187e426bb2a,2021-02-14 15:26:05,1,user1,1613334365
60ca46b7a8632333fc0e6578,0,e5fb26e0cbbc1c136aaf748409a3158318009e43,2021-02-17 11:32:45,3,user1,1613579565
60ca46b7ba082f75b46704ef,90,fbc7d4140196eb71c978d04bb5fddcf502826278,2021-02-17 12:15:51,2,user1,1613582151
60ca46b7f1308ac760e70a6d,179,cd76926a8c366719f29f0473f1b4528fb999c130,2021-02-17 21:03:14,2,user1,1613613794
60ca46b7f1308ac760e70a6c,183,cd76926a8c366719f29f0473f1b4528fb999c130,2021-02-17 21:06:33,2,user1,1613613993
60ca46b7f1308ac760e70a6b,336,cd76926a8c366719f29f0473f1b4528fb999c130,2021-02-17 21:09:50,2,user1,1613614190
60ca46b7f1308ac760e70a6a,174,cd76926a8c366719f29f0473f1b4528fb999c130,2021-02-17 21:15:37,1,user1,1613614537
60ca46b7f1308ac760e70a69,174,cd76926a8c366719f29f0473f1b4528fb999c130,2021-02-17 21:18:43,1,user1,1613614723
60ca46b7f1308ac760e70a68,174,cd76926a8c366719f29f0473f1b4528fb999c130,2021-02-17 21:21:48,1,user1,1613614908
60ca46b7f1308ac760e70a67,179,cd76926a8c366719f29f0473f1b4528fb999c130,2021-02-17 21:24:47,2,user1,1613615087
60ca46b7f1308ac760e70a66,642,cd76926a8c366719f29f0473f1b4528fb999c130,2021-02-17 21:27:54,2,user1,1613615274
60ca46b7f1308ac760e70a65,0,cd76926a8c366719f29f0473f1b4528fb999c130,2021-02-17 21:38:47,2,user1,1613615927
60ca46b7f1308ac760e70a64,334,cd76926a8c366719f29f0473f1b4528fb999c130,2021-02-17 21:38:57,1,user1,1613615937
60ca46b7e24ce17856f09526,431,55c42c7bcaea31d851ba4568e6e9d187e426bb2a,2021-02-18 12:07:24,2,user1,1613668044
60ca46b7e24ce17856f09525,0,e5e7d7777da214ce0d84ed7b618c340b8c6b0903,2021-02-18 12:29:56,3,user1,1613669396
60ca46b7e24ce17856f09524,0,e5e7d7777da214ce0d84ed7b618c340b8c6b0903,2021-02-18 12:30:39,3,user1,1613669439
60ca46dddbffefa5ee3f5cc9,88,4bd8f3526cd8b59271900446abe0956b18d707c0,2021-02-20 11:39:11,2,user1,1613839151
60ca46de96d03ae0e98a5c2c,0,11449ce4da66955410f22f6ee26ef0d92925a96a,2021-02-20 13:41:00,3,user1,1613846460
60ca46de183188555cbf4a53,367,fbc7d4140196eb71c978d04bb5fddcf502826278,2021-02-20 21:16:21,2,user1,1613873781
60ca46de183188555cbf4a52,59,4bd8f3526cd8b59271900446abe0956b18d707c0,2021-02-20 21:22:48,2,user1,1613874168
60ca46de74ce04ff4749f423,127,4bd8f3526cd8b59271900446abe0956b18d707c0,2021-02-20 22:56:37,1,user1,1613879797
60ca46de9f9d66ca4365ed79,0,c1896c45554936442c8f177f8f7f346265668fd,2021-02-21 10:54:01,3,user1,1613922841
60ca46f0a6e04a9f413896d4,410,e5e7d7777da214ce0d84ed7b618c340b8c6b0903,2021-02-22 12:08:05,1,user1,1614013685
60ca4705c210999eb4cd1ec9,605,4bd8f3526cd8b59271900446abe0956b18d707c0,2021-02-24 15:48:38,2,user1,1614199718
60ca47050f8d40494ad6dae2,7,8572366139a884267ad1a9ba3142cc998da2e46b,2021-02-24 18:09:24,1,user1,1614208164
60ca471984634e1b7386349c,0,1916698bee7eb1c9beb0ecee6ca011e40ce260f3,2021-02-25 13:16:13,3,user1,1614276973
60ca47192f9d8c69233ce0da,59,55c42c7bcaea31d851ba4568e6e9d187e426bb2a,2021-02-25 16:27:52,2,user1,1614288472
60ca4719cbc376331494b897,0,1c680e923f3e6075ce55680041edb0ee4294f85e,2021-02-26 00:01:23,3,user1,1614315683
60ca4719e94309af2d3806dd,0,55c42c7bcaea31d851ba4568e6e9d187e426bb2a,2021-02-26 15:50:06,3,user1,1614372606
60ca4719e94309af2d3806dc,5,55c42c7bcaea31d851ba4568e6e9d187e426bb2a,2021-02-26 15:51:54,2,user1,1614372714
60ca4719e94309af2d3806db,200,55c42c7bcaea31d851ba4568e6e9d187e426bb2a,2021-02-26 15:52:32,2,user1,1614372752
60ca472d3206a476b5260e4c,9,144aa198de5b38656b395a15b251b9c62d5393d3,2021-02-26 22:44:03,1,user1,1614397443
60ca47549effe2ad8ac80a06,0,94fa5b0ad2b2aede5fb20d9088a5996efb8e1aad,2021-03-03 11:27:50,3,user1,1614788870
60ca47549effe2ad8ac80a07,53,a64b3398af54e394b299fd13df5c4569736eae16,2021-03-03 11:51:25,1,user1,1614790285
60ca47664c2441a4db89cb96,67,55c42c7bcaea31d851ba4568e6e9d187e426bb2a,2021-03-03 15:54:48,1,user1,1614804888
60ca478e55b28c7b279474c2,0,6a68a0f19fa22a965d9215654e278bfa4db1bdb2,2021-03-08 14:40:27,2,user1,1615232427
60ca478e55b28c7b279474c1,4,6a68a0f19fa22a965d9215654e278bfa4db1bdb2,2021-03-08 14:40:33,2,user1,1615232433
60ca478e55b28c7b279474c0,44,6a68a0f19fa22a965d9215654e278bfa4db1bdb2,2021-03-08 14:41:35,1,user1,1615232495
60ca47a2a970d1c331de2540,0,869f1ea15fa3fb6b09236d4a22d7746c331b641e,2021-03-09 10:58:07,3,user1,1615305487
60ca47a26d30d2f5dda883c3,18,1ea1a7062ba95dd2adb6bfeae40e4e69b761d8a,2021-03-09 22:37:42,1,user1,1615347462
60ca47a24b9c570b60bf2c6f,985,1ea1a7062ba95dd2adb6bfeae40e4e69b761d8a,2021-03-09 22:47:20,2,user1,1615348040
60ca47b6e7141b88a03a9c91,464,1ea1a7062ba95dd2adb6bfeae40e4e69b761d8a,2021-03-10 16:58:27,1,user1,1615413507
60ca47b5715d764ed89ade3f,48,4bd8f3526cd8b59271900446abe0956b18d707c0,2021-03-11 18:25:09,1,user1,1615505109
60ca47b5715d764ed89ade3e,54,fbc7d4140196eb71c978d04bb5fddcf502826278,2021-03-11 18:26:30,2,user1,1615505190
60ca47b64a1e536f516914c9,2001,4671ffbdd7a25b627a96191ca649b99e917dc35,2021-03-11 23:58:13,1,user1,1615525093
60ca47f040f6048f200c6f7e,0,1227c21db069e8003ebabcb323d95fcc9d0b5ebe,2021-03-15 15:53:56,3,user1,1615838036
60ca47f040f6048f200c6f7f,0,1227c21db069e8003ebabcb323d95fcc9d0b5ebe,2021-03-15 16:51:11,3,user1,1615841471
60ca4804a1fb7040f436a159,60,4bd8f3526cd8b59271900446abe0956b18d707c0,2021-03-17 10:35:49,2,user1,1615991749
60ca48044836f494978e8e4d,777,55c42c7bcaea31d851ba4568e6e9d187e426bb2a,2021-03-17 14:10:33,2,user1,1616004633
60ca4802a2444d1a0023e986,0,55c42c7bcaea31d851ba4568e6e9d187e426bb2a,2021-03-17 15:31:14,2,user1,1616009474
60ca4802a2444d1a0023e985,218,55c42c7bcaea31d851ba4568e6e9d187e426bb2a,2021-03-17 15:31:24,2,user1,1616009484
60ca4802a2444d1a0023e984,21,55c42c7bcaea31d851ba4568e6e9d187e426bb2a,2021-03-17 15:36:15,2,user1,1616009775
60ca4802b1640a86a6f6aa15,63,92b17e5758f99fd80ebcece5ea7fe5f4521471ac,2021-03-17 23:47:06,1,user1,1616039226
60ca4802b1640a86a6f6aa14,48,92b17e5758f99fd80ebcece5ea7fe5f4521471ac,2021-03-17 23:51:15,1,user1,1616039475
60ca48176d8285abd0d72aa2,393,a64b3398af54e394b299fd13df5c4569736eae16,2021-03-18 18:10:50,1,user1,1616105450
60ca4817d38706268306eb2a,246,10002a31320e099689975a3d80b1522bd9fc2150,2021-03-18 20:34:49,1,user1,1616114089
60ca4817dab7a7aa6a882177,2152,a64b3398af54e394b299fd13df5c4569736eae16,2021-03-18 21:01:06,2,user1,1616115666
60ca482b646057d269a48534,0,55c42c7bcaea31d851ba4568e6e9d187e426bb2a,2021-03-20 14:58:07,3,user1,1616266687
60ca482b646057d269a48533,14,55c42c7bcaea31d851ba4568e6e9d187e426bb2a,2021-03-20 15:03:24,2,user1,1616267004
60ca483ff78ad50d6140a0ff,2,a64b3398af54e394b299fd13df5c4569736eae16,2021-03-22 22:01:10,2,user1,1616464870
60ca483ff78ad50d6140a0fe,1765,a64b3398af54e394b299fd13df5c4569736eae16,2021-03-22 22:01:51,1,user1,1616464911
60ca485388144866bdf74e98,0,1ea1a7062ba95dd2adb6bfeae40e4e69b761d8a,2021-03-24 21:31:25,3,user1,1616635885
60ca4865ea01d0198c9c7ef0,167,1ea1a7062ba95dd2adb6bfeae40e4e69b761d8a,2021-03-25 14:06:14,2,user1,1616695574
60ca4866ce5d89d920c73a16,21,1ea1a7062ba95dd2adb6bfeae40e4e69b761d8a,2021-03-25 21:02:10,2,user1,1616720530
60ca4866718c3d8315471034,65,55c42c7bcaea31d851ba4568e6e9d187e426bb2a,2021-03-26 11:36:53,2,user1,1616773013
60ca48665ebf84b202bf5ff0,0,55c42c7bcaea31d851ba4568e6e9d187e426bb2a,2021-03-26 13:28:01,3,user1,1616779681
60ca48665ebf84b202bf5fef,0,55c42c7bcaea31d851ba4568e6e9d187e426bb2a,2021-03-26 13:29:11,3,user1,1616779751
60ca4866a13f808b68005e59,5,55c42c7bcaea31d851ba4568e6e9d187e426bb2a,2021-03-26 13:47:32,2,user1,1616780852
60ca4866a13f808b68005e58,32,55c42c7bcaea31d851ba4568e6e9d187e426bb2a,2021-03-26 13:50:18,2,user1,1616781018
60ca487a3518b3f185e1cf61,276,fbc7d4140196eb71c978d04bb5fddcf502826278,2021-03-27 11:47:27,2,user1,1616860047
60ca487a3518b3f185e1cf60,0,fe9715bf472b325e532885ea5f1e83dbf56b75be,2021-03-27 11:54:20,3,user1,1616860460
60ca487a3470c25729a432cc,1399,f22f197fe2fcfb242af05d29696e1722368239c3,2021-03-27 21:01:19,2,user1,1616893279
60ca487a18c60479e573a34d,1803,a64b3398af54e394b299fd13df5c4569736eae16,2021-03-27 22:54:25,2,user1,1616900065
60ca48799c4ec94cfe827d99,5,b18763b8356388a049663daf98bd5a11871da7f9,2021-03-28 01:32:06,2,user1,1616909526
60ca48799c4ec94cfe827d9c,1520,1c680e923f3e6075ce55680041edb0ee4294f85e,2021-03-28 01:56:29,2,user1,1616910989
60ca48799c4ec94cfe827d9b,4,a64b3398af54e394b299fd13df5c4569736eae16,2021-03-28 02:22:30,2,user1,1616912550
60ca48799c4ec94cfe827d9a,0,a64b3398af54e394b299fd13df5c4569736eae16,2021-03-28 02:23:08,2,user1,1616912588
60ca488d3060b7f7e8579a38,47,10002a31320e099689975a3d80b1522bd9fc2150,2021-03-28 14:49:00,1,user1,1616957340
60ca48a12984bfce80fc291b,6,f29be43f28126e17a670a12cd1715c78631b1f5e,2021-03-30 14:46:13,1,user1,1617129973
60ca48b4f5770bd44d4fae53,35,4bd8f3526cd8b59271900446abe0956b18d707c0,2021-04-01 12:20:55,1,user1,1617294055
60ca48b49e692aa598325e0b,1136,4bd8f3526cd8b59271900446abe0956b18d707c0,2021-04-01 13:23:15,2,user1,1617297795
60ca48b49e692aa598325e0c,80,b3c9f2ced60735a3a99a8ba2e7dd6433d71696fe,2021-04-01 13:53:48,2,user1,1617299628
60ca48b49e692aa598325e0d,172,6bef0e15a20e0ea59cb51b3574c86078173477ce,2021-04-01 17:10:18,2,user1,1617311418
60ca48b587b85668ce154323,7,55c42c7bcaea31d851ba4568e6e9d187e426bb2a,2021-04-02 09:50:32,2,user1,1617371432
60ca48b587b85668ce154322,57,55c42c7bcaea31d851ba4568e6e9d187e426bb2a,2021-04-02 09:51:46,1,user1,1617371506
60ca48c8dce061bfd95d83bb,17,a64b3398af54e394b299fd13df5c4569736eae16,2021-04-03 14:07:27,2,user1,1617473247
60ca48c8dce061bfd95d83ba,2096,a64b3398af54e394b299fd13df5c4569736eae16,2021-04-03 14:08:06,1,user1,1617473286
60ca48c8dce061bfd95d83bc,215,a64b3398af54e394b299fd13df5c4569736eae16,2021-04-03 15:10:47,2,user1,1617477047
60ca48dca285289109046a5e,0,c7b54962c7b02a33eb13911cc810aa80c7fa90be,2021-04-05 12:11:10,3,user1,1617639070
60ca48dc41165ad039f3726a,0,23ca7717efe4c486fc0a4b73c94a51b242aacaee,2021-04-05 13:09:55,3,user1,1617642595
60ca48ef1d1c96f416c34b90,15,10002a31320e099689975a3d80b1522bd9fc2150,2021-04-06 14:15:31,1,user1,1617732931
60ca48efe261e56817fec7f4,2522,4bd8f3526cd8b59271900446abe0956b18d707c0,2021-04-07 11:50:58,1,user1,1617810658
60ca48efe261e56817fec7f3,279,4bd8f3526cd8b59271900446abe0956b18d707c0,2021-04-07 12:33:11,2,user1,1617813191
60ca4903065dec751a0a6fd8,0,55c42c7bcaea31d851ba4568e6e9d187e426bb2a,2021-04-08 10:56:39,3,user1,1617893799
60ca49018c2da1330a8bb979,0,55c42c7bcaea31d851ba4568e6e9d187e426bb2a,2021-04-08 13:39:09,3,user1,1617903549
60ca49035738810567a97fce,62,10002a31320e099689975a3d80b1522bd9fc2150,2021-04-08 15:43:01,2,user1,1617910981
60ca490224ebc059259ecf54,3,a64b3398af54e394b299fd13df5c4569736eae16,2021-04-09 00:21:12,2,user1,1617942072
60ca490363fe5078d8473db5,1994,4671ffbdd7a25b627a96191ca649b99e917dc35,2021-04-09 15:52:08,1,user1,1617997928
60ca490363fe5078d8473db4,119,ea846e4f1b3aed8a59c0c8984fa4116e2d621c,2021-04-09 16:34:15,2,user1,1618000455
60ca4903f5924fac7161f32c,16,b318d3d0dad0755e9d3b6162ceb76bd3c7a90e8a,2021-04-09 16:47:33,2,user1,1618001253
60ca493e5250ab37e7aa3b0e,0,1ee252ddafaeec24254b149f6af2f8b78e8cb44f,2021-04-13 11:23:30,3,user1,1618327410
60ca495272ed976d99b4aa16,125,10002a31320e099689975a3d80b1522bd9fc2150,2021-04-15 18:30:26,1,user1,1618525826
60ca49652ca19a0644b625a0,98,55c42c7bcaea31d851ba4568e6e9d187e426bb2a,2021-04-17 14:49:40,1,user1,1618685380
60ca4979ca1bd95c9b78327d,0,5fcd0d413a91fcbb001a3c793ec66758b5cc1720,2021-04-19 10:18:32,3,user1,1618841912
60ca49792e66ba5176124722,27,10002a31320e099689975a3d80b1522bd9fc2150,2021-04-19 18:11:35,2,user1,1618870295
60ca49792e66ba5176124721,101,10002a31320e099689975a3d80b1522bd9fc2150,2021-04-19 18:50:06,1,user1,1618872606
60ca498d54bf767841288d88,0,72cbb86d7c373c0afdcc089ec564a481794cf5c,2021-04-20 11:43:02,3,user1,1618933382
60ca49db7e4dff92b15e500e,0,d9749df12fb4cade62083860da28d5c788ee560d,2021-04-26 15:10:36,3,user1,1619464236
60ca49db528b236ec7480ad3,22,10002a31320e099689975a3d80b1522bd9fc2150,2021-04-26 19:07:43,1,user1,1619478463
60ca49db528b236ec7480ad2,23,10002a31320e099689975a3d80b1522bd9fc2150,2021-04-26 19:08:33,1,user1,1619478513
60ca49db68e95b5ca0099b6c,29,10002a31320e099689975a3d80b1522bd9fc2150,2021-04-27 18:46:06,1,user1,1619563566
60ca49ef139758f2131aec85,21,55c42c7bcaea31d851ba4568e6e9d187e426bb2a,2021-04-28 19:20:12,1,user1,1619652012
60ca49ef73cebaf25b793790,12,4bd8f3526cd8b59271900446abe0956b18d707c0,2021-04-29 14:00:55,2,user1,1619719255
60ca49ef73cebaf25b79378f,2,4bd8f3526cd8b59271900446abe0956b18d707c0,2021-04-29 14:01:27,1,user1,1619719287
60ca4a0202b3a55aef2a509f,0,219b750a2283ba347d07fe01cba195c2a1fd087e,2021-04-30 12:18:09,3,user1,1619799489
60ca4a03d170b3ccb899225a,83,55c42c7bcaea31d851ba4568e6e9d187e426bb2a,2021-04-30 13:43:26,1,user1,1619804606
60ca4a031d142b5f65a73499,35,55c42c7bcaea31d851ba4568e6e9d187e426bb2a,2021-05-01 17:22:37,1,user1,1619904157
60ca4a179e444d66fcb63dd9,33,55c42c7bcaea31d851ba4568e6e9d187e426bb2a,2021-05-02 14:08:30,1,user1,1619978910
60ca4a17be46dcd9c42ee056,1,55c42c7bcaea31d851ba4568e6e9d187e426bb2a,2021-05-02 16:08:43,1,user1,1619986123
60ca4a17be46dcd9c42ee055,2,55c42c7bcaea31d851ba4568e6e9d187e426bb2a,2021-05-02 16:09:16,2,user1,1619986156
60ca4a15c635a44e0e6ed91b,7,1c680e923f3e6075ce55680041edb0ee4294f85e,2021-05-02 21:25:23,2,user1,1620005123
60ca4a2a79b54978fa65e68b,339,1c680e923f3e6075ce55680041edb0ee4294f85e,2021-05-04 18:15:09,1,user1,1620166509
60ca4a3c10e7860badcb46b0,0,2a94c978eafb04d7745234876bdf5c371cc8da20,2021-05-05 16:01:03,3,user1,1620244863
60ca4a3e634cc1f7fbc64c2f,142,55c42c7bcaea31d851ba4568e6e9d187e426bb2a,2021-05-06 13:51:01,1,user1,1620323461
60ca4a8c5ab9c170aabb9120,33,4ccc14d874d3c638682dded3994d5a6e0cb1a4d1,2021-05-12 14:06:10,2,user1,1620842770
60ca4a8c5b64f460f4ffe51e,0,10002a31320e099689975a3d80b1522bd9fc2150,2021-05-12 18:54:50,3,user1,1620860090
60ca4a8c5b64f460f4ffe51d,27,10002a31320e099689975a3d80b1522bd9fc2150,2021-05-12 19:00:23,2,user1,1620860423
60ca4a8cccbe517d389b9314,0,4a23b0e018f390af653cd20c6792fc2ddd0881a2,2021-05-13 09:51:38,3,user1,1620913898
60ca4a8c5d1ff38e0028efe4,0,2f4dbcd8c629fe7fa00a20303ca91349a1319a7c,2021-05-13 13:38:59,3,user1,1620927539
60ca4a8ab3f627e671e4a8c0,37,55c42c7bcaea31d851ba4568e6e9d187e426bb2a,2021-05-13 18:05:18,1,user1,1620943518
60ca4aa0a7e43c3d5c2696e7,0,56850874d019263549dc4ba2f3e6e3add86a0943,2021-05-14 15:42:11,3,user1,1621021331
60ca4ab3d8df87bd0a759b9b,33,55c42c7bcaea31d851ba4568e6e9d187e426bb2a,2021-05-15 17:12:42,1,user1,1621113162
60ca4ab38cd1c754218d96b2,0,6a68a0f19fa22a965d9215654e278bfa4db1bdb2,2021-05-16 14:47:41,1,user1,1621190861
60ca4ab38cd1c754218d96b1,34,6a68a0f19fa22a965d9215654e278bfa4db1bdb2,2021-05-16 14:47:57,1,user1,1621190877
60ca4ac7bd21ca7b5269a02e,10,f29be43f28126e17a670a12cd1715c78631b1f5e,2021-05-18 16:31:24,1,user1,1621369884
60ca4ac756eda2e809b210c2,0,4338fe36d8a814a5004eb7de6012919b485f8a6d,2021-05-18 18:46:40,3,user1,1621378000
60ca4ada677689fcaba7b8bc,1782,754a7846306c520978824fa6ef069077c6e0a5a6,2021-05-19 17:36:49,1,user1,1621460209
60ca4ada24c18bc2a4a0d2a3,0,50e2221f102886eaacd525594e1cb8f110306fae,2021-05-20 11:13:41,3,user1,1621523621
60ca4aed0cdbb32bd21fabab,134,11109e72ae2e98cf41b199be91d67dc895965d73,2021-05-20 16:52:44,2,user1,1621543964
60ca4aed0cdbb32bd21fabad,938,11109e72ae2e98cf41b199be91d67dc895965d73,2021-05-20 17:52:08,1,user1,1621547528
60ca4aed0cdbb32bd21fabac,163,1c680e923f3e6075ce55680041edb0ee4294f85e,2021-05-20 18:08:18,2,user1,1621548498
60ca4aee73a2f2b9acbefe61,27,10002a31320e099689975a3d80b1522bd9fc2150,2021-05-21 11:01:20,1,user1,1621609280
60ca4aeead56d3d7b83f6857,0,10002a31320e099689975a3d80b1522bd9fc2150,2021-05-21 12:22:34,3,user1,1621614154
60ca4aeead56d3d7b83f6856,125,10002a31320e099689975a3d80b1522bd9fc2150,2021-05-21 12:23:01,2,user1,1621614181
60ca4aeead56d3d7b83f685c,43,10002a31320e099689975a3d80b1522bd9fc2150,2021-05-21 13:41:47,1,user1,1621618907
60ca4aeead56d3d7b83f685b,28,10002a31320e099689975a3d80b1522bd9fc2150,2021-05-21 13:54:52,1,user1,1621619692
60ca4aeead56d3d7b83f685a,12,55c42c7bcaea31d851ba4568e6e9d187e426bb2a,2021-05-21 13:55:13,1,user1,1621619713
60ca4aeead56d3d7b83f6859,0,10002a31320e099689975a3d80b1522bd9fc2150,2021-05-21 14:03:34,3,user1,1621620214
60ca4aeead56d3d7b83f6858,77,10002a31320e099689975a3d80b1522bd9fc2150,2021-05-21 14:06:24,2,user1,1621620384
60ca4aee9bbdc166fc68ac81,9,fbc7d4140196eb71c978d04bb5fddcf502826278,2021-05-21 19:01:55,2,user1,1621638115
60ca4b023d5a85cb62813699,0,10002a31320e099689975a3d80b1522bd9fc2150,2021-05-22 13:48:29,3,user1,1621705709
60ca4b0189250366d17b6aaa,16,1c680e923f3e6075ce55680041edb0ee4294f85e,2021-05-22 17:51:42,2,user1,1621720302
60ca4b3d6a91154574f65cd4,228,55c42c7bcaea31d851ba4568e6e9d187e426bb2a,2021-05-27 13:26:57,2,user1,1622136417
60ca4b3c35e0117c62d1edb3,55,55c42c7bcaea31d851ba4568e6e9d187e426bb2a,2021-05-28 14:38:10,1,user1,1622227090
60ca4b3cc7081ef23e1ca72d,66,55c42c7bcaea31d851ba4568e6e9d187e426bb2a,2021-05-28 17:43:28,2,user1,1622238208
60ca4b77e9535417a3d13e34,121,10002a31320e099689975a3d80b1522bd9fc2150,2021-06-01 14:31:23,1,user1,1622572283
60ca4b7734a44796cbd80d75,37,10002a31320e099689975a3d80b1522bd9fc2150,2021-06-01 14:49:39,2,user1,1622573379
60ca4b78427c6b5709147151,0,ff23f9082c06aa9d49fabeee6c1c6eb57346e8b9,2021-06-02 11:50:22,3,user1,1622649022
60ca4b8a2f8e0af233740950,27,55c42c7bcaea31d851ba4568e6e9d187e426bb2a,2021-06-04 13:54:04,1,user1,1622829244
60ca4b9f31663012dd074ec2,88,10002a31320e099689975a3d80b1522bd9fc2150,2021-06-05 14:43:39,1,user1,1622918619
60ca4b9e6bbbacb887da3f29,54,10002a31320e099689975a3d80b1522bd9fc2150,2021-06-05 16:56:06,2,user1,1622926566
60ca4b9e6bbbacb887da3f28,87,10002a31320e099689975a3d80b1522bd9fc2150,2021-06-05 17:01:03,2,user1,1622926863
60ca4b9e6bbbacb887da3f27,78,10002a31320e099689975a3d80b1522bd9fc2150,2021-06-05 17:29:21,1,user1,1622928561
60ca4b9f9c1268d460adba28,0,a64b3398af54e394b299fd13df5c4569736eae16,2021-06-05 18:55:32,3,user1,1622933732
60ca4b9f9c1268d460adba27,0,a64b3398af54e394b299fd13df5c4569736eae16,2021-06-05 18:56:24,3,user1,1622933784
60ca4bb2a2a29bbf718c078e,5,5de27365824359a0156566f7a451c2d2ab39a7c3,2021-06-07 18:01:23,1,user1,1623103283
60ca4bc01cabb562b8de6ff2,1904,55c42c7bcaea31d851ba4568e6e9d187e426bb2a,2021-06-08 10:03:41,2,user1,1623161021
60ca4bc19311bfc631ef867c,0,ac788e3c9f7b6551c52877c457e8ac9bd5ba8254,2021-06-08 12:49:49,3,user1,1623170989
6140fa4f2bb5476af1653f57,54,cf8ba1576e1f97a2283089127083a08898ba7667,2021-06-09 13:57:59,1,user1,1623261479
6140f96576405abe63865780,123,55c42c7bcaea31d851ba4568e6e9d187e426bb2a,2021-06-10 15:37:20,2,user1,1623353840
6140f8de94bf3cb74430a115,8,fbc7d4140196eb71c978d04bb5fddcf502826278,2021-06-11 00:34:55,2,user1,1623386095
6140fb123597f39a101ab7b2,0,6b70f1ad593f43f845ae384894b556e46a5cc0ab,2021-06-11 18:52:03,3,user1,1623451923
6140f82e9d27fe0e1f0fc396,208,55c42c7bcaea31d851ba4568e6e9d187e426bb2a,2021-06-12 10:48:15,2,user1,1623509295
6140f82e9d27fe0e1f0fc395,0,d4907bd73a7b5d77f3c18b160088d28dfc794837,2021-06-12 11:29:41,3,user1,1623511781
6140f76e74b119300b3f55d5,160,1c680e923f3e6075ce55680041edb0ee4294f85e,2021-06-12 16:03:19,1,user1,1623528199
6140f97af2b241566e3312dd,14,1c680e923f3e6075ce55680041edb0ee4294f85e,2021-06-12 19:23:06,1,user1,1623540186
6140f8b723d47f6ff31821b5,107,55c42c7bcaea31d851ba4568e6e9d187e426bb2a,2021-06-13 11:56:21,1,user1,1623599781
6140fa2757249b44956302b0,4,55c42c7bcaea31d851ba4568e6e9d187e426bb2a,2021-06-13 14:27:55,2,user1,1623608875
6140f81b9bbb4a460c1298c8,1380,55c42c7bcaea31d851ba4568e6e9d187e426bb2a,2021-06-14 17:10:08,2,user1,1623705008
6140fa3d939c0822f58e3bf5,0,55c42c7bcaea31d851ba4568e6e9d187e426bb2a,2021-06-15 17:14:55,2,user1,1623791695
6140fa3d939c0822f58e3bf4,2,55c42c7bcaea31d851ba4568e6e9d187e426bb2a,2021-06-15 17:15:37,2,user1,1623791737
6140fa3d939c0822f58e3bf3,187,55c42c7bcaea31d851ba4568e6e9d187e426bb2a,2021-06-15 17:15:42,2,user1,1623791742
6140fa3d939c0822f58e3bf2,38,55c42c7bcaea31d851ba4568e6e9d187e426bb2a,2021-06-15 17:19:09,2,user1,1623791949
6140f7bb37a66d8c789216ff,0,59bd0f2bb4ec48e6a90f0a3144e9292dedae5e77,2021-06-16 16:40:19,3,user1,1623876019
6140f98dee45466aaae6b98b,0,6e741f211211b4c0540898a8ca525f867b10dd3a,2021-06-17 12:01:54,3,user1,1623945714
6140fb12f1738dde272121e2,1469,55c42c7bcaea31d851ba4568e6e9d187e426bb2a,2021-06-17 17:40:19,2,user1,1623966019
6140f8cb36af949664777ee6,0,55c42c7bcaea31d851ba4568e6e9d187e426bb2a,2021-06-18 16:08:39,3,user1,1624046919
6140f8cb36af949664777ee8,0,4671ffbdd7a25b627a96191ca649b99e917dc35,2021-06-18 17:10:56,2,user1,1624050656
6140f8cb36af949664777ee7,175,55c42c7bcaea31d851ba4568e6e9d187e426bb2a,2021-06-18 17:11:02,2,user1,1624050662
6140fb4ca3bc0654de2c0d1d,14,a64b3398af54e394b299fd13df5c4569736eae16,2021-06-19 00:25:33,2,user1,1624076733
6140fb5f23c71d2b3298a8f2,0,55c42c7bcaea31d851ba4568e6e9d187e426bb2a,2021-06-19 10:24:16,3,user1,1624112656
6140fb5f23c71d2b3298a8f1,43,55c42c7bcaea31d851ba4568e6e9d187e426bb2a,2021-06-19 10:30:28,2,user1,1624113028
6140f7bb43a82fd29c8de96b,42,55c42c7bcaea31d851ba4568e6e9d187e426bb2a,2021-06-19 10:36:44,2,user1,1624113404
6140f76edeb554c88cd0d06d,189,10002a31320e099689975a3d80b1522bd9fc2150,2021-06-20 18:14:55,2,user1,1624227295
6140f76edeb554c88cd0d06c,273,55c42c7bcaea31d851ba4568e6e9d187e426bb2a,2021-06-20 18:18:26,2,user1,1624227506
6140f92ccdb3efa58ea63139,0,9a29b9353dcae8740a7132175d092e60e0b5c2c6,2021-06-21 12:16:01,3,user1,1624292161
6140f8cbd89a7edb77346bb9,0,9a29b9353dcae8740a7132175d092e60e0b5c2c6,2021-06-21 15:20:23,3,user1,1624303223
6140f795e076614b9a4a0efb,4,55c42c7bcaea31d851ba4568e6e9d187e426bb2a,2021-06-22 22:59:09,2,user1,1624417149
6140f8911c725cfc79d23c7b,276,55c42c7bcaea31d851ba4568e6e9d187e426bb2a,2021-06-23 19:04:03,2,user1,1624489443
6140f8911c725cfc79d23c7a,2,6a68a0f19fa22a965d9215654e278bfa4db1bdb2,2021-06-23 19:09:30,2,user1,1624489770
6140f8911c725cfc79d23c79,0,6a68a0f19fa22a965d9215654e278bfa4db1bdb2,2021-06-23 19:10:08,2,user1,1624489808
6140f809722cf265dbf16f58,657,39d7878c3a2800180bbe6d1605547ecf7bf54047,2021-06-23 21:40:05,2,user1,1624498805
6140f905ea25d802f1f49de0,0,2615935a010cdddeeb0e59275eb93408dd18395e,2021-06-24 16:00:14,3,user1,1624564814
6140fa5013bd631b417c706f,0,39d7878c3a2800180bbe6d1605547ecf7bf54047,2021-06-24 21:32:57,3,user1,1624584777
6140f87ccd3f9c8baf115b11,334,39d7878c3a2800180bbe6d1605547ecf7bf54047,2021-06-25 00:28:22,2,user1,1624595302
6140f890bf86e6be728ae710,57,5da1b429c1c279334149db0b429eb59c6aab9410,2021-06-25 15:53:31,2,user1,1624650811
6140f9c7e1a6800863f1c744,6,fbc7d4140196eb71c978d04bb5fddcf502826278,2021-06-26 16:29:14,2,user1,1624739354
6140f9c7e1a6800863f1c743,9,fbc7d4140196eb71c978d04bb5fddcf502826278,2021-06-26 16:30:22,2,user1,1624739422
6140fa50133e2b117a2a15f7,54,1c680e923f3e6075ce55680041edb0ee4294f85e,2021-06-26 22:49:41,2,user1,1624762181
6140fa0254ffadc375053315,243,1c680e923f3e6075ce55680041edb0ee4294f85e,2021-06-27 10:11:32,1,user1,1624803092
6140fac4b3ce5116a93884f3,41,1c680e923f3e6075ce55680041edb0ee4294f85e,2021-06-27 12:11:47,1,user1,1624810307
6140fb39deeed9a9aa1db7d7,4,a64b3398af54e394b299fd13df5c4569736eae16,2021-06-27 16:33:40,2,user1,1624826020
6140fb39deeed9a9aa1db7d6,29,a64b3398af54e394b299fd13df5c4569736eae16,2021-06-27 16:45:15,1,user1,1624826715
6140f8a32de80c3e74b0b6d4,19,ec4801f33ad40577c910bf0fdd03e872470e4841,2021-06-27 18:27:35,2,user1,1624832855
6140fafe545b98fdd12603c6,6,90b6ae1a6b222a3dc30b2a469f721280a3c3b512,2021-06-27 23:45:27,2,user1,1624851927
6140f9db924c55052b62fa5f,564,8f144fa5e1dab9e81d2fccd2cb8b3da019a906b2,2021-06-28 11:57:58,2,user1,1624895878
6140f76e8832e033ff2c07ee,4,55c42c7bcaea31d851ba4568e6e9d187e426bb2a,2021-06-28 17:16:01,2,user1,1624914961
6140f76e8832e033ff2c07ed,0,55c42c7bcaea31d851ba4568e6e9d187e426bb2a,2021-06-28 17:21:37,3,user1,1624915297
6140fa7727b7021da39bb349,0,a964165e9a1ce7bc34adca3d30d82e33283da5e2,2021-06-29 12:32:20,3,user1,1624984340
6140f8c99096101f8cc7bd02,434,55c42c7bcaea31d851ba4568e6e9d187e426bb2a,2021-06-29 18:55:00,2,user1,1625007300
6140fb12d479d8c34da19ecc,16,a64b3398af54e394b299fd13df5c4569736eae16,2021-06-30 00:20:21,2,user1,1625026821
6140f9537f5a1fd4b7d8d398,0,a3226a86260f86ed4e26a4a515c50b8f85fc9892,2021-06-30 16:16:39,3,user1,1625084199
6140f86af59e1946bed1a2d3,5,1ea1a7062ba95dd2adb6bfeae40e4e69b761d8a,2021-07-01 23:06:28,2,user1,1625195188
6140f86af59e1946bed1a2d5,2299,1ea1a7062ba95dd2adb6bfeae40e4e69b761d8a,2021-07-01 23:30:59,1,user1,1625196659
6140f86af59e1946bed1a2d4,0,4bd8f3526cd8b59271900446abe0956b18d707c0,2021-07-02 00:15:57,2,user1,1625199357
6140f978fd019da99a576b65,0,8475a0f530ff08256da95dea421db4834b157ef9,2021-07-02 13:43:32,3,user1,1625247812
6140f76e66f790621caa85a8,2,6a68a0f19fa22a965d9215654e278bfa4db1bdb2,2021-07-02 19:16:22,2,user1,1625267782
6140f8f128f909ec74b354af,17,6e754410a3cfcd06769c02fa53f5843632719beb,2021-07-03 13:32:26,2,user1,1625333546
6140f869e112525136246f75,17,a64b3398af54e394b299fd13df5c4569736eae16,2021-07-03 19:21:30,2,user1,1625354490
6140f808c468970b39579e4f,0,a64b3398af54e394b299fd13df5c4569736eae16,2021-07-04 01:28:42,3,user1,1625376522
6140f808c468970b39579e4e,0,a64b3398af54e394b299fd13df5c4569736eae16,2021-07-04 01:29:33,3,user1,1625376573
6140f808c468970b39579e4d,0,a64b3398af54e394b299fd13df5c4569736eae16,2021-07-04 01:32:17,3,user1,1625376737
6140f808c468970b39579e4c,3,a64b3398af54e394b299fd13df5c4569736eae16,2021-07-04 01:36:16,2,user1,1625376976
6140f808c468970b39579e4b,22,a64b3398af54e394b299fd13df5c4569736eae16,2021-07-04 01:38:36,2,user1,1625377116
6140fa02ace08fc4a5e63e54,0,1c680e923f3e6075ce55680041edb0ee4294f85e,2021-07-06 12:49:14,2,user1,1625590154
6140fa02ace08fc4a5e63e53,398,1c680e923f3e6075ce55680041edb0ee4294f85e,2021-07-06 12:50:08,1,user1,1625590208
6140fa02ace08fc4a5e63e52,0,c6ea995e08c965347323dd4158aad0d1e4a567d3,2021-07-06 13:05:39,3,user1,1625591139
6140f8f22e4be25d47912a50,33,f74cd42aba1cabde8565746886211611534dfdcc,2021-07-06 16:34:20,1,user1,1625603660
6140f8f2d3c57bedd160c7a2,3127,fbc7d4140196eb71c978d04bb5fddcf502826278,2021-07-06 20:30:32,2,user1,1625617832
6140f82f4850180ff3b80d38,0,b573cebcd270ccdd03cad9e0f3dccc16cd1abb4d,2021-07-09 14:46:24,3,user1,1625856384
6140f82f4850180ff3b80d39,3,6a68a0f19fa22a965d9215654e278bfa4db1bdb2,2021-07-09 15:56:29,2,user1,1625860589
6140fb25f82c3afce9d77a44,56,6a68a0f19fa22a965d9215654e278bfa4db1bdb2,2021-07-09 18:35:21,1,user1,1625870121
6140fb4c550d3cb28aa02758,165,55c42c7bcaea31d851ba4568e6e9d187e426bb2a,2021-07-09 19:34:19,1,user1,1625873659
6140f9791ef8203e921ded9b,5,fbc7d4140196eb71c978d04bb5fddcf502826278,2021-07-11 14:55:19,2,user1,1626029719
6140f9791ef8203e921ded9a,0,1c680e923f3e6075ce55680041edb0ee4294f85e,2021-07-11 14:56:12,2,user1,1626029772
6140f9791ef8203e921ded99,11,1c680e923f3e6075ce55680041edb0ee4294f85e,2021-07-11 14:56:48,2,user1,1626029808
6140f9791ef8203e921ded98,24,fbc7d4140196eb71c978d04bb5fddcf502826278,2021-07-11 14:57:13,2,user1,1626029833
6140f97a85dc474d6a51d4dd,0,a64b3398af54e394b299fd13df5c4569736eae16,2021-07-11 19:39:10,3,user1,1626046750
6140f97ac4b3e91921ddd669,0,978458e0068229103dc8ca9620f4ee3e1165e5c6,2021-07-12 16:09:59,3,user1,1626120599
6140f795873570dc9712f707,7,7dd89706a69b45895d5758adc0a7b84ece0ebde6,2021-07-13 11:29:03,1,user1,1626190143
6140f795f8757fa50a94340a,117,9386406c5943d5a055405e65afac3ca66efe3b2f,2021-07-16 11:28:34,2,user1,1626449314
6140f795f8757fa50a943409,7,73e262d9400604f3ee0246a5e512dcc33b328532,2021-07-16 11:57:33,1,user1,1626451053
6140fa16b22fefb1ca10dd75,355,30483514cea42f0a907c710c2095cfe902377235,2021-07-16 14:02:24,2,user1,1626458544
6140fa63bf08fe9da4a8ab8a,60,6a68a0f19fa22a965d9215654e278bfa4db1bdb2,2021-07-16 14:52:09,2,user1,1626461529
6140fa63bf08fe9da4a8ab8d,63,6a68a0f19fa22a965d9215654e278bfa4db1bdb2,2021-07-16 16:18:49,1,user1,1626466729
6140fa63bf08fe9da4a8ab8c,2,6a68a0f19fa22a965d9215654e278bfa4db1bdb2,2021-07-16 16:19:57,2,user1,1626466797
6140fa63bf08fe9da4a8ab8b,187,6a68a0f19fa22a965d9215654e278bfa4db1bdb2,2021-07-16 16:20:06,2,user1,1626466806
6140f953c7c03ea61f5eb6ee,113,10002a31320e099689975a3d80b1522bd9fc2150,2021-07-16 16:27:50,1,user1,1626467270
6140fa6392307b54ecc26ade,0,55c42c7bcaea31d851ba4568e6e9d187e426bb2a,2021-07-17 12:04:00,3,user1,1626537840
6140f891042f075e324a442d,307,55c42c7bcaea31d851ba4568e6e9d187e426bb2a,2021-07-17 13:18:42,2,user1,1626542322
6140f7cfb94ccbad18f09411,19,55c42c7bcaea31d851ba4568e6e9d187e426bb2a,2021-07-17 16:55:46,2,user1,1626555346
6140f7cfb94ccbad18f09410,66,fec5ae2c6a147531bda6cbc9a226223cb0bbd7dd,2021-07-17 17:09:11,2,user1,1626556151
6140f7cfb94ccbad18f0940f,4,55c42c7bcaea31d851ba4568e6e9d187e426bb2a,2021-07-17 17:13:02,2,user1,1626556382
6140f7cfb94ccbad18f0940e,0,6a68a0f19fa22a965d9215654e278bfa4db1bdb2,2021-07-17 17:13:46,2,user1,1626556426
6140f891fbf588aeffc8d952,0,55c42c7bcaea31d851ba4568e6e9d187e426bb2a,2021-07-17 19:01:30,3,user1,1626562890
6140f891fbf588aeffc8d951,32,55c42c7bcaea31d851ba4568e6e9d187e426bb2a,2021-07-17 19:17:42,2,user1,1626563862
6140f940b7f5154e81757755,5,1c680e923f3e6075ce55680041edb0ee4294f85e,2021-07-18 00:27:46,2,user1,1626582466
6140f8090e59365c17be4788,206,55c42c7bcaea31d851ba4568e6e9d187e426bb2a,2021-07-18 17:45:02,2,user1,1626644702
6140f7a863a462324de1ff2b,0,10002a31320e099689975a3d80b1522bd9fc2150,2021-07-18 23:13:32,3,user1,1626664412
6140f7a863a462324de1ff2a,46,10002a31320e099689975a3d80b1522bd9fc2150,2021-07-18 23:14:05,2,user1,1626664445
6140fa2919c924b1c954fc9a,7,7dd89706a69b45895d5758adc0a7b84ece0ebde6,2021-07-20 12:23:01,1,user1,1626798181
6140f9dbe60f67c6098ca8d9,67,55c42c7bcaea31d851ba4568e6e9d187e426bb2a,2021-07-20 18:29:09,2,user1,1626820149
6140f9053510842f4a618893,311,55c42c7bcaea31d851ba4568e6e9d187e426bb2a,2021-07-21 14:59:23,2,user1,1626893963
6140fb254fea48186536b436,16,55c42c7bcaea31d851ba4568e6e9d187e426bb2a,2021-07-21 17:51:32,1,user1,1626904292
6140f794036de5fed8ec19d2,32,55c42c7bcaea31d851ba4568e6e9d187e426bb2a,2021-07-21 19:16:41,2,user1,1626909401
6140f856738f3aef3c858c48,70,78a7b5cfdbdd3a9878e8aba2d4c3ea6199b85487,2021-07-22 14:07:50,2,user1,1626977270
6140f856738f3aef3c858c47,193,55c42c7bcaea31d851ba4568e6e9d187e426bb2a,2021-07-22 14:09:20,2,user1,1626977360
6140faafc339cf4df300284c,699,1c680e923f3e6075ce55680041edb0ee4294f85e,2021-07-22 16:45:29,1,user1,1626986729
6140fa8b7732a6ef7c5b1f9a,473,1c680e923f3e6075ce55680041edb0ee4294f85e,2021-07-22 21:09:18,1,user1,1627002558
6140fb39cf660723fd8fca77,6,fbc7d4140196eb71c978d04bb5fddcf502826278,2021-07-22 22:07:43,2,user1,1627006063
6140f9b437645fb4592597f1,49,3c117a2ba331af71f929413f61424e6368d44752,2021-07-23 15:15:38,2,user1,1627067738
6140fa7635dadf6bd5c3d25a,8,1c680e923f3e6075ce55680041edb0ee4294f85e,2021-07-23 17:49:20,2,user1,1627076960
6140f98df99cf470dbd18751,40,1c680e923f3e6075ce55680041edb0ee4294f85e,2021-07-23 18:32:09,2,user1,1627079529
6140f9edee73b60d80c04a20,222,a64b3398af54e394b299fd13df5c4569736eae16,2021-07-23 19:41:49,1,user1,1627083709
6140fb24c61852388dd58a1d,2,a64b3398af54e394b299fd13df5c4569736eae16,2021-07-23 20:36:04,2,user1,1627086964
6140fb24c61852388dd58a1c,212,a64b3398af54e394b299fd13df5c4569736eae16,2021-07-23 20:36:22,2,user1,1627086982
6140fb4c750d4da0ab68802c,543,6a68a0f19fa22a965d9215654e278bfa4db1bdb2,2021-07-24 10:01:22,1,user1,1627135282
6140f92ce0c6e291508a0c98,0,6a68a0f19fa22a965d9215654e278bfa4db1bdb2,2021-07-24 13:11:43,2,user1,1627146703
6140f92ce0c6e291508a0c97,2,a64b3398af54e394b299fd13df5c4569736eae16,2021-07-24 13:11:55,2,user1,1627146715
6140f92ce0c6e291508a0c96,0,a64b3398af54e394b299fd13df5c4569736eae16,2021-07-24 13:12:27,2,user1,1627146747
6140f953f66ea5f69ea9a37e,38,6a68a0f19fa22a965d9215654e278bfa4db1bdb2,2021-07-24 15:00:20,1,user1,1627153220
6140f953f66ea5f69ea9a381,26,55c42c7bcaea31d851ba4568e6e9d187e426bb2a,2021-07-24 16:22:06,1,user1,1627158126
6140f953f66ea5f69ea9a380,26,55c42c7bcaea31d851ba4568e6e9d187e426bb2a,2021-07-24 16:22:59,2,user1,1627158179
6140f953f66ea5f69ea9a37f,15,55c42c7bcaea31d851ba4568e6e9d187e426bb2a,2021-07-24 16:23:38,2,user1,1627158218
6140f95170612475892333ec,36,6a68a0f19fa22a965d9215654e278bfa4db1bdb2,2021-07-24 18:08:21,1,user1,1627164501
6140f97907c7843bb107e1cb,0,a64b3398af54e394b299fd13df5c4569736eae16,2021-07-24 21:47:17,3,user1,1627177637
6140f97907c7843bb107e1ca,0,a64b3398af54e394b299fd13df5c4569736eae16,2021-07-24 21:59:55,3,user1,1627178395
6140f97907c7843bb107e1c9,71,a64b3398af54e394b299fd13df5c4569736eae16,2021-07-24 22:01:58,2,user1,1627178518
6140fa3cf0697e12ab3b66db,20,a64b3398af54e394b299fd13df5c4569736eae16,2021-07-24 22:34:49,1,user1,1627180489
6140fa3cf0697e12ab3b66da,14,a64b3398af54e394b299fd13df5c4569736eae16,2021-07-24 23:19:14,1,user1,1627183154
6140f7ba8c08e6caa12294e0,0,6e50247ea6db80c938538072ced0301650ecaa28,2021-07-25 09:29:33,3,user1,1627219773
6140f967eda5d4ec026ab882,0,6ae7c707dd8c3af694a5fc3fce0d8a1acb721398,2021-07-26 13:51:16,3,user1,1627321876
6140fa50fd80bedb009a19b1,63,a64b3398af54e394b299fd13df5c4569736eae16,2021-07-27 21:09:18,1,user1,1627434558
6140f91977fc8ccf0dc7bbf5,0,cd2e489fa1dde20907b0dab30957b776511825b7,2021-07-28 09:52:13,3,user1,1627480333
6140fa8a79287099e877cb4d,0,a64b3398af54e394b299fd13df5c4569736eae16,2021-07-28 21:47:24,3,user1,1627523244
6140fa8a79287099e877cb4c,428,a64b3398af54e394b299fd13df5c4569736eae16,2021-07-28 21:48:01,2,user1,1627523281
6140fa8a79287099e877cb4b,692,a64b3398af54e394b299fd13df5c4569736eae16,2021-07-28 21:59:41,1,user1,1627523981
6140f9503208e10658d8736b,8,1ea1a7062ba95dd2adb6bfeae40e4e69b761d8a,2021-07-30 18:43:49,2,user1,1627685029
6140f9503208e10658d8736a,35,1ea1a7062ba95dd2adb6bfeae40e4e69b761d8a,2021-07-30 18:44:43,2,user1,1627685083
6140fb4c4becc9fd98e29675,36,a64b3398af54e394b299fd13df5c4569736eae16,2021-07-30 22:42:48,2,user1,1627699368
6140fb4c4becc9fd98e29674,0,a64b3398af54e394b299fd13df5c4569736eae16,2021-07-30 22:48:31,3,user1,1627699711
6140f7bbb9afa697753b73e6,1,4636dc813dac29c9762096ee60911285667addc7,2021-07-31 02:49:06,1,user1,1627714146
6140f7800c93365d8cf72cce,59,1c680e923f3e6075ce55680041edb0ee4294f85e,2021-07-31 12:12:31,2,user1,1627747951
6140f8b7f9ccae2a7cd9a101,157,55c42c7bcaea31d851ba4568e6e9d187e426bb2a,2021-07-31 13:13:44,2,user1,1627751624
6140f8b7f9ccae2a7cd9a100,0,1c680e923f3e6075ce55680041edb0ee4294f85e,2021-07-31 13:22:27,2,user1,1627752147
6140f9c6e80806d9394e97c4,1,a64b3398af54e394b299fd13df5c4569736eae16,2021-07-31 22:21:49,2,user1,1627784509
6140f9c6e80806d9394e97c3,1,a64b3398af54e394b299fd13df5c4569736eae16,2021-07-31 22:22:22,2,user1,1627784542
6140f9c6e80806d9394e97c2,40,a64b3398af54e394b299fd13df5c4569736eae16,2021-07-31 22:32:35,1,user1,1627785155
6140fab1d4e307e67c434a53,24,a64b3398af54e394b299fd13df5c4569736eae16,2021-07-31 22:40:47,1,user1,1627785647
6140fab1d4e307e67c434a52,33,a64b3398af54e394b299fd13df5c4569736eae16,2021-07-31 22:42:25,2,user1,1627785745
6140fa634bb3f5f150125237,0,4a324775933aa2b47953def66e117cdada7c2369,2021-08-01 10:31:46,3,user1,1627828306
6140fa6355f1fbf4513b390d,0,3a0c28aaaf9e43284fa51cee7cd1dab0d9cb0e7f,2021-08-02 11:55:01,3,user1,1627919701
6140fa3debe8bb017e3b07ac,0,9144c131ecfd34df9178703204cba3ab417dcded,2021-08-02 13:04:46,3,user1,1627923886
6140f7e2e1bc2c385bed6e58,0,6a68a0f19fa22a965d9215654e278bfa4db1bdb2,2021-08-02 21:11:07,3,user1,1627953067
6140f7e2e1bc2c385bed6e57,320,6a68a0f19fa22a965d9215654e278bfa4db1bdb2,2021-08-02 21:20:34,2,user1,1627953634
6140f7e277a011129aa7d2b4,170,6a68a0f19fa22a965d9215654e278bfa4db1bdb2,2021-08-05 21:24:37,2,user1,1628213077
6140fab150ff0f4c3abe3519,249,1c680e923f3e6075ce55680041edb0ee4294f85e,2021-08-07 10:06:02,2,user1,1628345162
6140fac4544377fb6afff7d9,586,55c42c7bcaea31d851ba4568e6e9d187e426bb2a,2021-08-07 12:17:25,1,user1,1628353045
6140fac4544377fb6afff7d8,130,55c42c7bcaea31d851ba4568e6e9d187e426bb2a,2021-08-07 12:31:22,1,user1,1628353882
6140fac4544377fb6afff7d7,0,55c42c7bcaea31d851ba4568e6e9d187e426bb2a,2021-08-07 12:36:43,3,user1,1628354203
6140f8f06b710d12d9afc144,0,55c42c7bcaea31d851ba4568e6e9d187e426bb2a,2021-08-07 13:30:40,3,user1,1628357440
6140f8f06b710d12d9afc143,27,55c42c7bcaea31d851ba4568e6e9d187e426bb2a,2021-08-07 13:31:15,1,user1,1628357475
6140f8f06b710d12d9afc142,14,55c42c7bcaea31d851ba4568e6e9d187e426bb2a,2021-08-07 13:32:19,1,user1,1628357539
6140f91968564a217ab11371,0,1c680e923f3e6075ce55680041edb0ee4294f85e,2021-08-07 14:22:23,1,user1,1628360543
6140f91968564a217ab11370,37,1c680e923f3e6075ce55680041edb0ee4294f85e,2021-08-07 14:22:31,1,user1,1628360551
6140f91968564a217ab1136f,14,1c680e923f3e6075ce55680041edb0ee4294f85e,2021-08-07 14:26:30,1,user1,1628360790
6140fac4b58fdfcba5cdfff0,2,2426fa42ee943367ac20523bf4981df792db9717,2021-08-08 01:06:34,2,user1,1628399194
6140fac4b58fdfcba5cdffef,2,2426fa42ee943367ac20523bf4981df792db9717,2021-08-08 01:09:24,2,user1,1628399364
6140fac4b58fdfcba5cdffee,2,2426fa42ee943367ac20523bf4981df792db9717,2021-08-08 01:12:30,2,user1,1628399550
6140fac4b58fdfcba5cdffed,67,2426fa42ee943367ac20523bf4981df792db9717,2021-08-08 01:17:32,1,user1,1628399852
6140fa8a6ddd3e236faf4881,3,2426fa42ee943367ac20523bf4981df792db9717,2021-08-08 02:07:24,2,user1,1628402844
6140fa8a6ddd3e236faf4880,5,2426fa42ee943367ac20523bf4981df792db9717,2021-08-08 02:07:34,2,user1,1628402854
6140fa8a6ddd3e236faf487f,4,2426fa42ee943367ac20523bf4981df792db9717,2021-08-08 02:08:01,2,user1,1628402881
6140fa8a6ddd3e236faf487e,2,2426fa42ee943367ac20523bf4981df792db9717,2021-08-08 02:09:42,2,user1,1628402982
6140fa8a6ddd3e236faf487d,3,2426fa42ee943367ac20523bf4981df792db9717,2021-08-08 02:11:20,2,user1,1628403080
6140fa8a6ddd3e236faf487c,50,2426fa42ee943367ac20523bf4981df792db9717,2021-08-08 02:14:52,2,user1,1628403292
6140fa8a6ddd3e236faf487b,0,2426fa42ee943367ac20523bf4981df792db9717,2021-08-08 02:15:05,3,user1,1628403305
6140fa8a6ddd3e236faf487a,16,2426fa42ee943367ac20523bf4981df792db9717,2021-08-08 02:15:50,2,user1,1628403350
6140f82e63da4dcd9f10e029,0,10002a31320e099689975a3d80b1522bd9fc2150,2021-08-08 12:33:10,3,user1,1628440390
6140f8a4da80acb2c1c852e5,684,a64b3398af54e394b299fd13df5c4569736eae16,2021-08-08 17:46:32,1,user1,1628459192
6140fa5058cb804b4ddf50c9,131,55c42c7bcaea31d851ba4568e6e9d187e426bb2a,2021-08-08 22:03:43,1,user1,1628474623
6140f9da509c07aa37f0a747,0,527c145e6d5d0af0d8637844fae7f8132672c5c5,2021-08-09 15:48:30,3,user1,1628538510
6140f92c1a41b443669844df,2917,55c42c7bcaea31d851ba4568e6e9d187e426bb2a,2021-08-09 17:09:07,2,user1,1628543347
6140f86ae5fe0ab65ad3cf1b,282,1c680e923f3e6075ce55680041edb0ee4294f85e,2021-08-10 12:21:20,2,user1,1628612480
6140f7f5197922ae2cdb08e2,0,4efd9ff4f1b96f605814fb9d22c61ac14e2b4a5c,2021-08-10 17:01:39,3,user1,1628629299
6140fafe10a2af5203c4400d,28,1c680e923f3e6075ce55680041edb0ee4294f85e,2021-08-10 18:36:08,2,user1,1628634968
6140fafe10a2af5203c4400c,21,1c680e923f3e6075ce55680041edb0ee4294f85e,2021-08-10 18:48:58,2,user1,1628635738
6140f80819e94a4aa64e5c2a,0,9ba13d10bc9de3837d334c4baad737394bd8142a,2021-08-12 13:59:39,3,user1,1628791179
6140fb5eb9190485291979a8,0,6f94e3f12e640234014849caed3456431828075,2021-08-12 19:32:22,3,user1,1628811142
6140fb5eb9190485291979a7,13,7dd89706a69b45895d5758adc0a7b84ece0ebde6,2021-08-12 19:39:49,1,user1,1628811589
6140fb5eb9190485291979a6,57,7dd89706a69b45895d5758adc0a7b84ece0ebde6,2021-08-12 19:42:22,1,user1,1628811742
6140f7f594f258a361be5d14,327,1c680e923f3e6075ce55680041edb0ee4294f85e,2021-08-12 21:04:39,2,user1,1628816679
6140f7f594f258a361be5d13,6,55c42c7bcaea31d851ba4568e6e9d187e426bb2a,2021-08-12 21:14:16,2,user1,1628817256
6140f7f594f258a361be5d12,0,55c42c7bcaea31d851ba4568e6e9d187e426bb2a,2021-08-12 21:24:38,3,user1,1628817878
6140f7f594f258a361be5d11,0,55c42c7bcaea31d851ba4568e6e9d187e426bb2a,2021-08-12 21:27:38,3,user1,1628818058
6140f7f594f258a361be5d10,210,55c42c7bcaea31d851ba4568e6e9d187e426bb2a,2021-08-12 21:34:21,2,user1,1628818461
6140f9a0c60cdbff392ddb4c,0,d0adc25e24d2cb448a098797d5f48912ecd79486,2021-08-13 09:34:18,3,user1,1628861658
6140f8b614c6540232c94b86,540,10002a31320e099689975a3d80b1522bd9fc2150,2021-08-13 12:30:45,2,user1,1628872245
6140fa3d77e05c8efcc715c8,483,a64b3398af54e394b299fd13df5c4569736eae16,2021-08-13 17:16:03,1,user1,1628889363
6140fa3d77e05c8efcc715c7,1369,a64b3398af54e394b299fd13df5c4569736eae16,2021-08-13 17:24:24,1,user1,1628889864
6140f9c874e6d38160f6ab46,30,1c680e923f3e6075ce55680041edb0ee4294f85e,2021-08-13 19:38:31,1,user1,1628897911
6140f9c874e6d38160f6ab45,0,1c680e923f3e6075ce55680041edb0ee4294f85e,2021-08-13 19:47:30,2,user1,1628898450
6140f9c874e6d38160f6ab44,21,1c680e923f3e6075ce55680041edb0ee4294f85e,2021-08-13 19:48:00,2,user1,1628898480
6140f808d77563d7d127cad6,24,1c680e923f3e6075ce55680041edb0ee4294f85e,2021-08-14 01:35:43,2,user1,1628919343
6140f808d77563d7d127cad7,61,1c680e923f3e6075ce55680041edb0ee4294f85e,2021-08-14 02:23:48,1,user1,1628922228
6140fac40ece6f8f52c6743b,7,1c680e923f3e6075ce55680041edb0ee4294f85e,2021-08-14 03:30:46,2,user1,1628926246
6140f7e234a77d4333329041,0,55c42c7bcaea31d851ba4568e6e9d187e426bb2a,2021-08-14 12:52:05,3,user1,1628959925
6140fb38705a4be1bf33b397,140,55c42c7bcaea31d851ba4568e6e9d187e426bb2a,2021-08-14 14:14:39,2,user1,1628964879
6140fa270b36f4b44841546b,0,10002a31320e099689975a3d80b1522bd9fc2150,2021-08-14 17:02:19,3,user1,1628974939
6140fa16f374f9a91b74ad65,25,10002a31320e099689975a3d80b1522bd9fc2150,2021-08-14 17:04:39,2,user1,1628975079
6140fa16f374f9a91b74ad64,32,10002a31320e099689975a3d80b1522bd9fc2150,2021-08-14 17:11:44,1,user1,1628975504
6140f81ab511cbb4c4962b96,477,1c680e923f3e6075ce55680041edb0ee4294f85e,2021-08-15 21:31:38,2,user1,1629077498
6140f98d2e14b7c72cfaad57,11,1c680e923f3e6075ce55680041edb0ee4294f85e,2021-08-16 21:59:31,2,user1,1629165571
6140fa8abf93f1f826411336,0,55c42c7bcaea31d851ba4568e6e9d187e426bb2a,2021-08-16 22:32:51,3,user1,1629167571
6140fa8abf93f1f826411335,0,55c42c7bcaea31d851ba4568e6e9d187e426bb2a,2021-08-16 22:33:50,3,user1,1629167630
6140fa8abf93f1f826411334,0,55c42c7bcaea31d851ba4568e6e9d187e426bb2a,2021-08-16 22:43:30,3,user1,1629168210
6140fa8abf93f1f826411333,52,55c42c7bcaea31d851ba4568e6e9d187e426bb2a,2021-08-16 22:44:06,1,user1,1629168246
6140f7e2a58163e3379813f9,133,55c42c7bcaea31d851ba4568e6e9d187e426bb2a,2021-08-17 12:42:38,1,user1,1629218558
6140fa3c9fcae17fd27a66ec,13,1c680e923f3e6075ce55680041edb0ee4294f85e,2021-08-17 18:32:58,2,user1,1629239578
6140f7f436f969ee9f1fabb0,118,6a68a0f19fa22a965d9215654e278bfa4db1bdb2,2021-08-18 11:51:40,2,user1,1629301900
6140f7f436f969ee9f1fabaf,155,55c42c7bcaea31d851ba4568e6e9d187e426bb2a,2021-08-18 11:56:26,2,user1,1629302186
6140fb5ef59fa224d8a05ad5,0,e5f62e48468a7b292761fd7a35d5c75660d769c4,2021-08-18 21:05:04,2,user1,1629335104
6140fb5ef59fa224d8a05ad4,0,e5f62e48468a7b292761fd7a35d5c75660d769c4,2021-08-18 21:05:19,2,user1,1629335119
6140fb5ef59fa224d8a05ad3,2666,e5f62e48468a7b292761fd7a35d5c75660d769c4,2021-08-18 21:05:51,2,user1,1629335151
6140fa3d56d88ac2472e7c58,19,55c42c7bcaea31d851ba4568e6e9d187e426bb2a,2021-08-20 13:13:46,2,user1,1629479626
6140fa3d56d88ac2472e7c57,33,55c42c7bcaea31d851ba4568e6e9d187e426bb2a,2021-08-20 13:26:11,2,user1,1629480371
6140fb72f05fdc9e6509c7ff,4,55c42c7bcaea31d851ba4568e6e9d187e426bb2a,2021-08-20 18:09:49,2,user1,1629497389
6140fb72f05fdc9e6509c7fe,5,55c42c7bcaea31d851ba4568e6e9d187e426bb2a,2021-08-20 18:10:28,2,user1,1629497428
6140f93fe1700b093fdd93ef,3,1c680e923f3e6075ce55680041edb0ee4294f85e,2021-08-20 22:44:45,2,user1,1629513885
6140f93fe1700b093fdd93ee,0,1c680e923f3e6075ce55680041edb0ee4294f85e,2021-08-20 22:59:08,3,user1,1629514748
6140f93fe1700b093fdd93ed,1216,1c680e923f3e6075ce55680041edb0ee4294f85e,2021-08-20 22:59:45,2,user1,1629514785
6140f88fd01f22b86d5848d8,0,a64b3398af54e394b299fd13df5c4569736eae16,2021-08-22 23:50:34,2,user1,1629690634
6140fb37dc2eaabec0f820bd,8,fda41d996b6b67c8e0972ef261cb8c2b7d17d9ae,2021-08-24 14:45:12,2,user1,1629830712
6140fb37dc2eaabec0f820bc,102,1c680e923f3e6075ce55680041edb0ee4294f85e,2021-08-24 14:45:27,2,user1,1629830727
6140fb37dc2eaabec0f820bb,219,fda41d996b6b67c8e0972ef261cb8c2b7d17d9ae,2021-08-24 14:47:27,2,user1,1629830847
6140f8cb2dfb374997f0c66b,0,c8e97aca36fc13f47be7caaebc5306f867ec92f3,2021-08-25 10:38:24,3,user1,1629902304
6140f97a18a14bf2c333297a,0,6a68a0f19fa22a965d9215654e278bfa4db1bdb2,2021-08-25 18:51:04,5,user1,1629931864
6140f97a18a14bf2c3332979,79,eaa49de6d5fcb44b60d71cddd259192985201513,2021-08-25 18:51:45,2,user1,1629931905
6140f8307f116ce79c2b00c2,0,8ce8f2ac0f99e6c95b4d25e44d76d3f43766388c,2021-08-26 12:10:38,3,user1,1629994238
6140faeba76f8f34308ae9ce,103,55c42c7bcaea31d851ba4568e6e9d187e426bb2a,2021-08-26 13:53:31,1,user1,1630000411
6140faeba76f8f34308ae9cd,0,55c42c7bcaea31d851ba4568e6e9d187e426bb2a,2021-08-26 14:14:53,3,user1,1630001693
6140faeba76f8f34308ae9cc,67,55c42c7bcaea31d851ba4568e6e9d187e426bb2a,2021-08-26 14:17:05,2,user1,1630001825
6140f92cf885ca2261c3811a,1820,39d7878c3a2800180bbe6d1605547ecf7bf54047,2021-08-26 20:00:52,2,user1,1630022452
6140f8305de97528e950b0d4,398,55c42c7bcaea31d851ba4568e6e9d187e426bb2a,2021-08-28 20:09:19,1,user1,1630195759
6140f84332db2285a7052721,1016,6a68a0f19fa22a965d9215654e278bfa4db1bdb2,2021-08-28 22:04:23,1,user1,1630202663
6140f93ff6b9daca9187d572,2,1c680e923f3e6075ce55680041edb0ee4294f85e,2021-08-29 23:30:46,2,user1,1630294246
6140f8dee9973b1f8a0a46ec,1365,1c680e923f3e6075ce55680041edb0ee4294f85e,2021-08-30 00:10:49,2,user1,1630296649
6140faebc4e5eccd21daa141,0,55c42c7bcaea31d851ba4568e6e9d187e426bb2a,2021-08-30 12:17:06,2,user1,1630340226
6140faebc4e5eccd21daa140,9,55c42c7bcaea31d851ba4568e6e9d187e426bb2a,2021-08-30 12:17:28,1,user1,1630340248
6140faebc4e5eccd21daa13f,50,8f144fa5e1dab9e81d2fccd2cb8b3da019a906b2,2021-08-30 12:28:56,2,user1,1630340936
6140fa64a4e7a38ddc6d86df,0,632672143eb1b9929bde1b5ccc65af70ddfc2beb,2021-08-30 13:30:14,3,user1,1630344614
6140f905e2b2ae3de4aa5f0b,72,8f144fa5e1dab9e81d2fccd2cb8b3da019a906b2,2021-08-30 15:32:59,2,user1,1630351979
6140f82f7ad38d236e077e2f,5,1c680e923f3e6075ce55680041edb0ee4294f85e,2021-08-30 15:40:05,2,user1,1630352405
6140fb866d2e3c5d51b1bda6,95,fda41d996b6b67c8e0972ef261cb8c2b7d17d9ae,2021-08-31 12:37:44,2,user1,1630427864
6140fb867a154cdf18eada34,49,8f144fa5e1dab9e81d2fccd2cb8b3da019a906b2,2021-08-31 15:03:22,2,user1,1630436602
6140fb867a154cdf18eada35,0,8f049e653fa7f4a5d137e2ec25b69862a483edb2,2021-08-31 16:25:16,5,user1,1630441516
6140fb85f70ab17a27033460,66,55c42c7bcaea31d851ba4568e6e9d187e426bb2a,2021-09-01 13:52:11,2,user1,1630518731
6140fb8648e9941f322a82ab,3,4ccc14d874d3c638682dded3994d5a6e0cb1a4d1,2021-09-01 15:45:52,2,user1,1630525552
6140fb8648e9941f322a82aa,31,5090ede933f5a51338c0e5174649a24a8fdaad3a,2021-09-01 15:46:28,1,user1,1630525588
6140fbc0e8b983a572de3bf4,0,7418a7f1999a1766904e6679d91ac9fff0e8acf8,2021-09-02 13:22:05,3,user1,1630603325
6140fbc0e8b983a572de3bf3,4,1c680e923f3e6075ce55680041edb0ee4294f85e,2021-09-02 13:37:19,2,user1,1630604239
6140fbc0476b266cea14225b,613,1c680e923f3e6075ce55680041edb0ee4294f85e,2021-09-02 14:13:01,1,user1,1630606381
6140fbc0476b266cea14225c,1235,2dc4d6c61585124e38b81b894180c79766e2fd06,2021-09-02 14:59:57,1,user1,1630609197
6140fbc03aaf9eb635dcce89,0,e3f58bff4b93e61019adb0f972c25e8ee26b264f,2021-09-03 10:48:25,3,user1,1630680505
6140fbbfe79a66266eb0f220,0,e3f58bff4b93e61019adb0f972c25e8ee26b264f,2021-09-03 15:07:35,3,user1,1630696055
6140fbacc6c7493277f69b37,29,34a2038fd3f94a6a7b2624731ffca2a7a48f8c99,2021-09-03 17:07:00,2,user1,1630703220
6140fb992fba83f2c89b3ce9,243,10002a31320e099689975a3d80b1522bd9fc2150,2021-09-04 05:47:39,1,user1,1630748859
6140fb99368468e85e4a57d1,0,10002a31320e099689975a3d80b1522bd9fc2150,2021-09-05 13:45:01,3,user1,1630863901
6140fbab1009eab46e0b94ee,0,10002a31320e099689975a3d80b1522bd9fc2150,2021-09-05 14:10:43,2,user1,1630865443
6140fbab1009eab46e0b94ed,145,10002a31320e099689975a3d80b1522bd9fc2150,2021-09-05 14:11:24,1,user1,1630865484
6140fbd3c7db697e7b115189,32,fda41d996b6b67c8e0972ef261cb8c2b7d17d9ae,2021-09-06 14:24:19,2,user1,1630952659
6140fbd3c7db697e7b115188,0,e3f58bff4b93e61019adb0f972c25e8ee26b264f,2021-09-06 14:25:38,2,user1,1630952738
6140fbd3c7db697e7b115187,0,e3f58bff4b93e61019adb0f972c25e8ee26b264f,2021-09-06 14:25:49,2,user1,1630952749
6140fbd3364b6b88771b97db,890,55c42c7bcaea31d851ba4568e6e9d187e426bb2a,2021-09-06 20:18:08,2,user1,1630973888
6140fbd3bee51c3253d6d4b6,102,e3f58bff4b93e61019adb0f972c25e8ee26b264f,2021-09-07 13:46:05,1,user1,1631036765
6140fbe75a1c564ddd8f87d0,292,55c42c7bcaea31d851ba4568e6e9d187e426bb2a,2021-09-08 13:23:44,2,user1,1631121824
6140fbe79356c5d86fd66158,0,a3e2b69040073403cd0c0dd746d952080c7a685b,2021-09-08 15:08:52,3,user1,1631128132
6140fbe7199b3fe264dc37ff,17,1c680e923f3e6075ce55680041edb0ee4294f85e,2021-09-08 20:05:05,1,user1,1631145905
6140fbe7199b3fe264dc37fe,24,1c680e923f3e6075ce55680041edb0ee4294f85e,2021-09-08 20:06:51,1,user1,1631146011
6140fbf6ac5fcaf2a40742e6,0,1c680e923f3e6075ce55680041edb0ee4294f85e,2021-09-08 20:45:06,2,user1,1631148306
6140fbf6ac5fcaf2a40742e5,320,47ad83d908cda19931bc77de2a182e329d25c364,2021-09-08 20:45:17,2,user1,1631148317
6140fbf6ac5fcaf2a40742e4,247,47ad83d908cda19931bc77de2a182e329d25c364,2021-09-08 21:24:16,2,user1,1631150656
6140fbf7f7b45d92b3c00e4e,23,9e9c03613e43693aee3e9c31865cb05a2295cc60,2021-09-08 21:53:10,2,user1,1631152390
6140fbf70f66ee3a3e0e0846,4,a64b3398af54e394b299fd13df5c4569736eae16,2021-09-08 23:36:02,2,user1,1631158562
6140fbf70f66ee3a3e0e0845,0,a64b3398af54e394b299fd13df5c4569736eae16,2021-09-08 23:36:22,2,user1,1631158582
61877903a4e954bdd17f2a88,18,1c680e923f3e6075ce55680041edb0ee4294f85e,2021-09-10 14:03:04,1,user1,1631296984
618778de2853ff92e7951a71,6,50943a2857f4d0ffb693f3b5cddeda73411b3d78,2021-09-10 23:05:51,2,user1,1631329551
618779044f9ce7f6e11a3fe0,17,1c680e923f3e6075ce55680041edb0ee4294f85e,2021-09-11 10:27:13,2,user1,1631370433
618779044f9ce7f6e11a3fdf,5,1c680e923f3e6075ce55680041edb0ee4294f85e,2021-09-11 10:27:45,2,user1,1631370465
618779044f9ce7f6e11a3fde,8,1c680e923f3e6075ce55680041edb0ee4294f85e,2021-09-11 10:28:26,2,user1,1631370506
618779044f9ce7f6e11a3fdd,63,1c680e923f3e6075ce55680041edb0ee4294f85e,2021-09-11 10:28:35,1,user1,1631370515
618779044f9ce7f6e11a3fdc,50,1c680e923f3e6075ce55680041edb0ee4294f85e,2021-09-11 10:33:57,1,user1,1631370837
618778f0d38f100a741e8e66,0,1c680e923f3e6075ce55680041edb0ee4294f85e,2021-09-11 11:30:55,3,user1,1631374255
618778f0d38f100a741e8e65,0,1c680e923f3e6075ce55680041edb0ee4294f85e,2021-09-11 11:31:33,3,user1,1631374293
618778f0d38f100a741e8e64,36,1c680e923f3e6075ce55680041edb0ee4294f85e,2021-09-11 11:34:02,2,user1,1631374442
618778f0426f447b81004646,20,fda41d996b6b67c8e0972ef261cb8c2b7d17d9ae,2021-09-11 12:23:02,2,user1,1631377382
618778f0426f447b81004645,0,fda41d996b6b67c8e0972ef261cb8c2b7d17d9ae,2021-09-11 12:23:56,2,user1,1631377436
61877904481fefd09bbf28e9,24,1c680e923f3e6075ce55680041edb0ee4294f85e,2021-09-11 12:46:48,2,user1,1631378808
61877904481fefd09bbf28e8,180,a64b3398af54e394b299fd13df5c4569736eae16,2021-09-11 12:50:02,2,user1,1631379002
61877904481fefd09bbf28e7,40,a64b3398af54e394b299fd13df5c4569736eae16,2021-09-11 13:04:26,1,user1,1631379866
61877904481fefd09bbf28e6,14,a64b3398af54e394b299fd13df5c4569736eae16,2021-09-11 13:09:07,1,user1,1631380147
6187797a2587df488cab6b16,258,a64b3398af54e394b299fd13df5c4569736eae16,2021-09-11 16:23:15,1,user1,1631391795
618779045d4b6bd9683f3ac3,1,a64b3398af54e394b299fd13df5c4569736eae16,2021-09-11 19:02:58,2,user1,1631401378
618779045d4b6bd9683f3ac2,20,a64b3398af54e394b299fd13df5c4569736eae16,2021-09-11 19:05:47,2,user1,1631401547
618778dd30049b665ab2fdd6,14,1c680e923f3e6075ce55680041edb0ee4294f85e,2021-09-11 20:53:35,1,user1,1631408015
618778dd30049b665ab2fdd5,58,1c680e923f3e6075ce55680041edb0ee4294f85e,2021-09-11 20:59:22,2,user1,1631408362
618779044cfc116d76a40c7f,119,a64b3398af54e394b299fd13df5c4569736eae16,2021-09-11 22:57:56,2,user1,1631415476
618778dd63597a3097c8fe3e,43,a64b3398af54e394b299fd13df5c4569736eae16,2021-09-12 00:11:40,1,user1,1631419900
618778ef4e08a74293c7e91c,72,1c680e923f3e6075ce55680041edb0ee4294f85e,2021-09-12 14:38:10,1,user1,1631471890
618778f1f2c755a84c4fc8b1,19,1c680e923f3e6075ce55680041edb0ee4294f85e,2021-09-12 14:51:59,1,user1,1631472719
618778f1251154b14cfc90ff,111,1c680e923f3e6075ce55680041edb0ee4294f85e,2021-09-12 18:36:19,2,user1,1631486179
618778f13b1d0e82a6305d97,1,a64b3398af54e394b299fd13df5c4569736eae16,2021-09-12 19:17:00,2,user1,1631488620
618778f13b1d0e82a6305d96,180,a64b3398af54e394b299fd13df5c4569736eae16,2021-09-12 19:24:13,1,user1,1631489053
61877904b73b4d5c7015aa4a,30,1c680e923f3e6075ce55680041edb0ee4294f85e,2021-09-12 21:00:37,2,user1,1631494837
618778f1ea31537fc8d30dbf,262,a64b3398af54e394b299fd13df5c4569736eae16,2021-09-13 11:08:11,2,user1,1631545691
618778f1ea31537fc8d30dbe,85,4bd8f3526cd8b59271900446abe0956b18d707c0,2021-09-13 11:17:05,2,user1,1631546225
618778f1cb8303ef438b56a9,71,a64b3398af54e394b299fd13df5c4569736eae16,2021-09-13 14:23:01,2,user1,1631557381
618778f1cb8303ef438b56a8,68,a64b3398af54e394b299fd13df5c4569736eae16,2021-09-13 14:26:49,1,user1,1631557609
61877903c125335fe7f776c9,4,6a68a0f19fa22a965d9215654e278bfa4db1bdb2,2021-09-13 17:48:05,2,user1,1631569685
61877903c125335fe7f776c8,158,55c42c7bcaea31d851ba4568e6e9d187e426bb2a,2021-09-13 17:48:50,2,user1,1631569730
61877903c125335fe7f776c7,24,6a68a0f19fa22a965d9215654e278bfa4db1bdb2,2021-09-13 18:37:27,1,user1,1631572647
618778de160f41f78987f976,0,a64b3398af54e394b299fd13df5c4569736eae16,2021-09-13 19:24:00,2,user1,1631575440
618778de160f41f78987f975,1,a64b3398af54e394b299fd13df5c4569736eae16,2021-09-13 19:37:47,2,user1,1631576267
618778efc37865d4e1ada5c7,1241,6a68a0f19fa22a965d9215654e278bfa4db1bdb2,2021-09-13 19:53:54,1,user1,1631577234
618778efc37865d4e1ada5c6,77,6a68a0f19fa22a965d9215654e278bfa4db1bdb2,2021-09-13 20:14:43,1,user1,1631578483
618778efc37865d4e1ada5c5,152,a64b3398af54e394b299fd13df5c4569736eae16,2021-09-13 20:16:08,2,user1,1631578568
618778efc37865d4e1ada5c4,483,4bd8f3526cd8b59271900446abe0956b18d707c0,2021-09-13 20:19:03,2,user1,1631578743
61877918f5fa606dd8def243,4,fbc7d4140196eb71c978d04bb5fddcf502826278,2021-09-14 13:52:21,2,user1,1631641941
61877918f5fa606dd8def242,178,fbc7d4140196eb71c978d04bb5fddcf502826278,2021-09-14 13:59:52,1,user1,1631642392
6187791739c7962073fc754c,4,6a68a0f19fa22a965d9215654e278bfa4db1bdb2,2021-09-14 15:45:16,2,user1,1631648716
61877917cf1584263a6687b6,1383,6a68a0f19fa22a965d9215654e278bfa4db1bdb2,2021-09-14 16:13:14,1,user1,1631650394
61877916798ef2f3846e73c2,15,ae1fd91cc68e13c0740f7d11c775c9d0efc74851,2021-09-14 18:59:26,1,user1,1631660366
618779179022edc3627b70f7,0,1c680e923f3e6075ce55680041edb0ee4294f85e,2021-09-14 20:44:30,3,user1,1631666670
618779174399678954256327,157,1c680e923f3e6075ce55680041edb0ee4294f85e,2021-09-14 21:19:42,2,user1,1631668782
61877918e2a29f31f4d11595,37,a64b3398af54e394b299fd13df5c4569736eae16,2021-09-15 18:04:32,1,user1,1631743472
6187792bb46c1c9e3e184d28,102,a64b3398af54e394b299fd13df5c4569736eae16,2021-09-15 23:17:06,2,user1,1631762226
6187792b5e4e2d1748079af0,15,89150c4da0e866de7ba5c98bee46849c78774923,2021-09-16 00:13:29,2,user1,1631765609
6187792b5e4e2d1748079aef,56,89150c4da0e866de7ba5c98bee46849c78774923,2021-09-16 00:13:54,2,user1,1631765634
6187792b36eed5d9f6260f46,450,a64b3398af54e394b299fd13df5c4569736eae16,2021-09-16 13:23:23,2,user1,1631813003
6187792b09a3b890652904fb,73,6a68a0f19fa22a965d9215654e278bfa4db1bdb2,2021-09-16 18:20:41,2,user1,1631830841
6187792b09a3b890652904fc,2065,6a68a0f19fa22a965d9215654e278bfa4db1bdb2,2021-09-16 19:22:50,2,user1,1631834570
6187792b010f5bb653442fc4,406,a64b3398af54e394b299fd13df5c4569736eae16,2021-09-16 22:00:39,2,user1,1631844039
6187793defe8865fada418df,0,885690cf42eb569d2d0ccbd3d79844c8cc0cb1c4,2021-09-17 12:08:42,3,user1,1631894922
6187793f8f4804a8e2536022,24,a64b3398af54e394b299fd13df5c4569736eae16,2021-09-17 14:07:30,1,user1,1631902050
6187793ffac5274d3e7964b9,72,eaa49de6d5fcb44b60d71cddd259192985201513,2021-09-17 16:07:39,2,user1,1631909259
6187793e48c938fc50c5ef25,0,64873e6c861d5657197b8f3758e33fdf224fcaf,2021-09-17 17:29:22,3,user1,1631914162
6187793e48c938fc50c5ef24,32,eaa49de6d5fcb44b60d71cddd259192985201513,2021-09-17 17:30:43,2,user1,1631914243
6187793e48c938fc50c5ef23,0,1c680e923f3e6075ce55680041edb0ee4294f85e,2021-09-17 17:31:35,3,user1,1631914295
6187793e48c938fc50c5ef22,45,1c680e923f3e6075ce55680041edb0ee4294f85e,2021-09-17 17:36:05,2,user1,1631914565
6187793e48c938fc50c5ef26,6,fbc7d4140196eb71c978d04bb5fddcf502826278,2021-09-17 19:03:36,2,user1,1631919816
6187793fff582d1485e75ea6,64,1c680e923f3e6075ce55680041edb0ee4294f85e,2021-09-17 20:16:14,1,user1,1631924174
6187793fff582d1485e75ea5,28,1c680e923f3e6075ce55680041edb0ee4294f85e,2021-09-17 20:52:22,1,user1,1631926342
6187793f1e9597dee0e6f7f8,6,fbc7d4140196eb71c978d04bb5fddcf502826278,2021-09-17 22:21:29,2,user1,1631931689
6187793f1e9597dee0e6f7f7,3,fbc7d4140196eb71c978d04bb5fddcf502826278,2021-09-17 22:25:21,2,user1,1631931921
6187793f1e9597dee0e6f7f6,0,a64b3398af54e394b299fd13df5c4569736eae16,2021-09-17 22:30:13,3,user1,1631932213
6187793f1e9597dee0e6f7f5,9,a64b3398af54e394b299fd13df5c4569736eae16,2021-09-17 22:30:35,2,user1,1631932235
6187793f1e9597dee0e6f7f4,0,a64b3398af54e394b299fd13df5c4569736eae16,2021-09-17 22:31:57,3,user1,1631932317
6187793ffc99ce4ac4224a8b,36,a64b3398af54e394b299fd13df5c4569736eae16,2021-09-17 23:53:39,2,user1,1631937219
6187793ffc99ce4ac4224a8a,49,a64b3398af54e394b299fd13df5c4569736eae16,2021-09-18 00:04:27,1,user1,1631937867
6187793ffc99ce4ac4224a89,59,a64b3398af54e394b299fd13df5c4569736eae16,2021-09-18 00:06:08,1,user1,1631937968
6187793fdb6f6fe83808ea1f,22,3ea119d62ee7c7322e37127edff76b86f20aa870,2021-09-18 01:29:45,1,user1,1631942985
6187793fdb6f6fe83808ea1e,0,3ea119d62ee7c7322e37127edff76b86f20aa870,2021-09-18 01:34:03,3,user1,1631943243
61877952efc6d29852e49669,504,55c42c7bcaea31d851ba4568e6e9d187e426bb2a,2021-09-18 17:05:34,2,user1,1631999134
618779503bdee06d3d852fdb,4,3ea119d62ee7c7322e37127edff76b86f20aa870,2021-09-18 18:04:33,2,user1,1632002673
618779503bdee06d3d852fda,2,3ea119d62ee7c7322e37127edff76b86f20aa870,2021-09-18 18:06:57,2,user1,1632002817
618779503bdee06d3d852fd9,7,3ea119d62ee7c7322e37127edff76b86f20aa870,2021-09-18 18:07:56,1,user1,1632002876
61877952c8a44de09cb285f1,0,a64b3398af54e394b299fd13df5c4569736eae16,2021-09-18 21:40:53,3,user1,1632015653
61877952a3a8a285c44f88bc,0,5a6045664a2f2cd11bc255c85d8e5da6795795c1,2021-09-18 22:50:30,2,user1,1632019830
61877952368708c03f83e09b,0,5a6045664a2f2cd11bc255c85d8e5da6795795c1,2021-09-19 00:11:05,2,user1,1632024665
61877952368708c03f83e09c,0,5a6045664a2f2cd11bc255c85d8e5da6795795c1,2021-09-19 01:00:19,3,user1,1632027619
61877952ecafbec92e071e5f,88,1c680e923f3e6075ce55680041edb0ee4294f85e,2021-09-19 11:47:04,2,user1,1632066424
61877952ecafbec92e071e60,87,6a68a0f19fa22a965d9215654e278bfa4db1bdb2,2021-09-19 12:30:04,2,user1,1632069004
618779649a3d7cb938b7948c,0,1c680e923f3e6075ce55680041edb0ee4294f85e,2021-09-19 17:27:42,3,user1,1632086862
618779649a3d7cb938b7948b,118,1c680e923f3e6075ce55680041edb0ee4294f85e,2021-09-19 17:28:24,2,user1,1632086904
618779666cb5def121009c3f,7,1c680e923f3e6075ce55680041edb0ee4294f85e,2021-09-19 18:32:22,2,user1,1632090742
61877966a44cde0d68f0b6dc,9,a64b3398af54e394b299fd13df5c4569736eae16,2021-09-19 22:47:45,2,user1,1632106065
6187796607565a23071d949f,0,3ea119d62ee7c7322e37127edff76b86f20aa870,2021-09-20 23:35:26,2,user1,1632195326
6187796607565a23071d949e,84,3ea119d62ee7c7322e37127edff76b86f20aa870,2021-09-20 23:40:19,1,user1,1632195619
618779b42261e6ba347f2579,0,a64b3398af54e394b299fd13df5c4569736eae16,2021-09-21 21:23:49,3,user1,1632273829
618779a1392c08cac2f34f7a,6,fbc7d4140196eb71c978d04bb5fddcf502826278,2021-09-22 21:19:26,2,user1,1632359966
618779a1392c08cac2f34f79,6,fbc7d4140196eb71c978d04bb5fddcf502826278,2021-09-22 21:20:14,2,user1,1632360014
618779a14d991800662cb668,2,a64b3398af54e394b299fd13df5c4569736eae16,2021-09-23 22:36:32,2,user1,1632450992
618779a14d991800662cb667,1239,a64b3398af54e394b299fd13df5c4569736eae16,2021-09-23 22:47:22,1,user1,1632451642
61877979d40314c4f9187d1d,204,a64b3398af54e394b299fd13df5c4569736eae16,2021-09-24 12:28:32,1,user1,1632500912
618779a061c7db66c49e8bbd,267,a64b3398af54e394b299fd13df5c4569736eae16,2021-09-24 16:09:42,2,user1,1632514182
61877979284b7a7ddb92c606,189,1c680e923f3e6075ce55680041edb0ee4294f85e,2021-09-24 16:15:59,2,user1,1632514559
6187798d5a9bb56b1577bb6e,50,1c680e923f3e6075ce55680041edb0ee4294f85e,2021-09-24 19:08:35,1,user1,1632524915
618779a152fec26ca23e429a,0,a64b3398af54e394b299fd13df5c4569736eae16,2021-09-24 19:20:35,1,user1,1632525635
618779a1b482741e313d8d4c,904,a64b3398af54e394b299fd13df5c4569736eae16,2021-09-24 20:58:47,1,user1,1632531527
6187798d631204f9939f4f30,76,6a68a0f19fa22a965d9215654e278bfa4db1bdb2,2021-09-24 21:26:02,2,user1,1632533162
6187798d631204f9939f4f2f,24,1c680e923f3e6075ce55680041edb0ee4294f85e,2021-09-24 22:00:26,1,user1,1632535226
6187798d631204f9939f4f2e,1,1c680e923f3e6075ce55680041edb0ee4294f85e,2021-09-24 22:06:15,1,user1,1632535575
6187798e527e193065fbfbb6,35,1c680e923f3e6075ce55680041edb0ee4294f85e,2021-09-25 00:09:57,2,user1,1632542997
618779b5bc34f005f7d80fba,0,3d29ecec7ba21c7a951ef44f7d79203ed84ba154,2021-09-25 00:57:19,3,user1,1632545839
618779b5bc34f005f7d80fb9,59,4bd8f3526cd8b59271900446abe0956b18d707c0,2021-09-25 01:04:07,1,user1,1632546247
6187797a37bb6731b9929d00,90,1c680e923f3e6075ce55680041edb0ee4294f85e,2021-09-25 01:51:19,2,user1,1632549079
6187798b78475d5b31c021d4,83,a64b3398af54e394b299fd13df5c4569736eae16,2021-09-25 02:15:29,2,user1,1632550529
618779b4818678118a32738f,162,a64b3398af54e394b299fd13df5c4569736eae16,2021-09-25 11:37:34,1,user1,1632584254
618779b5b8236c20ebc5b2a9,47,1c680e923f3e6075ce55680041edb0ee4294f85e,2021-09-25 14:53:57,1,user1,1632596037
618779b5a201d306c86330b9,65,6a68a0f19fa22a965d9215654e278bfa4db1bdb2,2021-09-25 15:05:18,1,user1,1632596718
618779b5a201d306c86330b8,0,6a68a0f19fa22a965d9215654e278bfa4db1bdb2,2021-09-25 15:06:43,3,user1,1632596803
618779b5a201d306c86330b7,0,6a68a0f19fa22a965d9215654e278bfa4db1bdb2,2021-09-25 15:10:53,2,user1,1632597053
618779b5a201d306c86330b6,153,6a68a0f19fa22a965d9215654e278bfa4db1bdb2,2021-09-25 15:10:57,2,user1,1632597057
618779b41d07390566501d3d,0,6a68a0f19fa22a965d9215654e278bfa4db1bdb2,2021-09-25 19:41:53,3,user1,1632613313
618779b41d07390566501d3c,36,a64b3398af54e394b299fd13df5c4569736eae16,2021-09-25 19:55:00,2,user1,1632614100
618779b41d07390566501d3f,41,a64b3398af54e394b299fd13df5c4569736eae16,2021-09-25 20:01:49,1,user1,1632614509
618779b41d07390566501d3e,475,6a68a0f19fa22a965d9215654e278bfa4db1bdb2,2021-09-25 20:03:10,1,user1,1632614590
618779c6fae7991ef778d1f5,927,a64b3398af54e394b299fd13df5c4569736eae16,2021-09-26 14:05:24,1,user1,1632679524
618779c83a1a95ba2c07f527,4,a64b3398af54e394b299fd13df5c4569736eae16,2021-09-26 20:38:08,2,user1,1632703088
618779c88b013376785d4df6,0,1699ddfe6c9b7826dfa3b90022e052f10cb9c258,2021-09-27 11:23:18,2,user1,1632756198
618779c84661e266d1319d7a,0,a64b3398af54e394b299fd13df5c4569736eae16,2021-09-27 15:18:13,3,user1,1632770293
618779dbd16ef92607b7095c,0,a34150a5d5abde56495389875b9f5b89eb9b6e7c,2021-09-27 17:18:07,3,user1,1632777487
618779dba2ff81e3e92ec45f,374,a64b3398af54e394b299fd13df5c4569736eae16,2021-09-27 18:16:50,2,user1,1632781010
618779daad183defaa16b09c,849,a64b3398af54e394b299fd13df5c4569736eae16,2021-09-27 22:57:58,2,user1,1632797878
618779db024579a9b3fa4b1b,125,fda41d996b6b67c8e0972ef261cb8c2b7d17d9ae,2021-09-28 12:23:59,2,user1,1632846239
618779dc601316efd7c315a6,11,49cd391c9119b764866b5b3317f772c22638f574,2021-09-29 01:05:28,1,user1,1632891928
618779ed0bde659e46c60c72,30,89150c4da0e866de7ba5c98bee46849c78774923,2021-09-29 19:04:25,2,user1,1632956665
618779ef5616ba0808526c88,0,7e7403d3038c1eb16e07e402b12245034f1f07e9,2021-09-29 21:10:14,3,user1,1632964214
618779ef3c18c42db664f3a7,40,a64b3398af54e394b299fd13df5c4569736eae16,2021-09-29 22:13:38,2,user1,1632968018
618779ef3c18c42db664f3a6,64,a64b3398af54e394b299fd13df5c4569736eae16,2021-09-29 22:14:37,1,user1,1632968077
61877a02bee061efd21722df,0,a64b3398af54e394b299fd13df5c4569736eae16,2021-09-30 18:30:11,2,user1,1633041011
61877a03cf276fc268df783f,0,55c42c7bcaea31d851ba4568e6e9d187e426bb2a,2021-09-30 21:56:16,3,user1,1633053376
61877a0256d61c166baf4275,123,1c680e923f3e6075ce55680041edb0ee4294f85e,2021-09-30 23:33:49,1,user1,1633059229
61877a035203b8a95d30e1d3,82,4bd8f3526cd8b59271900446abe0956b18d707c0,2021-10-01 15:46:45,1,user1,1633117605
61877a037876e86b2cf682c6,0,a64b3398af54e394b299fd13df5c4569736eae16,2021-10-01 16:32:04,2,user1,1633120324
61877a037876e86b2cf682c5,21,4bd8f3526cd8b59271900446abe0956b18d707c0,2021-10-01 17:11:27,2,user1,1633122687
61877a165d4526439b9e8df4,0,77fcd7470aa65b6be2e427b45785896018eb549f,2021-10-01 17:47:04,3,user1,1633124824
61877a150dbe097318718de6,7,6a68a0f19fa22a965d9215654e278bfa4db1bdb2,2021-10-01 22:02:04,1,user1,1633140124
61877a150dbe097318718de5,134,6a68a0f19fa22a965d9215654e278bfa4db1bdb2,2021-10-01 22:02:24,1,user1,1633140144
61877a1695b8be481db86db6,49,a64b3398af54e394b299fd13df5c4569736eae16,2021-10-01 23:45:46,2,user1,1633146346
61877a1695b8be481db86db5,9,a64b3398af54e394b299fd13df5c4569736eae16,2021-10-01 23:58:14,2,user1,1633147094
61877a1695b8be481db86dbc,2,a64b3398af54e394b299fd13df5c4569736eae16,2021-10-02 00:34:24,2,user1,1633149264
61877a1695b8be481db86dbb,0,a64b3398af54e394b299fd13df5c4569736eae16,2021-10-02 00:37:49,3,user1,1633149469
61877a1695b8be481db86dba,2,3ea119d62ee7c7322e37127edff76b86f20aa870,2021-10-02 00:43:26,2,user1,1633149806
61877a1695b8be481db86db9,0,a64b3398af54e394b299fd13df5c4569736eae16,2021-10-02 00:43:50,3,user1,1633149830
61877a1695b8be481db86db8,0,3ea119d62ee7c7322e37127edff76b86f20aa870,2021-10-02 00:45:28,3,user1,1633149928
61877a1695b8be481db86db7,189,a64b3398af54e394b299fd13df5c4569736eae16,2021-10-02 00:48:21,2,user1,1633150101
61877a1635de9882136f30ad,129,1c680e923f3e6075ce55680041edb0ee4294f85e,2021-10-02 11:52:03,2,user1,1633189923
61877a1635de9882136f30ac,834,1c680e923f3e6075ce55680041edb0ee4294f85e,2021-10-02 11:54:26,1,user1,1633190066
61877a16c10b5c6332f6f8fc,207,a64b3398af54e394b299fd13df5c4569736eae16,2021-10-02 18:13:26,2,user1,1633212806
61877a1619e628d0931598c0,79,a64b3398af54e394b299fd13df5c4569736eae16,2021-10-02 20:23:55,2,user1,1633220635
61877a1619e628d0931598bf,0,bbddf36c7414c3399c0341389bf2fca052268a5f,2021-10-02 20:26:55,2,user1,1633220815
61877a15565e47be69dfc36a,11,bbddf36c7414c3399c0341389bf2fca052268a5f,2021-10-02 21:21:02,2,user1,1633224062
61877a15565e47be69dfc369,40,bbddf36c7414c3399c0341389bf2fca052268a5f,2021-10-02 21:22:05,1,user1,1633224125
61877a1609d37afc54b09a5a,105,eaa49de6d5fcb44b60d71cddd259192985201513,2021-10-03 00:19:52,2,user1,1633234792
61877a2a9a31d40d2be2097c,522,1c680e923f3e6075ce55680041edb0ee4294f85e,2021-10-03 11:55:52,1,user1,1633276552
61877a2a9a31d40d2be2097f,1,a64b3398af54e394b299fd13df5c4569736eae16,2021-10-03 12:43:56,2,user1,1633279436
61877a2a9a31d40d2be2097e,114,a64b3398af54e394b299fd13df5c4569736eae16,2021-10-03 12:44:35,1,user1,1633279475
61877a2a9a31d40d2be2097d,8,a64b3398af54e394b299fd13df5c4569736eae16,2021-10-03 13:27:07,1,user1,1633282027
61877a2a4bc9899f79553ab7,224,1c680e923f3e6075ce55680041edb0ee4294f85e,2021-10-04 00:53:18,2,user1,1633323198
61877a3d72596d1a1d3b92f6,20,a64b3398af54e394b299fd13df5c4569736eae16,2021-10-04 22:03:40,2,user1,1633399420
61877a3decce9d3293ffdb1c,709,a64b3398af54e394b299fd13df5c4569736eae16,2021-10-05 00:02:04,2,user1,1633406524
61877a3e1e1381071ed2bc26,134,a64b3398af54e394b299fd13df5c4569736eae16,2021-10-05 16:21:20,2,user1,1633465280
61877a5148d13c8e2d892ef4,125,a64b3398af54e394b299fd13df5c4569736eae16,2021-10-05 23:00:00,2,user1,1633489200
61877a63689d6f99f4583cbe,0,1c680e923f3e6075ce55680041edb0ee4294f85e,2021-10-07 23:18:41,3,user1,1633663121
61877a63689d6f99f4583cbd,0,1c680e923f3e6075ce55680041edb0ee4294f85e,2021-10-07 23:27:55,2,user1,1633663675
61877a63689d6f99f4583cbf,1922,1c680e923f3e6075ce55680041edb0ee4294f85e,2021-10-07 23:30:02,2,user1,1633663802
61877a78fd728d323661b690,69,1c680e923f3e6075ce55680041edb0ee4294f85e,2021-10-08 19:51:14,1,user1,1633737074
61877a78fd728d323661b68f,38,a64b3398af54e394b299fd13df5c4569736eae16,2021-10-08 20:20:30,2,user1,1633738830
61877a770243fa2bee8a7010,35,a64b3398af54e394b299fd13df5c4569736eae16,2021-10-08 21:46:22,2,user1,1633743982
61877a770243fa2bee8a700f,12,a64b3398af54e394b299fd13df5c4569736eae16,2021-10-08 21:54:22,1,user1,1633744462
61877a770243fa2bee8a700e,31,1c680e923f3e6075ce55680041edb0ee4294f85e,2021-10-08 22:11:58,2,user1,1633745518
61877a787f39b4010de9d6d3,4,3ea119d62ee7c7322e37127edff76b86f20aa870,2021-10-09 01:21:51,2,user1,1633756911
61877a783ce98b056dfda64d,0,6a68a0f19fa22a965d9215654e278bfa4db1bdb2,2021-10-09 10:21:22,3,user1,1633789282
61877a788a5b40ab0b8eded6,9,1c680e923f3e6075ce55680041edb0ee4294f85e,2021-10-09 12:33:05,1,user1,1633797185
61877a788a5b40ab0b8eded5,17,a64b3398af54e394b299fd13df5c4569736eae16,2021-10-09 12:33:39,2,user1,1633797219
61877a788a5b40ab0b8eded4,23,1c680e923f3e6075ce55680041edb0ee4294f85e,2021-10-09 12:45:47,1,user1,1633797947
61877a788a5b40ab0b8eded3,47,1c680e923f3e6075ce55680041edb0ee4294f85e,2021-10-09 13:24:01,2,user1,1633800241
61877a78126f0c11a40c14a7,27,1c680e923f3e6075ce55680041edb0ee4294f85e,2021-10-09 13:30:58,2,user1,1633800658
61877a78126f0c11a40c14a6,23,a64b3398af54e394b299fd13df5c4569736eae16,2021-10-09 13:36:01,1,user1,1633800961
61877a78126f0c11a40c14a5,11,1c680e923f3e6075ce55680041edb0ee4294f85e,2021-10-09 13:38:52,1,user1,1633801132
61877a78126f0c11a40c14a4,2,a64b3398af54e394b299fd13df5c4569736eae16,2021-10-09 13:41:55,2,user1,1633801315
61877a78126f0c11a40c14a3,47,a64b3398af54e394b299fd13df5c4569736eae16,2021-10-09 13:42:58,1,user1,1633801378
61877a78126f0c11a40c14a2,19,a64b3398af54e394b299fd13df5c4569736eae16,2021-10-09 13:46:04,2,user1,1633801564
61877a7844450c87e86e53ba,32,a64b3398af54e394b299fd13df5c4569736eae16,2021-10-09 18:50:01,1,user1,1633819801
61877a784bd459aebb154503,297,1c680e923f3e6075ce55680041edb0ee4294f85e,2021-10-09 19:30:07,1,user1,1633822207
61877a784bd459aebb154502,42,a64b3398af54e394b299fd13df5c4569736eae16,2021-10-09 19:35:33,2,user1,1633822533
61877a8bb164d54c78ac0d56,374,1c680e923f3e6075ce55680041edb0ee4294f85e,2021-10-09 22:33:56,1,user1,1633833236
61877a8bc96be0be9656573d,0,a64b3398af54e394b299fd13df5c4569736eae16,2021-10-10 11:17:08,2,user1,1633879028
61877a8bc96be0be9656573c,135,a64b3398af54e394b299fd13df5c4569736eae16,2021-10-10 11:17:27,1,user1,1633879047
61877a8920f47015b994401f,0,53eff0258c2c46a666de1323715500f4cbd2bcb,2021-10-10 13:38:07,3,user1,1633887487
61877a8ca629cbe8912d34bd,5,a64b3398af54e394b299fd13df5c4569736eae16,2021-10-10 17:06:36,2,user1,1633899996
61877a8ca629cbe8912d34bc,71,a64b3398af54e394b299fd13df5c4569736eae16,2021-10-10 17:16:21,1,user1,1633900581
61877a8b9bbc90d2c7056b07,33,a64b3398af54e394b299fd13df5c4569736eae16,2021-10-10 22:10:22,1,user1,1633918222
61877a8c333a786b882466a7,0,1c680e923f3e6075ce55680041edb0ee4294f85e,2021-10-11 02:46:51,3,user1,1633934811
61877a8cc86b77e4e80c6014,0,c9ce705f0e466579246ae08f54eb5beea3fd9d1,2021-10-11 09:14:53,3,user1,1633958093
61877a9febd2570b7d22019d,0,4bd8f3526cd8b59271900446abe0956b18d707c0,2021-10-11 18:04:19,1,user1,1633989859
61877a9febd2570b7d22019e,72,a64b3398af54e394b299fd13df5c4569736eae16,2021-10-11 19:24:36,1,user1,1633994676
61877a9e0b115e8933cae362,24,1c680e923f3e6075ce55680041edb0ee4294f85e,2021-10-11 20:10:26,2,user1,1633997426
61877a9e0b115e8933cae361,524,1c680e923f3e6075ce55680041edb0ee4294f85e,2021-10-11 20:12:29,1,user1,1633997549
61877ab1e1ab447ba571b419,12,3ea119d62ee7c7322e37127edff76b86f20aa870,2021-10-13 01:08:41,1,user1,1634101721
61877ab1e1ab447ba571b418,0,3006ec651e1d2df9fee2672f1f287693417e76d3,2021-10-13 01:11:17,3,user1,1634101877
61877ab3b0f6d5131e79e050,0,f93d0cb699f95109a3c1f5d50f3390e71ce8036b,2021-10-13 12:11:34,3,user1,1634141494
61877ab2835714f32a441c51,0,a64b3398af54e394b299fd13df5c4569736eae16,2021-10-13 21:34:38,2,user1,1634175278
61877ac6ed27168ab75c1335,0,3ea119d62ee7c7322e37127edff76b86f20aa870,2021-10-14 02:32:02,3,user1,1634193122
61877ac6ed27168ab75c1334,38,3ea119d62ee7c7322e37127edff76b86f20aa870,2021-10-14 02:32:19,1,user1,1634193139
61877ac5033e0ec9f17e30b3,0,f7480ecdaeede8f0bc7a53550043ea0922944219,2021-10-14 11:06:49,3,user1,1634224009
61877ac6fcd9df1ccf6e666a,16,a64b3398af54e394b299fd13df5c4569736eae16,2021-10-14 13:29:08,1,user1,1634232548
61877ac6b4024a12c46b8ac2,0,a64b3398af54e394b299fd13df5c4569736eae16,2021-10-14 15:12:44,2,user1,1634238764
61877ac6b4024a12c46b8ac1,0,a64b3398af54e394b299fd13df5c4569736eae16,2021-10-14 15:13:17,2,user1,1634238797
61877ac6b4024a12c46b8ac0,37,a64b3398af54e394b299fd13df5c4569736eae16,2021-10-14 15:14:28,1,user1,1634238868
61877ac6e9ee7e7de68cc1c1,20,89150c4da0e866de7ba5c98bee46849c78774923,2021-10-14 22:49:50,2,user1,1634266190
61877ac65cb1bfdf77170542,5,3ea119d62ee7c7322e37127edff76b86f20aa870,2021-10-15 00:03:18,1,user1,1634270598
61877ac68f83c2d6d0076654,0,509dbcb64195f3aa0dc2b0ec28fe7d1823366b47,2021-10-15 09:22:25,3,user1,1634304145
61877ad9a8af680f615f0f5a,0,1c680e923f3e6075ce55680041edb0ee4294f85e,2021-10-15 17:33:52,2,user1,1634333632
61877ad9a8af680f615f0f59,550,1c680e923f3e6075ce55680041edb0ee4294f85e,2021-10-15 17:35:53,1,user1,1634333753
61877ada2e025c8ac73d21a7,17,5c2f8a520dbaf986c9be31d7348d17a637314620,2021-10-15 19:15:25,2,user1,1634339725
61877ada930d72d96aec1eba,34,1c680e923f3e6075ce55680041edb0ee4294f85e,2021-10-16 15:07:05,1,user1,1634411225
61877ada930d72d96aec1eb9,36,1c680e923f3e6075ce55680041edb0ee4294f85e,2021-10-16 15:13:46,1,user1,1634411626
61877ada930d72d96aec1eb8,35,1c680e923f3e6075ce55680041edb0ee4294f85e,2021-10-16 15:15:14,1,user1,1634411714
61877ad9113845c3c3fa0c22,0,a64b3398af54e394b299fd13df5c4569736eae16,2021-10-16 21:01:40,3,user1,1634432500
61877ad9113845c3c3fa0c21,92,a64b3398af54e394b299fd13df5c4569736eae16,2021-10-16 21:04:23,2,user1,1634432663
61877aec0e99aa8ff6bbf187,2,a64b3398af54e394b299fd13df5c4569736eae16,2021-10-17 00:06:31,2,user1,1634443591
61877aec0e99aa8ff6bbf186,40,a64b3398af54e394b299fd13df5c4569736eae16,2021-10-17 00:11:02,1,user1,1634443862
61877aed300a054ef5cc0798,0,8d27569132338b840f159c17ff22e14f05836c50,2021-10-17 11:14:59,3,user1,1634483699
61877aed2fdac8dc1a5e8831,927,a64b3398af54e394b299fd13df5c4569736eae16,2021-10-17 17:33:58,1,user1,1634506438
61877aed9ce309f2d38b1d57,1097,6a68a0f19fa22a965d9215654e278bfa4db1bdb2,2021-10-17 19:52:39,1,user1,1634514759
61877b13d4d4784195a5d84c,294,a64b3398af54e394b299fd13df5c4569736eae16,2021-10-19 22:13:00,2,user1,1634695980
61877b15fe5072c9a48e6fb9,0,e80f5539698cf339e9fc704ac574a6d546660d0,2021-10-20 12:19:31,3,user1,1634746771
61877b152ba56ead89c45423,43,1c680e923f3e6075ce55680041edb0ee4294f85e,2021-10-20 21:10:59,2,user1,1634778659
61877b150189be198405c792,0,a64b3398af54e394b299fd13df5c4569736eae16,2021-10-21 02:02:54,2,user1,1634796174
61877b150189be198405c791,567,a64b3398af54e394b299fd13df5c4569736eae16,2021-10-21 02:09:05,1,user1,1634796545
61877b287f3b576640ad6888,0,bd3bab02559c98666c875bbc40a4e48a67cc52a4,2021-10-21 17:59:14,3,user1,1634853554
61877b261bb9917e12e5a7b0,0,1c680e923f3e6075ce55680041edb0ee4294f85e,2021-10-21 21:09:44,3,user1,1634864984
61877b261bb9917e12e5a7af,347,1c680e923f3e6075ce55680041edb0ee4294f85e,2021-10-21 21:18:56,2,user1,1634865536
61877b28dc5511a64e3ad2ea,0,cd2ccb699e321e74721cbac60c7332e369228cf5,2021-10-22 12:01:06,3,user1,1634918466
61877b28265589124e15c359,144,1c680e923f3e6075ce55680041edb0ee4294f85e,2021-10-22 18:06:06,1,user1,1634940366
61877b28265589124e15c35f,0,6a68a0f19fa22a965d9215654e278bfa4db1bdb2,2021-10-22 19:46:15,3,user1,1634946375
61877b28265589124e15c35e,14,1c680e923f3e6075ce55680041edb0ee4294f85e,2021-10-22 19:54:05,2,user1,1634946845
61877b28265589124e15c35d,192,6a68a0f19fa22a965d9215654e278bfa4db1bdb2,2021-10-22 19:54:43,2,user1,1634946883
61877b28265589124e15c35c,3,f51181e35f1fc81dc40512c47bd88921881edb72,2021-10-22 20:20:52,2,user1,1634948452
61877b28265589124e15c35b,8,f51181e35f1fc81dc40512c47bd88921881edb72,2021-10-22 20:21:02,2,user1,1634948462
61877b28265589124e15c35a,0,f51181e35f1fc81dc40512c47bd88921881edb72,2021-10-22 20:24:11,3,user1,1634948651
61877b3b19a6b3d7c0332be5,73,a64b3398af54e394b299fd13df5c4569736eae16,2021-10-22 21:08:53,1,user1,1634951333
61877b3cc9df2f2fa1c07381,1,3ea119d62ee7c7322e37127edff76b86f20aa870,2021-10-22 23:52:25,2,user1,1634961145
61877b3a17cdb8811b3c3ce3,64,1c680e923f3e6075ce55680041edb0ee4294f85e,2021-10-23 01:03:39,2,user1,1634965419
61877b3a17cdb8811b3c3ce2,95,1c680e923f3e6075ce55680041edb0ee4294f85e,2021-10-23 01:06:43,2,user1,1634965603
61877b3ce7ccfa3d77fc235b,125,1c680e923f3e6075ce55680041edb0ee4294f85e,2021-10-23 17:31:44,1,user1,1635024704
61877b3b41b89e7013d74c31,8,a64b3398af54e394b299fd13df5c4569736eae16,2021-10-23 20:09:07,1,user1,1635034147
61cb5a0d646a8a76c54a28c9,112,a64b3398af54e394b299fd13df5c4569736eae16,2021-10-24 00:14:30,2,user1,1635048870
61cb59e48b76850ed935e604,916,a64b3398af54e394b299fd13df5c4569736eae16,2021-10-24 01:41:16,1,user1,1635054076
61cb5995f43a1f56118d8811,0,1aa8546854df763a647aa5a8b6aa8868041e5bc5,2021-10-25 09:16:10,3,user1,1635167770
61cb59fad2db36fb9864edcb,0,3ea119d62ee7c7322e37127edff76b86f20aa870,2021-10-25 23:33:43,3,user1,1635219223
61877b5f2c4b2026d013ed2c,57,1c680e923f3e6075ce55680041edb0ee4294f85e,2021-10-26 17:28:31,2,user1,1635283711
61877b5f9005469485077521,0,d805247058170c2383a36a111157f53c4d9e9301,2021-10-27 18:18:16,3,user1,1635373096
61877b4f4db579676cc6956f,16,89150c4da0e866de7ba5c98bee46849c78774923,2021-10-27 19:06:08,1,user1,1635375968
61cb59fa6c7f9ef8e11f9fe7,1652,a64b3398af54e394b299fd13df5c4569736eae16,2021-10-27 21:37:56,2,user1,1635385076
61877b6012cd1b83fa789645,31,eaa49de6d5fcb44b60d71cddd259192985201513,2021-10-28 03:00:24,2,user1,1635404424
61cb59d0a52e25be2972b140,0,bd238ef3023806a5ef800c599d34b37e93efbd54,2021-10-28 15:27:42,3,user1,1635449262
61cb59d0a52e25be2972b13f,0,19644ea4760fa313eaa4ee3d9bfa5129f54b969a,2021-10-28 15:43:58,3,user1,1635450238
61877b4f481a5a8e25649e1e,527,a64b3398af54e394b299fd13df5c4569736eae16,2021-10-29 01:23:51,2,user1,1635485031
61cb5a224c0da97e62178e75,8,32d2c6eb9ec8fea602b19b5b465e0ae6803cf7c0,2021-10-29 04:39:49,2,user1,1635496789
61cb5a224c0da97e62178e74,9,32d2c6eb9ec8fea602b19b5b465e0ae6803cf7c0,2021-10-29 04:40:02,2,user1,1635496802
61cb5a224c0da97e62178e73,131,32d2c6eb9ec8fea602b19b5b465e0ae6803cf7c0,2021-10-29 04:41:07,1,user1,1635496867
61877b4f2857525afc684cc8,0,2c97a79da4f94ebcd4a83c7a7f8682f239dc9647,2021-10-29 12:30:50,3,user1,1635525050
61cb5a0c1b4d4305baa89ce8,0,a64b3398af54e394b299fd13df5c4569736eae16,2021-10-29 15:20:38,2,user1,1635535238
61cb595899a8deb0f4f0d6f6,0,c7edf02a0f76b3e17a0414c782e27f49bfae2b89,2021-10-29 17:16:23,3,user1,1635542183
61cb595899a8deb0f4f0d6f7,489,a64b3398af54e394b299fd13df5c4569736eae16,2021-10-29 18:04:07,2,user1,1635545047
61877b4ecece5a5e2823fb63,11,bbddf36c7414c3399c0341389bf2fca052268a5f,2021-10-29 20:16:50,1,user1,1635553010
61cb59beadf2e031987f52ae,2,a64b3398af54e394b299fd13df5c4569736eae16,2021-10-29 21:12:05,2,user1,1635556325
61cb59beadf2e031987f52ad,265,a64b3398af54e394b299fd13df5c4569736eae16,2021-10-29 21:14:46,1,user1,1635556486
61cb59beadf2e031987f52b1,617,6a68a0f19fa22a965d9215654e278bfa4db1bdb2,2021-10-29 22:14:40,1,user1,1635560080
61cb59beadf2e031987f52b0,17,49cd391c9119b764866b5b3317f772c22638f574,2021-10-29 22:24:18,1,user1,1635560658
61cb59beadf2e031987f52af,967,6a68a0f19fa22a965d9215654e278bfa4db1bdb2,2021-10-29 22:25:05,2,user1,1635560705
61cb591d865df2ec75f7a702,74,a64b3398af54e394b299fd13df5c4569736eae16,2021-10-30 12:12:06,2,user1,1635610326
61cb595920d174ea8ac2b0ef,114,1c680e923f3e6075ce55680041edb0ee4294f85e,2021-10-30 16:50:26,1,user1,1635627026
61cb591cd2af9a2d1fe332f7,117,a64b3398af54e394b299fd13df5c4569736eae16,2021-10-30 17:45:44,1,user1,1635630344
61cb591cd2af9a2d1fe332f5,3,1c680e923f3e6075ce55680041edb0ee4294f85e,2021-10-30 18:25:08,1,user1,1635632708
61cb59450020f4e8ac471ca9,56,fbc7d4140196eb71c978d04bb5fddcf502826278,2021-10-30 18:28:18,1,user1,1635632898
61cb5994f0cc7217d460c25b,61,a64b3398af54e394b299fd13df5c4569736eae16,2021-10-30 20:08:54,1,user1,1635638934
61cb591d07a05c39e3044490,62,a64b3398af54e394b299fd13df5c4569736eae16,2021-10-30 20:47:03,2,user1,1635641223
61cb591d07a05c39e304448f,2,ec86cd2fc5a6db737ac1e63473ba3456251e6d43,2021-10-30 20:48:27,2,user1,1635641307
61cb591d07a05c39e304448e,27,ec86cd2fc5a6db737ac1e63473ba3456251e6d43,2021-10-30 20:48:39,2,user1,1635641319
61cb591d07a05c39e304448d,4,ec86cd2fc5a6db737ac1e63473ba3456251e6d43,2021-10-30 20:55:24,2,user1,1635641724
61cb5945721a640ceb6c43ad,88,fbc7d4140196eb71c978d04bb5fddcf502826278,2021-10-30 23:50:23,1,user1,1635652223
61cb5932352188a90a3123b3,0,3ea119d62ee7c7322e37127edff76b86f20aa870,2021-10-31 01:40:50,3,user1,1635658850
61cb58f66e2b95ef7bb8ce24,0,1c680e923f3e6075ce55680041edb0ee4294f85e,2021-10-31 03:31:02,2,user1,1635665462
61cb58f66e2b95ef7bb8ce23,2,3ea119d62ee7c7322e37127edff76b86f20aa870,2021-10-31 03:42:35,2,user1,1635666155
61cb58f66e2b95ef7bb8ce22,35,3ea119d62ee7c7322e37127edff76b86f20aa870,2021-10-31 03:43:07,1,user1,1635666187
61cb58f6d54b4151c112eab0,358,1c680e923f3e6075ce55680041edb0ee4294f85e,2021-10-31 11:30:37,2,user1,1635694237
61cb59f9727808f4a68d430b,1,a64b3398af54e394b299fd13df5c4569736eae16,2021-10-31 12:37:23,2,user1,1635698243
61cb5945c57e2f57b1df292b,228,a64b3398af54e394b299fd13df5c4569736eae16,2021-11-01 11:33:00,1,user1,1635780780
61cb58f52a52dc08c939b71c,0,c8c52fcff7f107d1e92e829955e1d984c4dad737,2021-11-01 17:09:20,3,user1,1635800960
61cb58f5b72a3df699553aa4,431,fbc7d4140196eb71c978d04bb5fddcf502826278,2021-11-02 00:29:05,2,user1,1635827345
61cb598117270145c9af7292,0,26991f9135d5813378f6a5d4d33b8ed1b872796c,2021-11-02 16:08:57,3,user1,1635883737
61cb5945b54cc806618989ea,2,a64b3398af54e394b299fd13df5c4569736eae16,2021-11-02 21:33:03,2,user1,1635903183
61cb5a0e7760f94845be4a29,0,3d4f27605cde50ecb2243bf37a8c3935f21e126b,2021-11-03 10:06:34,3,user1,1635948394
61cb598098d18889ba93937f,0,f93d0cb699f95109a3c1f5d50f3390e71ce8036b,2021-11-03 11:35:22,3,user1,1635953722
61cb591d1edb46afce256d5b,62,a64b3398af54e394b299fd13df5c4569736eae16,2021-11-03 12:42:53,2,user1,1635957773
61cb59319f722120108f583b,37,a64b3398af54e394b299fd13df5c4569736eae16,2021-11-03 17:52:12,1,user1,1635976332
61cb590995f0a6c4f9d4f033,6,a64b3398af54e394b299fd13df5c4569736eae16,2021-11-03 21:51:58,2,user1,1635990718
61cb590995f0a6c4f9d4f032,67,a64b3398af54e394b299fd13df5c4569736eae16,2021-11-03 21:53:26,1,user1,1635990806
61cb59814b0e2f77d12b1191,0,3ea119d62ee7c7322e37127edff76b86f20aa870,2021-11-04 01:08:31,3,user1,1636002511
61cb59814b0e2f77d12b1193,2,3ea119d62ee7c7322e37127edff76b86f20aa870,2021-11-04 01:37:59,2,user1,1636004279
61cb59814b0e2f77d12b1192,156,3ea119d62ee7c7322e37127edff76b86f20aa870,2021-11-04 01:38:32,1,user1,1636004312
61cb5909d4b4354b988677bd,0,1a712a033c9a68bc2e1bcf572bb658328eabd311,2021-11-04 09:57:29,3,user1,1636034249
61cb59a9c368d87725403b2d,0,a64b3398af54e394b299fd13df5c4569736eae16,2021-11-04 15:19:09,2,user1,1636053549
61cb59818b42dc15357919af,237,a64b3398af54e394b299fd13df5c4569736eae16,2021-11-04 18:52:53,2,user1,1636066373
61cb593139fb53cacf38a097,0,3ea119d62ee7c7322e37127edff76b86f20aa870,2021-11-05 01:00:11,3,user1,1636088411
61cb593139fb53cacf38a096,0,3ea119d62ee7c7322e37127edff76b86f20aa870,2021-11-05 01:00:54,3,user1,1636088454
61cb593139fb53cacf38a095,13,3ea119d62ee7c7322e37127edff76b86f20aa870,2021-11-05 01:24:07,2,user1,1636089847
61cb59f91c874d45a25022f7,7,1c680e923f3e6075ce55680041edb0ee4294f85e,2021-11-05 12:15:34,2,user1,1636128934
61cb59f91c874d45a25022f6,155,1c680e923f3e6075ce55680041edb0ee4294f85e,2021-11-05 12:15:58,1,user1,1636128958
61cb59592c3dfe9e821d7db3,12,1c680e923f3e6075ce55680041edb0ee4294f85e,2021-11-05 19:16:12,2,user1,1636154172
61cb59592c3dfe9e821d7db2,0,1c680e923f3e6075ce55680041edb0ee4294f85e,2021-11-05 19:17:49,3,user1,1636154269
61cb59592c3dfe9e821d7db1,27,1c680e923f3e6075ce55680041edb0ee4294f85e,2021-11-05 19:22:38,2,user1,1636154558
61cb59bdffb17bd9ab12856c,0,6a68a0f19fa22a965d9215654e278bfa4db1bdb2,2021-11-05 23:43:34,3,user1,1636170214
61cb59bdffb17bd9ab12856b,36,3ea119d62ee7c7322e37127edff76b86f20aa870,2021-11-06 00:14:33,1,user1,1636172073
61cb58f433ffdab44d1ab8aa,133,1c680e923f3e6075ce55680041edb0ee4294f85e,2021-11-06 10:52:07,2,user1,1636210327
61cb5a200d8cc4bc130cb9bb,0,1699ddfe6c9b7826dfa3b90022e052f10cb9c258,2021-11-06 12:02:41,3,user1,1636214561
61cb5a200d8cc4bc130cb9bc,2,1699ddfe6c9b7826dfa3b90022e052f10cb9c258,2021-11-06 13:19:38,2,user1,1636219178
61cb5931612da1cd814301d1,25,1c680e923f3e6075ce55680041edb0ee4294f85e,2021-11-06 13:45:59,2,user1,1636220759
61cb5931f8904c1b21e01ef6,0,6a68a0f19fa22a965d9215654e278bfa4db1bdb2,2021-11-06 19:17:14,3,user1,1636240634
61cb59d2263a52d41ef7ea07,0,6a68a0f19fa22a965d9215654e278bfa4db1bdb2,2021-11-06 21:27:45,3,user1,1636248465
61cb59d2263a52d41ef7ea06,299,6a68a0f19fa22a965d9215654e278bfa4db1bdb2,2021-11-06 21:30:59,2,user1,1636248659
61cb59f9a9c8928ae2671e50,77,1c680e923f3e6075ce55680041edb0ee4294f85e,2021-11-07 11:58:05,1,user1,1636304285
61cb59f9a9c8928ae2671e51,22,1c680e923f3e6075ce55680041edb0ee4294f85e,2021-11-07 13:08:49,1,user1,1636308529
61cb59e573c678e26a788a61,1,1699ddfe6c9b7826dfa3b90022e052f10cb9c258,2021-11-07 18:06:01,2,user1,1636326361
61cb5931439663be4269e6cc,54,1c680e923f3e6075ce55680041edb0ee4294f85e,2021-11-07 18:47:33,2,user1,1636328853
61cb5931439663be4269e6cb,10,1c680e923f3e6075ce55680041edb0ee4294f85e,2021-11-07 18:55:53,1,user1,1636329353
61cb59450c273add681e8e83,11,a64b3398af54e394b299fd13df5c4569736eae16,2021-11-07 22:08:42,2,user1,1636340922
61cb5959f42601f1dc4e0b95,0,2b9c58baeee22da82022f1945dd89a555e03a3c1,2021-11-08 15:00:28,3,user1,1636401628
61cb59be27cc57d5b8f5a59c,116,a64b3398af54e394b299fd13df5c4569736eae16,2021-11-08 19:14:39,2,user1,1636416879
61cb59d20a94691e13217ee6,0,3ea119d62ee7c7322e37127edff76b86f20aa870,2021-11-09 01:02:40,3,user1,1636437760
61cb59d20a94691e13217ee5,1,3ea119d62ee7c7322e37127edff76b86f20aa870,2021-11-09 01:12:39,2,user1,1636438359
61cb59d20a94691e13217ee4,1,3ea119d62ee7c7322e37127edff76b86f20aa870,2021-11-09 01:12:56,2,user1,1636438376
61cb59d20a94691e13217ee3,34,3ea119d62ee7c7322e37127edff76b86f20aa870,2021-11-09 01:17:59,1,user1,1636438679
61cb5945e86664e36e1b7d3b,1,3ea119d62ee7c7322e37127edff76b86f20aa870,2021-11-09 01:38:03,2,user1,1636439883
61cb5945e86664e36e1b7d3a,10,3ea119d62ee7c7322e37127edff76b86f20aa870,2021-11-09 01:38:20,1,user1,1636439900
61cb59e5d888f07b8744cec2,84,a64b3398af54e394b299fd13df5c4569736eae16,2021-11-09 19:49:40,2,user1,1636505380
61cb5909205fedd20a536298,27,32d2c6eb9ec8fea602b19b5b465e0ae6803cf7c0,2021-11-10 15:24:30,2,user1,1636575870
61cb5930af053725b523428e,0,a6fb6fbbe3542dae57dda3018a748f6f354b2a82,2021-11-10 17:16:20,3,user1,1636582580
61cb59d1320304ac1614ac66,0,52aab4950026b474c515c4e3951872f736a5f504,2021-11-10 17:30:03,3,user1,1636583403
61cb5959498e177f0127b171,30,3ea119d62ee7c7322e37127edff76b86f20aa870,2021-11-11 01:28:16,1,user1,1636612096
61cb59e6b9b181aec8fe8221,59,a64b3398af54e394b299fd13df5c4569736eae16,2021-11-11 14:07:16,2,user1,1636657636
61cb591d22e7006ef364dd52,2,a64b3398af54e394b299fd13df5c4569736eae16,2021-11-11 19:38:12,2,user1,1636677492
61cb591d22e7006ef364dd51,237,a64b3398af54e394b299fd13df5c4569736eae16,2021-11-11 19:38:59,1,user1,1636677539
61cb591c9583a4a0d6fea30d,11,a64b3398af54e394b299fd13df5c4569736eae16,2021-11-11 22:05:00,1,user1,1636686300
61cb58f5c3d2f616d6e6f89f,0,a64b3398af54e394b299fd13df5c4569736eae16,2021-11-12 20:48:34,2,user1,1636768114
61cb58f5c3d2f616d6e6f89e,459,a64b3398af54e394b299fd13df5c4569736eae16,2021-11-12 20:51:08,1,user1,1636768268
61cb58f5c3d2f616d6e6f89d,375,1c680e923f3e6075ce55680041edb0ee4294f85e,2021-11-12 21:00:59,2,user1,1636768859
61cb59e611d2402fcd396a13,0,3ea119d62ee7c7322e37127edff76b86f20aa870,2021-11-13 00:21:58,3,user1,1636780918
61cb59f9faa612d84397e873,2,3ea119d62ee7c7322e37127edff76b86f20aa870,2021-11-13 01:16:37,2,user1,1636784197
61cb59319a3f106490210406,2,a64b3398af54e394b299fd13df5c4569736eae16,2021-11-13 11:39:42,2,user1,1636821582
61cb59092861da204caee362,21,89150c4da0e866de7ba5c98bee46849c78774923,2021-11-13 14:28:19,2,user1,1636831699
61cb59d22bebc8871147a4ef,183,1c680e923f3e6075ce55680041edb0ee4294f85e,2021-11-13 15:42:57,1,user1,1636836177
61cb59d22bebc8871147a4ee,294,a64b3398af54e394b299fd13df5c4569736eae16,2021-11-13 15:49:58,2,user1,1636836598
61cb5931a756e9904f732cb9,84,a64b3398af54e394b299fd13df5c4569736eae16,2021-11-13 21:51:46,1,user1,1636858306
61cb5931a756e9904f732cb8,11,1c680e923f3e6075ce55680041edb0ee4294f85e,2021-11-13 22:25:30,1,user1,1636860330
61cb5931a756e9904f732cb7,12,1c680e923f3e6075ce55680041edb0ee4294f85e,2021-11-13 22:32:45,2,user1,1636860765
61cb5931a756e9904f732cb6,0,a64b3398af54e394b299fd13df5c4569736eae16,2021-11-13 22:34:34,2,user1,1636860874
61cb5931a756e9904f732cb5,25,a64b3398af54e394b299fd13df5c4569736eae16,2021-11-13 22:36:36,1,user1,1636860996
61cb59314666184345574659,10,89150c4da0e866de7ba5c98bee46849c78774923,2021-11-14 00:30:52,2,user1,1636867852
61cb59314666184345574658,152,a64b3398af54e394b299fd13df5c4569736eae16,2021-11-14 00:36:07,2,user1,1636868167
61cb59096e022496a4e98938,15,49cd391c9119b764866b5b3317f772c22638f574,2021-11-14 01:01:24,1,user1,1636869684
61cb59e6dcbdbe3c94a32b22,398,1c680e923f3e6075ce55680041edb0ee4294f85e,2021-11-14 02:48:44,2,user1,1636876124
61cb593104271cbf7cced0c3,355,32d2c6eb9ec8fea602b19b5b465e0ae6803cf7c0,2021-11-14 14:31:48,2,user1,1636918308
61cb59096860de815da3e5a7,6,a64b3398af54e394b299fd13df5c4569736eae16,2021-11-14 23:18:12,2,user1,1636949892
61cb5a21d3da9024bffebd59,28,a64b3398af54e394b299fd13df5c4569736eae16,2021-11-16 18:04:18,2,user1,1637103858
61cb596d020b303445cd4fd1,0,9ac087a96227669c4bfc0d2497709645473399df,2021-11-16 20:01:57,2,user1,1637110917
61cb59e50004ea85bd7cf4b1,625,1c680e923f3e6075ce55680041edb0ee4294f85e,2021-11-16 23:05:51,2,user1,1637121951
61cb596dafe1f6b6fdbb6f83,139,1c680e923f3e6075ce55680041edb0ee4294f85e,2021-11-17 13:03:23,2,user1,1637172203
61cb596d2ec2581f8a718962,28,1c680e923f3e6075ce55680041edb0ee4294f85e,2021-11-17 21:56:59,2,user1,1637204219
61cb596d2ec2581f8a718961,13,a64b3398af54e394b299fd13df5c4569736eae16,2021-11-17 22:17:45,2,user1,1637205465
61cb596d122a97533d2854cd,0,e6666d0f4c5e67588a15de9af7e3c6e559aa95e3,2021-11-18 12:07:44,3,user1,1637255264
61cb596d149f19c8ba9cb7d8,213,1c680e923f3e6075ce55680041edb0ee4294f85e,2021-11-18 12:50:09,2,user1,1637257809
61cb596dae3ad665debd2a1f,1,a64b3398af54e394b299fd13df5c4569736eae16,2021-11-18 14:43:33,2,user1,1637264613
61cb596cc28d7ddf971b55be,316,a64b3398af54e394b299fd13df5c4569736eae16,2021-11-18 15:22:05,1,user1,1637266925
61cb59aa76e8441706459a12,664,6a68a0f19fa22a965d9215654e278bfa4db1bdb2,2021-11-18 18:58:07,1,user1,1637279887
61cb59f9013956c50b37cc1e,0,f5f9bcf1cc168b830374df32cbdf8c19972cb644,2021-11-19 03:20:29,3,user1,1637310029
61cb5a22fb70752a7cd1ba27,1,eaa49de6d5fcb44b60d71cddd259192985201513,2021-11-19 10:16:44,2,user1,1637335004
61cb5a227450917facbb0f28,212,1c680e923f3e6075ce55680041edb0ee4294f85e,2021-11-19 13:08:53,2,user1,1637345333
61cb5a227450917facbb0f27,1,a64b3398af54e394b299fd13df5c4569736eae16,2021-11-19 13:12:52,2,user1,1637345572
61cb5a227450917facbb0f26,148,a64b3398af54e394b299fd13df5c4569736eae16,2021-11-19 13:16:22,1,user1,1637345782
61cb5a20ac9aa5ba8890b330,544,a64b3398af54e394b299fd13df5c4569736eae16,2021-11-19 14:10:21,1,user1,1637349021
61cb5a35b976b5a1c18ad259,0,6a68a0f19fa22a965d9215654e278bfa4db1bdb2,2021-11-19 20:28:28,3,user1,1637371708
61cb5a5e4e6bd8055fac2c1e,0,1c680e923f3e6075ce55680041edb0ee4294f85e,2021-11-20 11:09:56,3,user1,1637424596
61cb5a358c161b0ed3689b9e,126,1c680e923f3e6075ce55680041edb0ee4294f85e,2021-11-20 12:09:28,2,user1,1637428168
61cb5a49ed06512c02c0456d,20,e3fc77d36a8b96e6cce51991e132f5f410010d84,2021-11-20 17:47:36,2,user1,1637448456
61cb5a49ed06512c02c0456c,40,e3fc77d36a8b96e6cce51991e132f5f410010d84,2021-11-20 18:21:17,2,user1,1637450477
61cb5a4a1e0f0bc6bb090446,29,f51181e35f1fc81dc40512c47bd88921881edb72,2021-11-20 20:25:25,2,user1,1637457925
61cb5a36b3089d3720ec3be8,11,f51181e35f1fc81dc40512c47bd88921881edb72,2021-11-20 20:51:23,1,user1,1637459483
61cb5a36b3089d3720ec3be7,130,1c680e923f3e6075ce55680041edb0ee4294f85e,2021-11-20 20:51:49,1,user1,1637459509
61cb5a35de70e4744aefce63,143,1c680e923f3e6075ce55680041edb0ee4294f85e,2021-11-21 14:53:01,2,user1,1637524381
61cb5a360a3ac1ac09df530c,53,1c680e923f3e6075ce55680041edb0ee4294f85e,2021-11-21 19:47:54,2,user1,1637542074
61cb5a4a4a52257233729dec,2463,a64b3398af54e394b299fd13df5c4569736eae16,2021-11-21 21:47:56,2,user1,1637549276
61cb5a5dff426996c639315a,0,55c42c7bcaea31d851ba4568e6e9d187e426bb2a,2021-11-22 12:07:51,3,user1,1637600871
61cb5a5dff426996c6393159,83,55c42c7bcaea31d851ba4568e6e9d187e426bb2a,2021-11-22 12:19:42,2,user1,1637601582
61cb5a5dff426996c639315f,0,e3f58bff4b93e61019adb0f972c25e8ee26b264f,2021-11-22 13:19:12,2,user1,1637605152
61cb5a5dff426996c639315e,0,e3f58bff4b93e61019adb0f972c25e8ee26b264f,2021-11-22 13:19:53,2,user1,1637605193
61cb5a5dff426996c639315d,0,e3f58bff4b93e61019adb0f972c25e8ee26b264f,2021-11-22 13:20:08,2,user1,1637605208
61cb5a5dff426996c639315c,110,55c42c7bcaea31d851ba4568e6e9d187e426bb2a,2021-11-22 13:21:32,2,user1,1637605292
61cb5a5dff426996c639315b,72,34a2038fd3f94a6a7b2624731ffca2a7a48f8c99,2021-11-22 13:23:43,2,user1,1637605423
61cb5a4a72decf64bafecf72,547,34a2038fd3f94a6a7b2624731ffca2a7a48f8c99,2021-11-22 13:48:38,2,user1,1637606918
61cb5a4a72decf64bafecf71,158,84380865a74dae41532da3e7a8ed8ee881811d,2021-11-22 14:02:04,2,user1,1637607724
61cb5a4a72decf64bafecf70,49,71bfb3fa77945626446d7bb9f1b98ceddb5522bd,2021-11-22 14:05:12,2,user1,1637607912
61cb5a4a72decf64bafecf6f,75,71bfb3fa77945626446d7bb9f1b98ceddb5522bd,2021-11-22 14:06:34,2,user1,1637607994
61cb5a4a72decf64bafecf6e,110,71bfb3fa77945626446d7bb9f1b98ceddb5522bd,2021-11-22 14:34:51,1,user1,1637609691
61cb5a4afe99a420cdc768f0,151,e1251f4b4ed10e0724a9c3ca2e0093565feb5096,2021-11-22 14:56:37,2,user1,1637610997
61cb5a725cce10487b0dcfa4,24,55c42c7bcaea31d851ba4568e6e9d187e426bb2a,2021-11-25 12:09:01,2,user1,1637860141
61cb5a72c5a412f16c76c6d4,2276,4671ffbdd7a25b627a96191ca649b99e917dc35,2021-11-25 19:47:22,1,user1,1637887642
61cb5a720726224115210bec,0,55c42c7bcaea31d851ba4568e6e9d187e426bb2a,2021-12-01 11:48:45,3,user1,1638377325
61cb5a720726224115210beb,37,55c42c7bcaea31d851ba4568e6e9d187e426bb2a,2021-12-01 11:57:43,2,user1,1638377863
61cb5a720726224115210bea,58,55c42c7bcaea31d851ba4568e6e9d187e426bb2a,2021-12-01 12:07:42,1,user1,1638378462
61cb5a721e3e0a32bbdb4ab8,154,55c42c7bcaea31d851ba4568e6e9d187e426bb2a,2021-12-02 19:29:31,1,user1,1638491371
62c392db55e9b207c6334622,30,4ccc14d874d3c638682dded3994d5a6e0cb1a4d1,2021-12-10 14:52:20,2,user1,1639165940
62c392ef320d49812316fde6,58,55c42c7bcaea31d851ba4568e6e9d187e426bb2a,2021-12-14 16:58:57,1,user1,1639519137
62c39275e7951c7555f47d92,246,3fdccb9e3b1b92679653ac946ae5e09dd6fa19f9,2021-12-15 12:38:33,2,user1,1639589913
62c392ee974b0ac2335da02f,48,55c42c7bcaea31d851ba4568e6e9d187e426bb2a,2021-12-29 17:37:15,1,user1,1640817435
62c392748bf4bd385fca3f91,113,55c42c7bcaea31d851ba4568e6e9d187e426bb2a,2021-12-30 13:00:53,2,user1,1640887253
62c392c6a56835ec5106f391,28,a64b3398af54e394b299fd13df5c4569736eae16,2022-01-01 16:25:07,2,user1,1641072307
62c393039195679a991fd0b3,60,754a7846306c520978824fa6ef069077c6e0a5a6,2022-01-06 18:55:48,1,user1,1641513348
62c393039195679a991fd0b2,41,754a7846306c520978824fa6ef069077c6e0a5a6,2022-01-06 19:01:51,1,user1,1641513711
62c3928890b9b91e699a3ab6,24,53eff0258c2c46a666de1323715500f4cbd2bcb,2022-01-18 10:02:03,2,user1,1642518123
62c392efcab808aa0bdc7ecf,230,1c680e923f3e6075ce55680041edb0ee4294f85e,2022-01-20 19:32:50,2,user1,1642725170
62c392efcab808aa0bdc7ed0,35,a64b3398af54e394b299fd13df5c4569736eae16,2022-01-20 20:29:38,1,user1,1642728578
62c3928ab2e510b0f8426714,30,1c680e923f3e6075ce55680041edb0ee4294f85e,2022-01-23 13:23:57,2,user1,1642962237
62c3928a19e82051d529f67b,73,3ea119d62ee7c7322e37127edff76b86f20aa870,2022-02-03 22:46:28,1,user1,1643946388
62c3929e7faaf028e2bff237,17,1c680e923f3e6075ce55680041edb0ee4294f85e,2022-02-05 11:34:02,1,user1,1644078842
62c3929e7faaf028e2bff236,24,1c680e923f3e6075ce55680041edb0ee4294f85e,2022-02-05 11:56:49,1,user1,1644080209
62c392da997202789a14c1e4,11,ab92fbada47b7f01cb101e9e00cb999d9265a317,2022-02-09 13:25:07,2,user1,1644431107
62c392da997202789a14c1e6,122,1c680e923f3e6075ce55680041edb0ee4294f85e,2022-02-09 13:38:19,2,user1,1644431899
62c392da997202789a14c1e5,4,55c42c7bcaea31d851ba4568e6e9d187e426bb2a,2022-02-09 13:46:07,2,user1,1644432367
62c392eef4f7ba47768696a2,0,1c680e923f3e6075ce55680041edb0ee4294f85e,2022-02-11 21:36:01,3,user1,1644633361
62c392eef4f7ba47768696a1,27,1c680e923f3e6075ce55680041edb0ee4294f85e,2022-02-11 21:36:27,2,user1,1644633387
62c3929ececd0865b3cf195b,30,1c680e923f3e6075ce55680041edb0ee4294f85e,2022-02-15 14:28:09,1,user1,1644953289
62c392da2be3a2ce2b342eec,1229,6a68a0f19fa22a965d9215654e278bfa4db1bdb2,2022-02-18 20:33:53,1,user1,1645234433
62c3929de27c9b2afc114638,0,6448328a556d298b0f3e71cf51f5d6ac917c03da,2022-03-01 12:17:52,3,user1,1646155072
62c3929de27c9b2afc114637,0,53722114e8352e5aaaa7fe94e09b66070561d370,2022-03-01 12:19:52,3,user1,1646155192
62c392da69e5d12236e9c553,282,1c680e923f3e6075ce55680041edb0ee4294f85e,2022-03-31 11:50:55,1,user1,1648741855
62c392b27a2b0a676dc8d9ad,0,f51181e35f1fc81dc40512c47bd88921881edb72,2022-04-02 20:14:19,3,user1,1648944859
62c392b27a2b0a676dc8d9ac,0,f51181e35f1fc81dc40512c47bd88921881edb72,2022-04-02 20:14:47,3,user1,1648944887
62c392b27a2b0a676dc8d9ab,0,f51181e35f1fc81dc40512c47bd88921881edb72,2022-04-02 20:15:17,3,user1,1648944917
62c392b27a2b0a676dc8d9aa,0,f51181e35f1fc81dc40512c47bd88921881edb72,2022-04-02 20:15:46,3,user1,1648944946
62c392b27a2b0a676dc8d9a9,6,f51181e35f1fc81dc40512c47bd88921881edb72,2022-04-02 20:16:11,1,user1,1648944971
62c392b26036b7004c4fdf9c,4,1c680e923f3e6075ce55680041edb0ee4294f85e,2022-04-05 00:06:50,2,user1,1649131610
62c393185c8705f39d33ac6b,56,1c680e923f3e6075ce55680041edb0ee4294f85e,2022-04-15 13:52:47,1,user1,1650045167
62c39303703596140e769654,5,1c680e923f3e6075ce55680041edb0ee4294f85e,2022-04-27 11:16:35,2,user1,1651072595
62c39303703596140e769653,1,1c680e923f3e6075ce55680041edb0ee4294f85e,2022-04-27 11:16:47,2,user1,1651072607
62c39303703596140e769652,5,1c680e923f3e6075ce55680041edb0ee4294f85e,2022-04-27 11:18:31,2,user1,1651072711
62c39303703596140e769658,0,1c680e923f3e6075ce55680041edb0ee4294f85e,2022-04-27 11:30:51,3,user1,1651073451
62c39303703596140e769657,5,1c680e923f3e6075ce55680041edb0ee4294f85e,2022-04-27 11:32:47,2,user1,1651073567
62c39303703596140e769656,4,1c680e923f3e6075ce55680041edb0ee4294f85e,2022-04-27 11:33:07,2,user1,1651073587
62c39303703596140e769655,482,1c680e923f3e6075ce55680041edb0ee4294f85e,2022-04-27 11:37:34,1,user1,1651073854
62c393269069bbe2533d81e5,255,43c5ca7e1d9fe2eca968af5257e01d83cab97657,2022-05-04 15:01:22,1,user1,1651690882
62c393269069bbe2533d81e4,19,1c680e923f3e6075ce55680041edb0ee4294f85e,2022-05-04 15:17:30,1,user1,1651691850
62c393034b1712b0c5d79074,112,eaa49de6d5fcb44b60d71cddd259192985201513,2022-05-05 12:18:40,2,user1,1651767520
62c393034b1712b0c5d79073,0,a64b3398af54e394b299fd13df5c4569736eae16,2022-05-05 12:36:33,2,user1,1651768593
62c393188a1c678f0fff26fe,80,a64b3398af54e394b299fd13df5c4569736eae16,2022-05-08 11:50:51,1,user1,1652025051
62c393188a1c678f0fff26fd,18,1c680e923f3e6075ce55680041edb0ee4294f85e,2022-05-08 11:54:10,1,user1,1652025250
62c393264a085a97ab3eec6e,0,1015491a4474a8a579e2458c7ffd5055aab2719b,2022-05-09 11:57:12,3,user1,1652111832
62c3931890f85aeeb5a65894,125,1c680e923f3e6075ce55680041edb0ee4294f85e,2022-05-09 23:54:24,2,user1,1652154864
62c3932658f8903a4d96dc14,0,a64b3398af54e394b299fd13df5c4569736eae16,2022-05-13 12:45:19,3,user1,1652460319
62c3932658f8903a4d96dc16,4,1c680e923f3e6075ce55680041edb0ee4294f85e,2022-05-13 14:05:29,2,user1,1652465129
62c3932658f8903a4d96dc15,167,1c680e923f3e6075ce55680041edb0ee4294f85e,2022-05-13 14:06:29,1,user1,1652465189
62c393183c3f2b9333574dea,738,6a68a0f19fa22a965d9215654e278bfa4db1bdb2,2022-05-15 12:37:39,2,user1,1652632659
62c393183c3f2b9333574de9,0,a64b3398af54e394b299fd13df5c4569736eae16,2022-05-15 13:01:47,3,user1,1652634107
62c393183c3f2b9333574de8,188,a64b3398af54e394b299fd13df5c4569736eae16,2022-05-15 13:07:07,2,user1,1652634427
62c393030e73055f9a5e9d6d,184,20a94ca1a072313e96b18afebb2232dd8c18ea82,2022-05-19 11:32:14,2,user1,1652974334
62c393030e73055f9a5e9d6c,16,603262d2ca26a138b612d1f6cae75a2993dd0e5c,2022-05-19 11:43:42,2,user1,1652975022
62c393030e73055f9a5e9d6b,14,603262d2ca26a138b612d1f6cae75a2993dd0e5c,2022-05-19 11:44:09,2,user1,1652975049
62c393030e73055f9a5e9d6a,8,603262d2ca26a138b612d1f6cae75a2993dd0e5c,2022-05-19 11:44:54,2,user1,1652975094
62c393030e73055f9a5e9d70,0,1c680e923f3e6075ce55680041edb0ee4294f85e,2022-05-19 13:34:05,3,user1,1652981645
62c393030e73055f9a5e9d6f,4,1c680e923f3e6075ce55680041edb0ee4294f85e,2022-05-19 13:59:40,2,user1,1652983180
62c393030e73055f9a5e9d6e,106,1c680e923f3e6075ce55680041edb0ee4294f85e,2022-05-19 14:00:19,1,user1,1652983219
62c39303b098ca2d7bb63345,0,53eff0258c2c46a666de1323715500f4cbd2bcb,2022-05-21 01:12:46,2,user1,1653109966
62c39318a3ac184ae535e536,0,a64b3398af54e394b299fd13df5c4569736eae16,2022-05-21 13:57:07,3,user1,1653155827
62c39317f3447f0a2cd4f024,234,55c42c7bcaea31d851ba4568e6e9d187e426bb2a,2022-05-23 11:46:59,2,user1,1653320819
62c39317f3447f0a2cd4f023,106,a64b3398af54e394b299fd13df5c4569736eae16,2022-05-23 11:51:15,2,user1,1653321075
62c39317f3447f0a2cd4f022,118,4457661c6741fc9d447200d0a440de17e7c8721e,2022-05-23 11:53:43,2,user1,1653321223
62c39317f3447f0a2cd4f021,65,55c42c7bcaea31d851ba4568e6e9d187e426bb2a,2022-05-23 11:56:12,2,user1,1653321372
